ID,POS,CROUTE,PAIRING_START,DUTY_START_FLAG,DUTYDAY,REPORTING,STD,ETD,ATD,STA,ETA,ATA,DDLY,ADLY,S_BLOCK_TIME,A_BLOCK_TIME,PRED_BDDLY,PRED_BLOCK_TIME_DELAY,PRED_TAT_DELAY,DEP,ARR,LEG_FLT,LEGSTATUS,ACTYPE,TAIL,TAIL_SWAP,PAX,PREV_PAX,DOM_INT,Q_INDICATOR,C_INDICATOR,P_INDICATOR,DUTY_ID,SEQUENCE,SEQUENCE_REV,OPS_SEQUENCE_REV,IS_PART_OF_FDP,FIRST_LEG_DH,LAST_LEG_DH,PREV_ARR,ACTUAL_TAT,SCHEDULED_TAT,60_PCTL_BDDLY,70_PCTL_BDDLY,60_PCTL_ATAT,70_PCTL_ATAT,60_PCTL_ABT,70_PCTL_ABT,PREV_ARR_WINDOW,S_DEP_WINDOW,A_DEP_WINDOW,IS_HISTORICAL_DATA,CREATED_AT_IST,CREATED_AT_IST_DAY
88517,2,1199,2026-04-10,0,2026-04-11,,2026-04-11T19:10:00Z,2026-04-11T20:10:00Z,2026-04-11T20:07:00Z,2026-04-11T20:40:00Z,2026-04-11T22:21:00Z,2026-04-11T22:19:00Z,57,99,90,132,0,42,0,AMD,NMI,7018,0,ATR,VTIYO,0,0,0,DOM,0,0,0,3,3,2,2,1,0,0,AMD,30,30,0,0,32,34,132,132,19,19,20,,2026-04-15T21:17:28Z,2026-04-15
71977,2,1199,2026-04-09,0,2026-04-10,,2026-04-10T19:10:00Z,2026-04-10T19:30:00Z,2026-04-10T19:33:00Z,2026-04-10T20:40:00Z,2026-04-10T21:16:00Z,2026-04-10T21:16:00Z,23,36,90,103,0,13,5,AMD,NMI,7018,0,ATR,VTIRE,0,0,0,DOM,0,0,0,5,3,2,2,1,0,0,AMD,35,30,0,0,27,27,103,103,18,19,19,,2026-04-15T21:17:28Z,2026-04-15
49568,1,1199,2026-04-13,0,2026-04-14,,2026-04-14T19:10:00Z,2026-04-14T19:25:00Z,2026-04-14T19:23:00Z,2026-04-14T20:40:00Z,2026-04-14T21:08:00Z,2026-04-14T21:07:00Z,13,27,90,104,0,14,-3,AMD,NMI,7018,0,ATR,VTIYO,0,0,0,DOM,0,0,0,5,3,2,2,1,0,0,AMD,27,30,0,0,27,27,103,103,18,19,19,1,2026-04-15T21:17:28Z,2026-04-15
76960,2,1199,2026-04-05,0,2026-04-06,,2026-04-06T19:10:00Z,2026-04-06T19:25:00Z,2026-04-06T19:11:00Z,2026-04-06T20:40:00Z,2026-04-06T20:54:00Z,2026-04-06T20:53:00Z,1,13,90,102,0,12,-7,AMD,NMI,7018,0,ATR,VTIYJ,0,0,0,DOM,0,0,0,2,3,2,2,1,0,0,AMD,23,30,0,0,27,27,103,103,18,19,19,,2026-04-15T21:17:28Z,2026-04-15
56827,1,1199,2026-04-09,0,2026-04-10,,2026-04-10T19:10:00Z,2026-04-10T19:30:00Z,2026-04-10T19:33:00Z,2026-04-10T20:40:00Z,2026-04-10T21:16:00Z,2026-04-10T21:16:00Z,23,36,90,103,0,13,5,AMD,NMI,7018,0,ATR,VTIRE,0,0,0,DOM,0,0,0,5,3,2,2,1,0,0,AMD,35,30,0,0,27,27,103,103,18,19,19,1,2026-04-15T21:17:28Z,2026-04-15
85872,2,1199,2026-04-12,0,2026-04-13,,2026-04-13T19:10:00Z,2026-04-13T19:20:00Z,2026-04-13T19:13:00Z,2026-04-13T20:40:00Z,2026-04-13T20:51:00Z,2026-04-13T20:55:00Z,3,15,90,102,0,12,-4,AMD,NMI,7018,0,ATR,VTIRO,0,0,0,DOM,0,0,0,4,3,2,2,1,0,0,AMD,26,30,0,0,27,27,103,103,18,19,19,,2026-04-15T21:17:28Z,2026-04-15
30009,1,1199,2026-04-12,0,2026-04-13,,2026-04-13T19:10:00Z,2026-04-13T19:20:00Z,2026-04-13T19:13:00Z,2026-04-13T20:40:00Z,2026-04-13T20:51:00Z,2026-04-13T20:55:00Z,3,15,90,102,0,12,-4,AMD,NMI,7018,0,ATR,VTIRO,0,0,0,DOM,0,0,0,5,3,2,2,1,0,0,AMD,26,30,0,0,27,27,103,103,18,19,19,1,2026-04-15T21:17:28Z,2026-04-15
30009,1,1199,2026-04-05,0,2026-04-06,,2026-04-06T19:10:00Z,2026-04-06T19:25:00Z,2026-04-06T19:11:00Z,2026-04-06T20:40:00Z,2026-04-06T20:54:00Z,2026-04-06T20:53:00Z,1,13,90,102,0,12,-7,AMD,NMI,7018,0,ATR,VTIYJ,0,0,0,DOM,0,0,0,2,3,2,2,1,0,0,AMD,23,30,0,0,27,27,103,103,18,19,19,,2026-04-15T21:17:28Z,2026-04-15
67038,2,1199,2026-04-13,0,2026-04-14,,2026-04-14T19:10:00Z,2026-04-14T19:25:00Z,2026-04-14T19:23:00Z,2026-04-14T20:40:00Z,2026-04-14T21:08:00Z,2026-04-14T21:07:00Z,13,27,90,104,0,14,-3,AMD,NMI,7018,0,ATR,VTIYO,0,0,0,DOM,0,0,0,6,3,2,2,1,0,0,AMD,27,30,0,0,27,27,103,103,18,19,19,,2026-04-15T21:17:28Z,2026-04-15
78812,2,1199,2026-04-04,0,2026-04-05,,2026-04-05T19:10:00Z,2026-04-05T19:55:00Z,2026-04-05T19:49:00Z,2026-04-05T20:40:00Z,2026-04-05T21:32:00Z,2026-04-05T21:30:00Z,39,50,90,101,0,11,-5,AMD,NMI,7018,0,ATR,VTIYJ,0,0,0,DOM,0,0,0,2,3,2,2,1,0,0,AMD,25,30,0,0,32,34,103,103,19,19,19,,2026-04-15T21:17:28Z,2026-04-15
80859,1,1199,2026-04-03,0,2026-04-04,,2026-04-04T19:10:00Z,2026-04-04T19:55:00Z,2026-04-04T19:34:00Z,2026-04-04T20:40:00Z,2026-04-04T21:18:00Z,2026-04-04T21:16:00Z,24,36,90,102,0,12,3,AMD,NMI,7018,0,ATR,VTIYG,0,0,0,DOM,0,0,0,2,3,2,2,1,0,0,AMD,33,30,0,0,32,34,103,103,19,19,19,,2026-04-15T21:17:28Z,2026-04-15
89626,2,1199,2026-04-07,0,2026-04-08,,2026-04-08T19:10:00Z,2026-04-08T19:45:00Z,2026-04-08T19:40:00Z,2026-04-08T20:40:00Z,2026-04-08T21:24:00Z,2026-04-08T21:26:00Z,30,46,90,106,0,16,-8,AMD,NMI,7018,0,ATR,VTIYE,0,0,0,DOM,0,0,0,4,3,2,2,1,0,0,AMD,22,30,0,0,32,34,103,103,19,19,19,,2026-04-15T21:17:28Z,2026-04-15
37566,1,1199,2026-04-07,0,2026-04-08,,2026-04-08T19:10:00Z,2026-04-08T19:45:00Z,2026-04-08T19:40:00Z,2026-04-08T20:40:00Z,2026-04-08T21:24:00Z,2026-04-08T21:26:00Z,30,46,90,106,0,16,-8,AMD,NMI,7018,0,ATR,VTIYE,0,0,0,DOM,0,0,0,4,3,2,2,1,0,0,AMD,22,30,0,0,32,34,103,103,19,19,19,1,2026-04-15T21:17:28Z,2026-04-15
82998,2,1199,2026-04-11,0,2026-04-12,,2026-04-12T19:10:00Z,2026-04-12T19:30:00Z,2026-04-12T19:31:00Z,2026-04-12T20:40:00Z,2026-04-12T21:06:00Z,2026-04-12T21:03:00Z,21,23,90,92,0,2,-4,AMD,NMI,7018,0,ATR,VTIRQ,0,0,0,DOM,0,0,0,4,3,2,2,1,0,0,AMD,26,30,0,0,32,34,103,103,19,19,19,,2026-04-15T21:17:28Z,2026-04-15
71977,2,1199,2026-04-09,0,2026-04-10,,2026-04-10T21:10:00Z,2026-04-10T21:45:00Z,2026-04-10T21:39:00Z,2026-04-10T22:35:00Z,2026-04-10T23:16:00Z,2026-04-10T23:21:00Z,29,46,85,102,0,17,-7,NMI,AMD,7017,0,ATR,VTIRE,0,0,0,DOM,0,0,0,5,4,1,1,1,0,0,NMI,23,30,0,0,28,28,96,102,21,21,21,,2026-04-15T21:17:28Z,2026-04-15
49568,1,1199,2026-04-13,0,2026-04-14,,2026-04-14T21:10:00Z,2026-04-14T21:40:00Z,2026-04-14T21:37:00Z,2026-04-14T22:35:00Z,2026-04-14T23:09:00Z,2026-04-14T23:08:00Z,27,33,85,91,0,6,0,NMI,AMD,7017,0,ATR,VTIYO,0,0,0,DOM,0,0,0,5,4,1,1,1,0,0,NMI,30,30,0,0,28,28,96,102,21,21,21,1,2026-04-15T21:17:28Z,2026-04-15
78812,2,1199,2026-04-04,0,2026-04-05,,2026-04-05T21:10:00Z,2026-04-05T22:00:00Z,2026-04-05T22:01:00Z,2026-04-05T22:35:00Z,2026-04-05T23:37:00Z,2026-04-05T23:48:00Z,51,73,85,107,0,22,1,NMI,AMD,7017,0,ATR,VTIYJ,0,0,0,DOM,0,0,0,2,4,1,1,1,0,0,NMI,31,30,0,0,28,28,104,104,21,21,22,,2026-04-15T21:17:28Z,2026-04-15
80859,1,1199,2026-04-03,0,2026-04-04,,2026-04-04T21:10:00Z,2026-04-04T22:00:00Z,2026-04-04T22:13:00Z,2026-04-04T22:35:00Z,2026-04-04T23:44:00Z,2026-04-04T23:43:00Z,63,68,85,90,0,5,27,NMI,AMD,7017,0,ATR,VTIYG,0,0,0,DOM,0,0,0,2,4,1,1,1,0,0,NMI,57,30,0,0,28,28,104,104,21,21,22,,2026-04-15T21:17:28Z,2026-04-15
89626,2,1199,2026-04-07,0,2026-04-08,,2026-04-08T21:10:00Z,2026-04-08T21:55:00Z,2026-04-08T21:47:00Z,2026-04-08T22:35:00Z,2026-04-08T23:32:00Z,2026-04-08T23:35:00Z,37,60,85,108,0,23,-9,NMI,AMD,7017,0,ATR,VTIYE,0,0,0,DOM,0,0,0,4,4,1,1,1,0,0,NMI,21,30,0,0,28,28,96,102,21,21,21,,2026-04-15T21:17:28Z,2026-04-15
56827,1,1199,2026-04-09,0,2026-04-10,,2026-04-10T21:10:00Z,2026-04-10T21:45:00Z,2026-04-10T21:39:00Z,2026-04-10T22:35:00Z,2026-04-10T23:16:00Z,2026-04-10T23:21:00Z,29,46,85,102,0,17,-7,NMI,AMD,7017,0,ATR,VTIRE,0,0,0,DOM,0,0,0,5,4,1,1,1,0,0,NMI,23,30,0,0,28,28,96,102,21,21,21,1,2026-04-15T21:17:28Z,2026-04-15
37566,1,1199,2026-04-07,0,2026-04-08,,2026-04-08T21:10:00Z,2026-04-08T21:55:00Z,2026-04-08T21:47:00Z,2026-04-08T22:35:00Z,2026-04-08T23:32:00Z,2026-04-08T23:35:00Z,37,60,85,108,0,23,-9,NMI,AMD,7017,0,ATR,VTIYE,0,0,0,DOM,0,0,0,4,4,1,1,1,0,0,NMI,21,30,0,0,28,28,96,102,21,21,21,1,2026-04-15T21:17:28Z,2026-04-15
82998,2,1199,2026-04-11,0,2026-04-12,,2026-04-12T21:10:00Z,2026-04-12T21:40:00Z,2026-04-12T21:31:00Z,2026-04-12T22:35:00Z,2026-04-12T23:07:00Z,2026-04-12T23:07:00Z,21,32,85,96,0,11,-2,NMI,AMD,7017,0,ATR,VTIRQ,0,0,0,DOM,0,0,0,4,4,1,1,1,0,0,NMI,28,30,0,0,28,28,96,102,21,21,21,,2026-04-15T21:17:28Z,2026-04-15
67038,2,1199,2026-04-13,0,2026-04-14,,2026-04-14T21:10:00Z,2026-04-14T21:40:00Z,2026-04-14T21:37:00Z,2026-04-14T22:35:00Z,2026-04-14T23:09:00Z,2026-04-14T23:08:00Z,27,33,85,91,0,6,0,NMI,AMD,7017,0,ATR,VTIYO,0,0,0,DOM,0,0,0,6,4,1,1,1,0,0,NMI,30,30,0,0,28,28,96,102,21,21,21,,2026-04-15T21:17:28Z,2026-04-15
76960,2,1199,2026-04-05,0,2026-04-06,,2026-04-06T21:10:00Z,2026-04-06T21:20:00Z,2026-04-06T21:18:00Z,2026-04-06T22:35:00Z,2026-04-06T22:51:00Z,2026-04-06T22:54:00Z,8,19,85,96,0,11,-5,NMI,AMD,7017,0,ATR,VTIYJ,0,0,0,DOM,0,0,0,2,4,1,1,1,0,0,NMI,25,30,0,0,60,60,96,102,20,21,21,,2026-04-15T21:17:28Z,2026-04-15
85872,2,1199,2026-04-12,0,2026-04-13,,2026-04-13T21:10:00Z,2026-04-13T21:20:00Z,2026-04-13T21:17:00Z,2026-04-13T22:35:00Z,2026-04-13T22:48:00Z,2026-04-13T22:50:00Z,7,15,85,93,0,8,-8,NMI,AMD,7017,0,ATR,VTIRO,0,0,0,DOM,0,0,0,4,4,1,1,1,0,0,NMI,22,30,0,0,60,60,96,102,20,21,21,,2026-04-15T21:17:28Z,2026-04-15
30009,1,1199,2026-04-12,0,2026-04-13,,2026-04-13T21:10:00Z,2026-04-13T21:20:00Z,2026-04-13T21:17:00Z,2026-04-13T22:35:00Z,2026-04-13T22:48:00Z,2026-04-13T22:50:00Z,7,15,85,93,0,8,-8,NMI,AMD,7017,0,ATR,VTIRO,0,0,0,DOM,0,0,0,5,4,1,1,1,0,0,NMI,22,30,0,0,60,60,96,102,20,21,21,1,2026-04-15T21:17:28Z,2026-04-15
30009,1,1199,2026-04-05,0,2026-04-06,,2026-04-06T21:10:00Z,2026-04-06T21:20:00Z,2026-04-06T21:18:00Z,2026-04-06T22:35:00Z,2026-04-06T22:51:00Z,2026-04-06T22:54:00Z,8,19,85,96,0,11,-5,NMI,AMD,7017,0,ATR,VTIYJ,0,0,0,DOM,0,0,0,2,4,1,1,1,0,0,NMI,25,30,0,0,60,60,96,102,20,21,21,,2026-04-15T21:17:28Z,2026-04-15
88517,2,1199,2026-04-10,0,2026-04-11,,2026-04-11T21:10:00Z,2026-04-11T22:50:00Z,2026-04-11T22:51:00Z,2026-04-11T22:35:00Z,2026-04-12T00:28:00Z,2026-04-12T00:35:00Z,101,120,85,104,0,19,2,NMI,AMD,7017,0,ATR,VTIYO,0,0,0,DOM,0,0,0,3,4,1,1,1,0,0,NMI,32,30,0,0,60,60,104,104,22,21,22,,2026-04-15T21:17:28Z,2026-04-15
43904,2,3909,2026-04-15,0,2026-04-15,,2026-04-15T14:40:00Z,2026-04-15T14:55:00Z,2026-04-15T15:07:00Z,2026-04-15T16:55:00Z,2026-04-15T17:21:00Z,2026-04-15T17:23:00Z,27,28,135,136,0,1,13,HYD,DEL,711,0,321,VTIWS,0,0,0,DOM,0,0,0,7,2,1,1,1,0,0,HYD,53,40,0,0,53,54,169,169,14,14,15,,2026-04-15T21:17:28Z,2026-04-15
15088,1,3909,2026-04-03,0,2026-04-03,,2026-04-03T14:40:00Z,2026-04-03T15:00:00Z,2026-04-03T14:58:00Z,2026-04-03T16:55:00Z,2026-04-03T17:04:00Z,2026-04-03T17:07:00Z,18,12,135,129,0,-6,-1,HYD,DEL,711,0,321,VTNCW,0,0,0,DOM,0,0,0,1,2,1,1,1,0,0,HYD,39,40,0,0,53,54,150,150,14,14,14,,2026-04-15T21:17:28Z,2026-04-15
18381,1,3909,2026-04-10,0,2026-04-10,,2026-04-10T14:40:00Z,2026-04-10T15:05:00Z,2026-04-10T15:22:00Z,2026-04-10T16:55:00Z,2026-04-10T17:51:00Z,2026-04-10T17:56:00Z,42,61,135,154,0,19,14,HYD,DEL,711,0,321,VTNHC,0,0,0,DOM,0,0,0,5,2,1,1,1,0,0,HYD,54,40,0,0,53,54,169,169,14,14,15,1,2026-04-15T21:17:28Z,2026-04-15
18481,1,3909,2026-04-15,0,2026-04-15,,2026-04-15T14:40:00Z,2026-04-15T14:55:00Z,2026-04-15T15:07:00Z,2026-04-15T16:55:00Z,2026-04-15T17:21:00Z,2026-04-15T17:23:00Z,27,28,135,136,0,1,13,HYD,DEL,711,0,321,VTIWS,0,0,0,DOM,0,0,0,9,2,1,1,1,0,0,HYD,53,40,0,0,53,54,169,169,14,14,15,1,2026-04-15T21:17:28Z,2026-04-15
21516,1,3909,2026-04-05,0,2026-04-05,,2026-04-05T14:40:00Z,2026-04-05T14:55:00Z,2026-04-05T15:08:00Z,2026-04-05T16:55:00Z,2026-04-05T17:36:00Z,2026-04-05T17:41:00Z,28,46,135,153,0,18,20,HYD,DEL,711,0,321,VTNCZ,0,0,0,DOM,0,0,0,3,2,1,1,1,0,0,HYD,60,40,0,0,53,54,169,169,14,14,15,,2026-04-15T21:17:28Z,2026-04-15
62973,2,3909,2026-04-07,0,2026-04-07,,2026-04-07T20:00:00Z,2026-04-07T21:20:00Z,2026-04-07T21:16:00Z,2026-04-07T21:20:00Z,2026-04-07T23:03:00Z,2026-04-07T23:04:00Z,76,104,80,108,0,28,-9,UDR,DEL,6229,0,320,VTIIA,0,0,0,DOM,0,0,0,3,4,1,1,1,0,0,UDR,26,35,0,0,60,60,,,20,20,21,,2026-04-15T21:17:28Z,2026-04-15
22452,1,3909,2026-04-11,0,2026-04-11,,2026-04-11T20:00:00Z,2026-04-11T20:35:00Z,2026-04-11T20:51:00Z,2026-04-11T21:20:00Z,2026-04-11T22:05:00Z,2026-04-11T22:12:00Z,51,52,80,81,0,1,17,UDR,DEL,6229,0,320,VTIKK,0,0,0,DOM,0,0,0,4,4,1,1,1,0,0,UDR,52,35,0,0,33,36,81,81,19,20,20,1,2026-04-15T21:17:28Z,2026-04-15
64998,2,3909,2026-04-04,0,2026-04-04,,2026-04-04T20:00:00Z,2026-04-04T20:10:00Z,2026-04-04T20:16:00Z,2026-04-04T21:20:00Z,2026-04-04T21:30:00Z,2026-04-04T21:33:00Z,16,13,80,77,0,-3,1,UDR,DEL,6229,0,320,VTIQI,0,0,0,DOM,0,0,0,1,4,1,1,1,0,0,UDR,36,35,0,0,33,36,81,81,19,20,20,,2026-04-15T21:17:28Z,2026-04-15
69116,2,3909,2026-04-12,0,2026-04-12,,2026-04-12T20:00:00Z,2026-04-12T20:25:00Z,2026-04-12T20:24:00Z,2026-04-12T21:20:00Z,2026-04-12T21:41:00Z,2026-04-12T21:45:00Z,24,25,80,81,0,1,1,UDR,DEL,6229,0,320,VTIKK,0,0,0,DOM,0,0,0,5,4,1,1,1,0,0,UDR,36,35,0,0,33,36,81,81,19,20,20,,2026-04-15T21:17:28Z,2026-04-15
78812,2,1199,2026-04-14,0,2026-04-15,,2026-04-15T17:30:00Z,2026-04-15T17:55:00Z,2026-04-15T17:43:00Z,2026-04-15T18:40:00Z,2026-04-15T18:56:00Z,2026-04-15T18:57:00Z,13,17,70,74,0,4,1,ISK,AMD,7219,0,ATR,VTIYP,0,0,0,DOM,0,0,0,6,2,1,1,1,0,0,ISK,21,20,0,0,21,21,81,81,17,17,17,,2026-04-15T21:17:28Z,2026-04-15
35925,1,4681,2026-04-06,0,2026-04-06,,2026-04-06T16:55:00Z,2026-04-06T17:25:00Z,2026-04-06T17:15:00Z,2026-04-06T19:15:00Z,2026-04-06T19:20:00Z,2026-04-06T19:28:00Z,20,13,140,133,0,-7,-13,AMD,BLR,863,0,320,VTIAX,0,0,0,DOM,0,0,0,3,4,1,1,1,0,0,AMD,42,55,0,0,45,51,137,137,16,16,17,,2026-04-15T21:17:28Z,2026-04-15
78919,2,4681,2026-04-06,0,2026-04-06,,2026-04-06T16:55:00Z,2026-04-06T17:25:00Z,2026-04-06T17:15:00Z,2026-04-06T19:15:00Z,2026-04-06T19:20:00Z,2026-04-06T19:28:00Z,20,13,140,133,0,-7,-13,AMD,BLR,863,0,320,VTIAX,0,0,0,DOM,0,0,0,3,4,1,1,1,0,0,AMD,42,55,0,0,45,51,137,137,16,16,17,,2026-04-15T21:17:28Z,2026-04-15
37552,1,F9271,2026-04-08,0,2026-04-08,,2026-04-09T04:00:00Z,2026-04-09T04:35:00Z,2026-04-09T04:32:00Z,2026-04-09T06:05:00Z,2026-04-09T06:58:00Z,2026-04-09T06:58:00Z,32,53,125,146,0,21,55,CCU,DEL,9423,0,321,VTIKW,1,0,1,DOM,0,0,0,5,2,1,1,1,0,0,CCU,290,235,0,0,60,60,146,146,23,4,4,1,2026-04-15T21:17:28Z,2026-04-15
89774,2,F9271,2026-04-08,0,2026-04-08,,2026-04-09T04:00:00Z,2026-04-09T04:35:00Z,2026-04-09T04:32:00Z,2026-04-09T06:05:00Z,2026-04-09T06:58:00Z,2026-04-09T06:58:00Z,32,53,125,146,0,21,55,CCU,DEL,9423,0,321,VTIKW,1,0,1,DOM,0,0,0,1,2,1,1,1,0,0,CCU,290,235,0,0,60,60,146,146,23,4,4,,2026-04-15T21:17:28Z,2026-04-15
39854,1,3909,2026-04-09,0,2026-04-09,,2026-04-09T14:40:00Z,2026-04-09T14:55:00Z,2026-04-09T14:56:00Z,2026-04-09T16:55:00Z,2026-04-09T17:16:00Z,2026-04-09T17:19:00Z,16,24,135,143,0,8,3,HYD,DEL,711,0,321,VTNCD,0,0,0,DOM,0,0,0,4,2,3,3,1,0,0,HYD,43,40,0,0,53,54,150,150,14,14,14,1,2026-04-15T21:17:28Z,2026-04-15
62973,2,3909,2026-04-07,0,2026-04-07,,2026-04-07T14:40:00Z,2026-04-07T15:10:00Z,2026-04-07T15:06:00Z,2026-04-07T16:55:00Z,2026-04-07T17:39:00Z,2026-04-07T17:44:00Z,26,49,135,158,0,23,1,HYD,DEL,711,0,321,VTNCW,0,0,0,DOM,0,0,0,3,2,3,3,1,0,0,HYD,41,40,0,0,53,54,169,169,14,14,15,,2026-04-15T21:17:28Z,2026-04-15
64998,2,3909,2026-04-04,0,2026-04-04,,2026-04-04T14:40:00Z,2026-04-04T15:00:00Z,2026-04-04T15:05:00Z,2026-04-04T16:55:00Z,2026-04-04T17:15:00Z,2026-04-04T17:19:00Z,25,24,135,134,0,-1,2,HYD,DEL,711,0,321,VTICM,0,0,0,DOM,0,0,0,1,2,3,3,1,0,0,HYD,42,40,0,0,53,54,169,169,14,14,15,,2026-04-15T21:17:28Z,2026-04-15
69116,2,3909,2026-04-12,0,2026-04-12,,2026-04-12T14:40:00Z,2026-04-12T15:00:00Z,2026-04-12T14:53:00Z,2026-04-12T16:55:00Z,2026-04-12T17:08:00Z,2026-04-12T17:11:00Z,13,16,135,138,0,3,12,HYD,DEL,711,0,321,VTNHE,0,0,0,DOM,0,0,0,5,2,3,3,1,0,0,HYD,52,40,0,0,53,54,150,150,14,14,14,,2026-04-15T21:17:28Z,2026-04-15
22452,1,3909,2026-04-11,0,2026-04-11,,2026-04-11T14:40:00Z,2026-04-11T14:55:00Z,2026-04-11T14:53:00Z,2026-04-11T16:55:00Z,2026-04-11T17:07:00Z,2026-04-11T17:15:00Z,13,20,135,142,0,7,16,HYD,DEL,711,0,321,VTICH,0,0,0,DOM,0,0,0,4,2,3,3,1,0,0,HYD,56,40,0,0,52,57,150,150,13,14,14,1,2026-04-15T21:17:28Z,2026-04-15
22452,1,3909,2026-04-11,0,2026-04-11,,2026-04-11T18:10:00Z,2026-04-11T18:25:00Z,2026-04-11T18:36:00Z,2026-04-11T19:25:00Z,2026-04-11T20:02:00Z,2026-04-11T19:59:00Z,26,34,75,83,0,8,6,DEL,UDR,6228,0,320,VTIKK,1,0,0,DOM,0,0,0,4,3,2,2,1,0,0,DEL,81,75,0,0,100,109,78,83,17,18,18,1,2026-04-15T21:17:28Z,2026-04-15
62973,2,3909,2026-04-07,0,2026-04-07,,2026-04-07T18:10:00Z,2026-04-07T19:00:00Z,2026-04-07T19:19:00Z,2026-04-07T19:25:00Z,2026-04-07T20:52:00Z,2026-04-07T20:50:00Z,69,85,75,91,0,16,20,DEL,UDR,6228,0,320,VTIIA,1,0,0,DOM,0,0,0,3,3,2,2,1,0,0,DEL,95,75,0,0,100,109,,,17,18,19,,2026-04-15T21:17:28Z,2026-04-15
69116,2,3909,2026-04-12,0,2026-04-12,,2026-04-12T18:10:00Z,2026-04-12T18:40:00Z,2026-04-12T18:36:00Z,2026-04-12T19:25:00Z,2026-04-12T19:50:00Z,2026-04-12T19:48:00Z,26,23,75,72,0,-3,10,DEL,UDR,6228,0,320,VTIKK,1,0,0,DOM,0,0,0,5,3,2,2,1,0,0,DEL,85,75,0,0,100,109,78,83,17,18,18,,2026-04-15T21:17:28Z,2026-04-15
35925,1,4681,2026-04-06,0,2026-04-06,,2026-04-06T13:55:00Z,2026-04-06T14:05:00Z,2026-04-06T14:15:00Z,2026-04-06T16:00:00Z,2026-04-06T16:33:00Z,2026-04-06T16:33:00Z,20,33,125,138,0,13,18,BLR,AMD,6595,0,320,VTIAX,1,0,0,DOM,0,0,0,3,3,2,2,1,0,0,BLR,78,60,0,0,138,154,140,140,12,13,14,,2026-04-15T21:17:28Z,2026-04-15
78919,2,4681,2026-04-06,0,2026-04-06,,2026-04-06T13:55:00Z,2026-04-06T14:05:00Z,2026-04-06T14:15:00Z,2026-04-06T16:00:00Z,2026-04-06T16:33:00Z,2026-04-06T16:33:00Z,20,33,125,138,0,13,18,BLR,AMD,6595,0,320,VTIAX,1,0,0,DOM,0,0,0,3,3,2,2,1,0,0,BLR,78,60,0,0,138,154,140,140,12,13,14,,2026-04-15T21:17:28Z,2026-04-15
49568,1,1199,2026-04-13,0,2026-04-14,,2026-04-14T17:30:00Z,2026-04-14T17:30:00Z,2026-04-14T17:40:00Z,2026-04-14T18:40:00Z,2026-04-14T18:56:00Z,2026-04-14T18:56:00Z,10,16,70,76,0,6,10,ISK,AMD,7219,0,ATR,VTIYO,0,0,0,DOM,0,0,0,5,2,3,3,1,0,0,ISK,30,20,0,0,21,21,81,81,17,17,17,1,2026-04-15T21:17:28Z,2026-04-15
80859,1,1199,2026-04-03,0,2026-04-04,,2026-04-04T17:30:00Z,2026-04-04T17:50:00Z,2026-04-04T17:48:00Z,2026-04-04T18:40:00Z,2026-04-04T19:02:00Z,2026-04-04T19:01:00Z,18,21,70,73,0,3,-1,ISK,AMD,7219,0,ATR,VTIYG,0,0,0,DOM,0,0,0,2,2,3,3,1,0,0,ISK,19,20,0,0,21,21,81,81,17,17,17,,2026-04-15T21:17:28Z,2026-04-15
76960,2,1199,2026-04-05,0,2026-04-06,,2026-04-06T17:30:00Z,2026-04-06T17:40:00Z,2026-04-06T17:31:00Z,2026-04-06T18:40:00Z,2026-04-06T18:48:00Z,2026-04-06T18:48:00Z,1,8,70,77,0,7,1,ISK,AMD,7219,0,ATR,VTIYJ,0,0,0,DOM,0,0,0,2,2,3,3,1,0,0,ISK,21,20,0,0,21,21,81,81,17,17,17,,2026-04-15T21:17:28Z,2026-04-15
89626,2,1199,2026-04-07,0,2026-04-08,,2026-04-08T17:30:00Z,2026-04-08T17:50:00Z,2026-04-08T17:51:00Z,2026-04-08T18:40:00Z,2026-04-08T19:16:00Z,2026-04-08T19:18:00Z,21,38,70,87,0,17,-3,ISK,AMD,7219,0,ATR,VTIYE,0,0,0,DOM,0,0,0,4,2,3,3,1,0,0,ISK,17,20,0,0,21,21,81,81,17,17,17,,2026-04-15T21:17:28Z,2026-04-15
85872,2,1199,2026-04-12,0,2026-04-13,,2026-04-13T17:30:00Z,2026-04-13T17:35:00Z,2026-04-13T17:30:00Z,2026-04-13T18:40:00Z,2026-04-13T18:48:00Z,2026-04-13T18:47:00Z,0,7,70,77,0,7,1,ISK,AMD,7219,0,ATR,VTIRO,0,0,0,DOM,0,0,0,4,2,3,3,1,0,0,ISK,21,20,0,0,21,21,81,81,17,17,17,,2026-04-15T21:17:28Z,2026-04-15
37566,1,1199,2026-04-07,0,2026-04-08,,2026-04-08T17:30:00Z,2026-04-08T17:50:00Z,2026-04-08T17:51:00Z,2026-04-08T18:40:00Z,2026-04-08T19:16:00Z,2026-04-08T19:18:00Z,21,38,70,87,0,17,-3,ISK,AMD,7219,0,ATR,VTIYE,0,0,0,DOM,0,0,0,4,2,3,3,1,0,0,ISK,17,20,0,0,21,21,81,81,17,17,17,1,2026-04-15T21:17:28Z,2026-04-15
82998,2,1199,2026-04-11,0,2026-04-12,,2026-04-12T17:30:00Z,2026-04-12T17:45:00Z,2026-04-12T17:44:00Z,2026-04-12T18:40:00Z,2026-04-12T19:04:00Z,2026-04-12T19:05:00Z,14,25,70,81,0,11,3,ISK,AMD,7219,0,ATR,VTIRQ,0,0,0,DOM,0,0,0,4,2,3,3,1,0,0,ISK,23,20,0,0,21,21,81,81,17,17,17,,2026-04-15T21:17:28Z,2026-04-15
30009,1,1199,2026-04-12,0,2026-04-13,,2026-04-13T17:30:00Z,2026-04-13T17:35:00Z,2026-04-13T17:30:00Z,2026-04-13T18:40:00Z,2026-04-13T18:48:00Z,2026-04-13T18:47:00Z,0,7,70,77,0,7,1,ISK,AMD,7219,0,ATR,VTIRO,0,0,0,DOM,0,0,0,5,2,3,3,1,0,0,ISK,21,20,0,0,21,21,81,81,17,17,17,1,2026-04-15T21:17:28Z,2026-04-15
30009,1,1199,2026-04-05,0,2026-04-06,,2026-04-06T17:30:00Z,2026-04-06T17:40:00Z,2026-04-06T17:31:00Z,2026-04-06T18:40:00Z,2026-04-06T18:48:00Z,2026-04-06T18:48:00Z,1,8,70,77,0,7,1,ISK,AMD,7219,0,ATR,VTIYJ,0,0,0,DOM,0,0,0,2,2,3,3,1,0,0,ISK,21,20,0,0,21,21,81,81,17,17,17,,2026-04-15T21:17:28Z,2026-04-15
67038,2,1199,2026-04-13,0,2026-04-14,,2026-04-14T17:30:00Z,2026-04-14T17:30:00Z,2026-04-14T17:40:00Z,2026-04-14T18:40:00Z,2026-04-14T18:56:00Z,2026-04-14T18:56:00Z,10,16,70,76,0,6,10,ISK,AMD,7219,0,ATR,VTIYO,0,0,0,DOM,0,0,0,6,2,3,3,1,0,0,ISK,30,20,0,0,21,21,81,81,17,17,17,,2026-04-15T21:17:28Z,2026-04-15
78812,2,1199,2026-04-04,0,2026-04-05,,2026-04-05T17:30:00Z,2026-04-05T18:05:00Z,2026-04-05T18:06:00Z,2026-04-05T18:40:00Z,2026-04-05T19:22:00Z,2026-04-05T19:24:00Z,36,44,70,78,0,8,2,ISK,AMD,7219,0,ATR,VTIYJ,0,0,0,DOM,0,0,0,2,2,3,3,1,0,0,ISK,22,20,0,0,21,21,87,87,17,17,18,,2026-04-15T21:17:28Z,2026-04-15
88517,2,1199,2026-04-10,0,2026-04-11,,2026-04-11T17:30:00Z,2026-04-11T18:00:00Z,2026-04-11T18:10:00Z,2026-04-11T18:40:00Z,2026-04-11T19:38:00Z,2026-04-11T19:37:00Z,40,57,70,87,0,17,12,ISK,AMD,7219,0,ATR,VTIYO,0,0,0,DOM,0,0,0,3,2,3,3,1,0,0,ISK,32,20,0,0,21,21,87,87,17,17,18,,2026-04-15T21:17:28Z,2026-04-15
78812,2,1199,2026-04-14,1,2026-04-15,2026-04-15T14:50:00Z,2026-04-15T15:35:00Z,2026-04-15T15:45:00Z,2026-04-15T15:42:00Z,2026-04-15T17:10:00Z,2026-04-15T17:24:00Z,2026-04-15T17:22:00Z,7,12,95,100,7,5,0,HYD,ISK,7136,0,ATR,VTIYP,0,0,,DOM,0,0,0,6,1,2,2,1,0,0,,0,0,3,7,0,0,112,112,,15,15,,2026-04-15T21:17:28Z,2026-04-15
49568,1,1199,2026-04-13,1,2026-04-14,2026-04-14T14:40:00Z,2026-04-14T15:35:00Z,2026-04-14T15:25:00Z,2026-04-14T15:27:00Z,2026-04-14T17:10:00Z,2026-04-14T17:12:00Z,2026-04-14T17:10:00Z,-8,0,95,103,-8,8,0,HYD,ISK,7136,0,ATR,VTIYO,0,0,,DOM,0,0,0,5,1,4,4,1,0,0,,0,0,3,7,0,0,112,112,,15,15,1,2026-04-15T21:17:28Z,2026-04-15
78812,2,1199,2026-04-04,1,2026-04-05,2026-04-05T14:40:00Z,2026-04-05T15:35:00Z,2026-04-05T15:25:00Z,2026-04-05T15:35:00Z,2026-04-05T17:10:00Z,2026-04-05T17:43:00Z,2026-04-05T17:44:00Z,0,34,95,129,0,34,0,HYD,ISK,7136,0,ATR,VTIYJ,0,0,,DOM,0,0,0,2,1,4,4,1,0,0,,0,0,3,7,0,0,112,112,,15,15,,2026-04-15T21:17:28Z,2026-04-15
80859,1,1199,2026-04-03,1,2026-04-04,2026-04-04T14:40:00Z,2026-04-04T15:35:00Z,2026-04-04T15:25:00Z,2026-04-04T15:34:00Z,2026-04-04T17:10:00Z,2026-04-04T17:31:00Z,2026-04-04T17:29:00Z,-1,19,95,115,-1,20,0,HYD,ISK,7136,0,ATR,VTIYG,0,0,,DOM,0,0,0,2,1,4,4,1,0,0,,0,0,3,7,0,0,112,112,,15,15,,2026-04-15T21:17:28Z,2026-04-15
76960,2,1199,2026-04-05,1,2026-04-06,2026-04-06T14:45:00Z,2026-04-06T15:35:00Z,2026-04-06T15:30:00Z,2026-04-06T15:28:00Z,2026-04-06T17:10:00Z,2026-04-06T17:13:00Z,2026-04-06T17:10:00Z,-7,0,95,102,-7,7,0,HYD,ISK,7136,0,ATR,VTIYJ,0,0,,DOM,0,0,0,2,1,4,4,1,0,0,,0,0,3,7,0,0,112,112,,15,15,,2026-04-15T21:17:28Z,2026-04-15
85872,2,1199,2026-04-12,1,2026-04-13,2026-04-13T14:40:00Z,2026-04-13T15:35:00Z,2026-04-13T15:25:00Z,2026-04-13T15:24:00Z,2026-04-13T17:10:00Z,2026-04-13T17:09:00Z,2026-04-13T17:09:00Z,-11,-1,95,105,-11,10,0,HYD,ISK,7136,0,ATR,VTIRO,0,0,,DOM,0,0,0,4,1,4,4,1,0,0,,0,0,3,7,0,0,112,112,,15,15,,2026-04-15T21:17:28Z,2026-04-15
30009,1,1199,2026-04-12,1,2026-04-13,2026-04-13T14:40:00Z,2026-04-13T15:35:00Z,2026-04-13T15:25:00Z,2026-04-13T15:24:00Z,2026-04-13T17:10:00Z,2026-04-13T17:09:00Z,2026-04-13T17:09:00Z,-11,-1,95,105,-11,10,0,HYD,ISK,7136,0,ATR,VTIRO,0,0,,DOM,0,0,0,5,1,4,4,1,0,0,,0,0,3,7,0,0,112,112,,15,15,1,2026-04-15T21:17:28Z,2026-04-15
30009,1,1199,2026-04-05,1,2026-04-06,2026-04-06T14:45:00Z,2026-04-06T15:35:00Z,2026-04-06T15:30:00Z,2026-04-06T15:28:00Z,2026-04-06T17:10:00Z,2026-04-06T17:13:00Z,2026-04-06T17:10:00Z,-7,0,95,102,-7,7,0,HYD,ISK,7136,0,ATR,VTIYJ,0,0,,DOM,0,0,0,2,1,4,4,1,0,0,,0,0,3,7,0,0,112,112,,15,15,,2026-04-15T21:17:28Z,2026-04-15
67038,2,1199,2026-04-13,1,2026-04-14,2026-04-14T14:40:00Z,2026-04-14T15:35:00Z,2026-04-14T15:25:00Z,2026-04-14T15:27:00Z,2026-04-14T17:10:00Z,2026-04-14T17:12:00Z,2026-04-14T17:10:00Z,-8,0,95,103,-8,8,0,HYD,ISK,7136,0,ATR,VTIYO,0,0,,DOM,0,0,0,6,1,4,4,1,0,0,,0,0,3,7,0,0,112,112,,15,15,,2026-04-15T21:17:28Z,2026-04-15
38323,1,F9271,2026-04-03,1,2026-04-03,2026-04-03T20:50:00Z,2026-04-03T21:50:00Z,2026-04-03T22:00:00Z,2026-04-03T22:06:00Z,2026-04-04T00:05:00Z,2026-04-04T00:07:00Z,2026-04-04T00:11:00Z,16,6,135,125,16,-10,0,DEL,CCU,389,0,321,VTNCZ,0,1,,DOM,0,0,0,1,1,2,,1,1,0,,0,0,0,4,0,0,,,,21,22,,2026-04-15T21:17:28Z,2026-04-15
15088,1,3909,2026-04-03,1,2026-04-03,2026-04-03T10:45:00Z,2026-04-03T11:45:00Z,2026-04-03T11:55:00Z,2026-04-03T11:58:00Z,2026-04-03T14:00:00Z,2026-04-03T14:21:00Z,2026-04-03T14:19:00Z,13,19,135,141,13,6,0,DEL,HYD,884,0,321,VTNCW,0,0,,DOM,0,0,0,1,1,2,2,1,0,0,,0,0,0,3,0,0,150,159,,11,11,,2026-04-15T21:17:28Z,2026-04-15
43904,2,3909,2026-04-15,1,2026-04-15,2026-04-15T10:45:00Z,2026-04-15T11:45:00Z,,2026-04-15T11:43:00Z,2026-04-15T14:00:00Z,2026-04-15T14:13:00Z,2026-04-15T14:14:00Z,-2,14,135,151,-2,16,0,DEL,HYD,884,0,321,VTIWS,0,0,,DOM,0,0,0,7,1,2,2,1,0,0,,0,0,0,3,0,0,150,159,,11,11,,2026-04-15T21:17:28Z,2026-04-15
18381,1,3909,2026-04-10,1,2026-04-10,2026-04-10T10:45:00Z,2026-04-10T11:45:00Z,,2026-04-10T11:37:00Z,2026-04-10T14:00:00Z,2026-04-10T14:25:00Z,2026-04-10T14:28:00Z,-8,28,135,171,-8,36,0,DEL,HYD,884,0,321,VTNHC,0,0,,DOM,0,0,0,5,1,2,2,1,0,0,,0,0,0,3,0,0,150,159,,11,11,1,2026-04-15T21:17:28Z,2026-04-15
18481,1,3909,2026-04-15,1,2026-04-15,2026-04-15T10:45:00Z,2026-04-15T11:45:00Z,,2026-04-15T11:43:00Z,2026-04-15T14:00:00Z,2026-04-15T14:13:00Z,2026-04-15T14:14:00Z,-2,14,135,151,-2,16,0,DEL,HYD,884,0,321,VTIWS,0,0,,DOM,0,0,0,9,1,2,2,1,0,0,,0,0,0,3,0,0,150,159,,11,11,1,2026-04-15T21:17:28Z,2026-04-15
21516,1,3909,2026-04-05,1,2026-04-05,2026-04-05T10:45:00Z,2026-04-05T11:45:00Z,,2026-04-05T11:52:00Z,2026-04-05T14:00:00Z,2026-04-05T14:06:00Z,2026-04-05T14:08:00Z,7,8,135,136,7,1,0,DEL,HYD,884,0,321,VTNCZ,0,0,,DOM,0,0,0,3,1,2,2,1,0,0,,0,0,0,3,0,0,150,159,,11,11,,2026-04-15T21:17:28Z,2026-04-15
13462,1,3909,2026-04-14,1,2026-04-14,2026-04-14T10:45:00Z,2026-04-14T11:45:00Z,,2026-04-14T11:33:00Z,2026-04-14T14:00:00Z,2026-04-14T13:53:00Z,2026-04-14T13:51:00Z,-12,-9,135,138,-12,3,0,DEL,HYD,884,0,321,VTNCP,0,0,,DOM,0,0,0,5,1,2,2,1,0,0,,0,0,0,3,0,0,150,159,,11,11,1,2026-04-15T21:17:28Z,2026-04-15
14318,1,F9271,2026-04-05,1,2026-04-05,2026-04-05T20:50:00Z,2026-04-05T21:50:00Z,,2026-04-05T21:45:00Z,2026-04-06T00:05:00Z,2026-04-05T23:46:00Z,2026-04-05T23:46:00Z,-5,-19,135,121,-5,-14,0,DEL,CCU,389,0,321,VTNHC,0,1,,DOM,0,0,0,1,1,2,,1,1,0,,0,0,0,4,0,0,113,116,,21,21,,2026-04-15T21:17:28Z,2026-04-15
37552,1,F9271,2026-04-08,1,2026-04-08,2026-04-08T20:50:00Z,2026-04-08T21:50:00Z,,2026-04-08T21:49:00Z,2026-04-09T00:05:00Z,2026-04-08T23:39:00Z,2026-04-08T23:42:00Z,-1,-23,135,113,-1,-22,0,DEL,CCU,389,0,321,VTNCE,0,1,,DOM,0,0,0,5,1,2,,1,1,0,,0,0,0,4,0,0,113,116,,21,21,1,2026-04-15T21:17:28Z,2026-04-15
89774,2,F9271,2026-04-08,1,2026-04-08,2026-04-08T20:50:00Z,2026-04-08T21:50:00Z,,2026-04-08T21:49:00Z,2026-04-09T00:05:00Z,2026-04-08T23:39:00Z,2026-04-08T23:42:00Z,-1,-23,135,113,-1,-22,0,DEL,CCU,389,0,321,VTNCE,0,1,,DOM,0,0,0,1,1,2,,1,1,0,,0,0,0,4,0,0,113,116,,21,21,,2026-04-15T21:17:28Z,2026-04-15
69116,2,3909,2026-04-12,1,2026-04-12,2026-04-12T10:45:00Z,2026-04-12T11:45:00Z,,2026-04-12T11:42:00Z,2026-04-12T14:00:00Z,2026-04-12T14:01:00Z,2026-04-12T14:01:00Z,-3,1,135,139,-3,4,0,DEL,HYD,884,0,321,VTNHE,0,0,,DOM,0,0,0,5,1,4,4,1,0,0,,0,0,0,3,0,0,150,159,,11,11,,2026-04-15T21:17:28Z,2026-04-15
22452,1,3909,2026-04-11,1,2026-04-11,2026-04-11T10:45:00Z,2026-04-11T11:45:00Z,,2026-04-11T11:49:00Z,2026-04-11T14:00:00Z,2026-04-11T14:00:00Z,2026-04-11T13:57:00Z,4,-3,135,128,4,-7,0,DEL,HYD,884,0,321,VTICH,0,0,,DOM,0,0,0,4,1,4,4,1,0,0,,0,0,0,3,0,0,150,159,,11,11,1,2026-04-15T21:17:28Z,2026-04-15
39854,1,3909,2026-04-09,1,2026-04-09,2026-04-09T10:45:00Z,2026-04-09T11:45:00Z,,2026-04-09T11:51:00Z,2026-04-09T14:00:00Z,2026-04-09T14:09:00Z,2026-04-09T14:13:00Z,6,13,135,142,6,7,0,DEL,HYD,884,0,321,VTNCD,0,0,,DOM,0,0,0,4,1,4,4,1,0,0,,0,0,0,3,0,0,150,159,,11,11,1,2026-04-15T21:17:28Z,2026-04-15
62973,2,3909,2026-04-07,1,2026-04-07,2026-04-07T10:45:00Z,2026-04-07T11:45:00Z,,2026-04-07T11:36:00Z,2026-04-07T14:00:00Z,2026-04-07T14:24:00Z,2026-04-07T14:25:00Z,-9,25,135,169,-9,34,0,DEL,HYD,884,0,321,VTNCW,0,0,,DOM,0,0,0,3,1,4,4,1,0,0,,0,0,0,3,0,0,150,159,,11,11,,2026-04-15T21:17:28Z,2026-04-15
64998,2,3909,2026-04-04,1,2026-04-04,2026-04-04T10:45:00Z,2026-04-04T11:45:00Z,,2026-04-04T11:46:00Z,2026-04-04T14:00:00Z,2026-04-04T14:23:00Z,2026-04-04T14:23:00Z,1,23,135,157,1,22,0,DEL,HYD,884,0,321,VTICM,0,0,,DOM,0,0,0,1,1,4,4,1,0,0,,0,0,0,3,0,0,150,159,,11,11,,2026-04-15T21:17:28Z,2026-04-15
38327,1,4681,2026-04-16,1,2026-04-16,2026-04-16T07:30:00Z,2026-04-16T08:30:00Z,,,2026-04-16T10:15:00Z,2026-04-16T10:15:00Z,,0,0,105,,-6,3,0,BLR,BOM,5051,0,321,VTNHO,0,1,,DOM,0,0,0,7,1,4,,1,1,0,,0,0,-6,-5,0,0,108,110,,8,8,,2026-04-15T21:17:28Z,2026-04-15
65977,1,1199,2026-04-16,1,2026-04-16,2026-04-16T06:10:00Z,2026-04-16T06:55:00Z,,,2026-04-16T08:10:00Z,2026-04-16T08:05:00Z,,0,-5,75,,-15,-3,0,AMD,IDR,7173,0,ATR,VTIYY,0,0,,DOM,0,0,0,4,1,4,4,1,0,0,,0,0,-15,-13,0,0,72,72,,6,6,,2026-04-15T21:17:28Z,2026-04-15
80210,2,1199,2026-04-16,1,2026-04-16,2026-04-16T06:10:00Z,2026-04-16T06:55:00Z,,,2026-04-16T08:10:00Z,2026-04-16T08:05:00Z,,0,-5,75,,-15,-3,0,AMD,IDR,7173,0,ATR,VTIYY,0,0,,DOM,0,0,0,6,1,4,4,1,0,0,,0,0,-15,-13,0,0,72,72,,6,6,,2026-04-15T21:17:28Z,2026-04-15
56827,1,1199,2026-04-09,1,2026-04-09,2026-04-09T09:40:00Z,2026-04-09T10:25:00Z,,2026-04-09T10:17:00Z,2026-04-09T11:45:00Z,2026-04-09T11:31:00Z,2026-04-09T11:29:00Z,-8,-16,80,72,-8,-8,0,AMD,ISK,7115,0,ATR,VTIRK,0,0,,DOM,0,0,0,4,1,2,2,1,0,0,,0,0,-8,-8,0,0,72,74,,10,10,1,2026-04-15T21:17:28Z,2026-04-15
71977,2,1199,2026-04-09,1,2026-04-09,2026-04-09T09:40:00Z,2026-04-09T10:25:00Z,,2026-04-09T10:17:00Z,2026-04-09T11:45:00Z,2026-04-09T11:31:00Z,2026-04-09T11:29:00Z,-8,-16,80,72,-8,-8,0,AMD,ISK,7115,0,ATR,VTIRK,0,0,,DOM,0,0,0,4,1,2,2,1,0,0,,0,0,-8,-8,0,0,72,74,,10,10,,2026-04-15T21:17:28Z,2026-04-15
45594,1,4681,2026-04-11,1,2026-04-11,2026-04-11T07:30:00Z,2026-04-11T08:30:00Z,,2026-04-11T08:24:00Z,2026-04-11T10:15:00Z,2026-04-11T10:15:00Z,2026-04-11T10:14:00Z,-6,-1,105,110,-6,5,0,BLR,BOM,5051,0,321,VTNCX,0,1,,DOM,0,0,0,6,1,4,,1,1,0,,0,0,-6,-5,0,0,108,110,,8,8,1,2026-04-15T21:17:28Z,2026-04-15
90906,2,4681,2026-04-13,1,2026-04-13,2026-04-13T07:30:00Z,2026-04-13T08:30:00Z,,2026-04-13T08:20:00Z,2026-04-13T10:15:00Z,2026-04-13T10:10:00Z,2026-04-13T10:08:00Z,-10,-7,105,108,-10,3,0,BLR,BOM,5051,0,321,VTNCF,0,1,,DOM,0,0,0,7,1,4,,1,1,0,,0,0,-6,-5,0,0,108,110,,8,8,,2026-04-15T21:17:28Z,2026-04-15
35925,1,4681,2026-04-06,1,2026-04-06,2026-04-06T07:30:00Z,2026-04-06T08:30:00Z,,2026-04-06T08:29:00Z,2026-04-06T10:15:00Z,2026-04-06T10:21:00Z,2026-04-06T10:19:00Z,-1,4,105,110,-1,5,0,BLR,BOM,5051,0,321,VTIWT,0,1,,DOM,0,0,0,3,1,4,,1,1,0,,0,0,-6,-5,0,0,108,110,,8,8,,2026-04-15T21:17:28Z,2026-04-15
64269,2,4681,2026-04-11,1,2026-04-11,2026-04-11T07:30:00Z,2026-04-11T08:30:00Z,,2026-04-11T08:24:00Z,2026-04-11T10:15:00Z,2026-04-11T10:15:00Z,2026-04-11T10:14:00Z,-6,-1,105,110,-6,5,0,BLR,BOM,5051,0,321,VTNCX,0,1,,DOM,0,0,0,2,1,4,,1,1,0,,0,0,-6,-5,0,0,108,110,,8,8,,2026-04-15T21:17:28Z,2026-04-15
78919,2,4681,2026-04-06,1,2026-04-06,2026-04-06T07:30:00Z,2026-04-06T08:30:00Z,,2026-04-06T08:29:00Z,2026-04-06T10:15:00Z,2026-04-06T10:21:00Z,2026-04-06T10:19:00Z,-1,4,105,110,-1,5,0,BLR,BOM,5051,0,321,VTIWT,0,1,,DOM,0,0,0,3,1,4,,1,1,0,,0,0,-6,-5,0,0,108,110,,8,8,,2026-04-15T21:17:28Z,2026-04-15
23744,1,4681,2026-04-14,1,2026-04-14,2026-04-14T07:30:00Z,2026-04-14T08:30:00Z,,2026-04-14T08:17:00Z,2026-04-14T10:15:00Z,2026-04-14T10:05:00Z,2026-04-14T10:03:00Z,-13,-12,105,106,-13,1,0,BLR,BOM,5051,0,321,VTNOA,0,1,,DOM,0,0,0,4,1,4,,1,1,0,,0,0,-6,-5,0,0,108,110,,8,8,1,2026-04-15T21:17:28Z,2026-04-15
80859,1,1199,2026-04-03,1,2026-04-03,2026-04-03T06:10:00Z,2026-04-03T06:55:00Z,,2026-04-03T06:47:00Z,2026-04-03T08:10:00Z,2026-04-03T08:00:00Z,2026-04-03T08:00:00Z,-8,-10,75,73,-8,-2,0,AMD,IDR,7173,0,ATR,VTIRS,0,0,,DOM,0,0,0,1,1,4,4,1,0,0,,0,0,-15,-13,0,0,72,72,,6,6,,2026-04-15T21:17:28Z,2026-04-15
78812,2,1199,2026-04-04,1,2026-04-04,2026-04-04T06:10:00Z,2026-04-04T06:55:00Z,,2026-04-04T06:55:00Z,2026-04-04T08:10:00Z,2026-04-04T08:04:00Z,2026-04-04T08:03:00Z,0,-7,75,68,0,-7,0,AMD,IDR,7173,0,ATR,VTIYX,0,0,,DOM,0,0,0,1,1,4,4,1,0,0,,0,0,-15,-13,0,0,72,72,,6,6,,2026-04-15T21:17:28Z,2026-04-15
30009,1,1199,2026-04-05,1,2026-04-05,2026-04-05T06:10:00Z,2026-04-05T06:55:00Z,,2026-04-05T06:35:00Z,2026-04-05T08:10:00Z,2026-04-05T07:48:00Z,2026-04-05T07:50:00Z,-20,-20,75,75,-20,0,0,AMD,IDR,7173,0,ATR,VTIYG,0,0,,DOM,0,0,0,1,1,4,4,1,0,0,,0,0,-15,-13,0,0,72,72,,6,6,,2026-04-15T21:17:28Z,2026-04-15
76960,2,1199,2026-04-05,1,2026-04-05,2026-04-05T06:10:00Z,2026-04-05T06:55:00Z,,2026-04-05T06:35:00Z,2026-04-05T08:10:00Z,2026-04-05T07:48:00Z,2026-04-05T07:50:00Z,-20,-20,75,75,-20,0,0,AMD,IDR,7173,0,ATR,VTIYG,0,0,,DOM,0,0,0,1,1,4,4,1,0,0,,0,0,-15,-13,0,0,72,72,,6,6,,2026-04-15T21:17:28Z,2026-04-15
88517,2,1199,2026-04-10,1,2026-04-10,2026-04-10T06:10:00Z,2026-04-10T06:55:00Z,,2026-04-10T06:44:00Z,2026-04-10T08:10:00Z,2026-04-10T08:03:00Z,2026-04-10T08:00:00Z,-11,-10,75,76,-11,1,0,AMD,IDR,7173,0,ATR,VTIYF,0,0,,DOM,0,0,0,2,1,4,4,1,0,0,,0,0,-15,-13,0,0,72,72,,6,6,,2026-04-15T21:17:28Z,2026-04-15
37566,1,1199,2026-04-07,1,2026-04-07,2026-04-07T06:10:00Z,2026-04-07T06:55:00Z,,2026-04-07T06:53:00Z,2026-04-07T08:10:00Z,2026-04-07T08:10:00Z,2026-04-07T08:10:00Z,-2,0,75,77,-2,2,0,AMD,IDR,7173,0,ATR,VTIYD,0,0,,DOM,0,0,0,3,1,4,4,1,0,0,,0,0,-15,-13,0,0,72,72,,6,6,,2026-04-15T21:17:28Z,2026-04-15
89626,2,1199,2026-04-07,1,2026-04-07,2026-04-07T06:10:00Z,2026-04-07T06:55:00Z,,2026-04-07T06:53:00Z,2026-04-07T08:10:00Z,2026-04-07T08:10:00Z,2026-04-07T08:10:00Z,-2,0,75,77,-2,2,0,AMD,IDR,7173,0,ATR,VTIYD,0,0,,DOM,0,0,0,3,1,4,4,1,0,0,,0,0,-15,-13,0,0,72,72,,6,6,,2026-04-15T21:17:28Z,2026-04-15
85872,2,1199,2026-04-12,1,2026-04-12,2026-04-12T06:10:00Z,2026-04-12T06:55:00Z,,2026-04-12T06:35:00Z,2026-04-12T08:10:00Z,2026-04-12T07:40:00Z,2026-04-12T07:39:00Z,-20,-31,75,64,-20,-11,0,AMD,IDR,7173,0,ATR,VTIYX,0,0,,DOM,0,0,0,3,1,4,4,1,0,0,,0,0,-15,-13,0,0,72,72,,6,6,,2026-04-15T21:17:28Z,2026-04-15
82998,2,1199,2026-04-11,1,2026-04-11,2026-04-11T06:10:00Z,2026-04-11T06:55:00Z,,2026-04-11T06:43:00Z,2026-04-11T08:10:00Z,2026-04-11T07:49:00Z,2026-04-11T07:47:00Z,-12,-23,75,64,-12,-11,0,AMD,IDR,7173,0,ATR,VTIYE,0,0,,DOM,0,0,0,3,1,4,4,1,0,0,,0,0,-15,-13,0,0,72,72,,6,6,,2026-04-15T21:17:28Z,2026-04-15
88517,2,1199,2026-04-10,1,2026-04-11,2026-04-11T14:50:00Z,2026-04-11T15:35:00Z,,2026-04-11T15:39:00Z,2026-04-11T17:10:00Z,2026-04-11T17:40:00Z,2026-04-11T17:38:00Z,4,28,95,119,4,24,0,HYD,ISK,7136,0,ATR,VTIYO,0,0,,DOM,0,0,0,3,1,4,4,1,0,0,,0,0,3,7,0,0,112,112,,15,15,,2026-04-15T21:17:28Z,2026-04-15
30009,1,1199,2026-04-12,1,2026-04-12,2026-04-12T06:10:00Z,2026-04-12T06:55:00Z,,2026-04-12T06:35:00Z,2026-04-12T08:10:00Z,2026-04-12T07:40:00Z,2026-04-12T07:39:00Z,-20,-31,75,64,-20,-11,0,AMD,IDR,7173,0,ATR,VTIYX,0,0,,DOM,0,0,0,4,1,4,4,1,0,0,,0,0,-15,-13,0,0,72,72,,6,6,1,2026-04-15T21:17:28Z,2026-04-15
49568,1,1199,2026-04-13,1,2026-04-13,2026-04-13T06:10:00Z,2026-04-13T06:55:00Z,,2026-04-13T06:38:00Z,2026-04-13T08:10:00Z,2026-04-13T07:54:00Z,2026-04-13T07:53:00Z,-17,-17,75,75,-17,0,0,AMD,IDR,7173,0,ATR,VTIYO,0,0,,DOM,0,0,0,4,1,4,4,1,0,0,,0,0,-15,-13,0,0,72,72,,6,6,1,2026-04-15T21:17:28Z,2026-04-15
89626,2,1199,2026-04-07,1,2026-04-08,2026-04-08T14:50:00Z,2026-04-08T15:35:00Z,,2026-04-08T15:37:00Z,2026-04-08T17:10:00Z,2026-04-08T17:35:00Z,2026-04-08T17:34:00Z,2,24,95,117,2,22,0,HYD,ISK,7136,0,ATR,VTIYE,0,0,,DOM,0,0,0,4,1,4,4,1,0,0,,0,0,3,7,0,0,112,112,,15,15,,2026-04-15T21:17:28Z,2026-04-15
37566,1,1199,2026-04-07,1,2026-04-08,2026-04-08T14:50:00Z,2026-04-08T15:35:00Z,,2026-04-08T15:37:00Z,2026-04-08T17:10:00Z,2026-04-08T17:35:00Z,2026-04-08T17:34:00Z,2,24,95,117,2,22,0,HYD,ISK,7136,0,ATR,VTIYE,0,0,,DOM,0,0,0,4,1,4,4,1,0,0,,0,0,3,7,0,0,112,112,,15,15,1,2026-04-15T21:17:28Z,2026-04-15
82998,2,1199,2026-04-11,1,2026-04-12,2026-04-12T14:50:00Z,2026-04-12T15:35:00Z,,2026-04-12T15:29:00Z,2026-04-12T17:10:00Z,2026-04-12T17:23:00Z,2026-04-12T17:21:00Z,-6,11,95,112,-6,17,0,HYD,ISK,7136,0,ATR,VTIRQ,0,0,,DOM,0,0,0,4,1,4,4,1,0,0,,0,0,3,7,0,0,112,112,,15,15,,2026-04-15T21:17:28Z,2026-04-15
71977,2,1199,2026-04-09,1,2026-04-10,2026-04-10T14:50:00Z,2026-04-10T15:35:00Z,,2026-04-10T15:31:00Z,2026-04-10T17:10:00Z,2026-04-10T17:26:00Z,2026-04-10T17:23:00Z,-4,13,95,112,-4,17,0,HYD,ISK,7136,0,ATR,VTIRE,0,0,,DOM,0,0,0,5,1,4,4,1,0,0,,0,0,3,7,0,0,112,112,,15,15,,2026-04-15T21:17:28Z,2026-04-15
67038,2,1199,2026-04-13,1,2026-04-13,2026-04-13T06:10:00Z,2026-04-13T06:55:00Z,,2026-04-13T06:38:00Z,2026-04-13T08:10:00Z,2026-04-13T07:54:00Z,2026-04-13T07:53:00Z,-17,-17,75,75,-17,0,0,AMD,IDR,7173,0,ATR,VTIYO,0,0,,DOM,0,0,0,5,1,4,4,1,0,0,,0,0,-15,-13,0,0,72,72,,6,6,,2026-04-15T21:17:28Z,2026-04-15
78812,2,1199,2026-04-14,1,2026-04-14,2026-04-14T06:10:00Z,2026-04-14T06:55:00Z,,2026-04-14T06:35:00Z,2026-04-14T08:10:00Z,2026-04-14T07:39:00Z,2026-04-14T07:36:00Z,-20,-34,75,61,-20,-14,0,AMD,IDR,7173,0,ATR,VTIRO,0,0,,DOM,0,0,0,5,1,4,4,1,0,0,,0,0,-15,-13,0,0,72,72,,6,6,,2026-04-15T21:17:28Z,2026-04-15
56827,1,1199,2026-04-09,1,2026-04-10,2026-04-10T14:50:00Z,2026-04-10T15:35:00Z,,2026-04-10T15:31:00Z,2026-04-10T17:10:00Z,2026-04-10T17:26:00Z,2026-04-10T17:23:00Z,-4,13,95,112,-4,17,0,HYD,ISK,7136,0,ATR,VTIRE,0,0,,DOM,0,0,0,5,1,4,4,1,0,0,,0,0,3,7,0,0,112,112,,15,15,1,2026-04-15T21:17:28Z,2026-04-15
45594,1,4681,2026-04-11,0,2026-04-11,,2026-04-11T16:55:00Z,,2026-04-11T16:43:00Z,2026-04-11T19:15:00Z,2026-04-11T18:48:00Z,2026-04-11T18:49:00Z,-12,-26,140,126,0,-14,-2,AMD,BLR,863,0,320,VTIAX,0,0,0,DOM,0,0,0,6,4,1,1,1,0,0,AMD,53,55,0,0,39,41,126,126,15,16,16,1,2026-04-15T21:17:28Z,2026-04-15
90906,2,4681,2026-04-13,0,2026-04-13,,2026-04-13T16:55:00Z,,2026-04-13T16:40:00Z,2026-04-13T19:15:00Z,2026-04-13T18:42:00Z,2026-04-13T18:42:00Z,-15,-33,140,122,0,-18,-18,AMD,BLR,863,0,320,VTIIP,0,0,0,DOM,0,0,0,7,4,1,1,1,0,0,AMD,37,55,0,0,45,51,126,126,16,16,16,,2026-04-15T21:17:28Z,2026-04-15
64269,2,4681,2026-04-11,0,2026-04-11,,2026-04-11T16:55:00Z,,2026-04-11T16:43:00Z,2026-04-11T19:15:00Z,2026-04-11T18:48:00Z,2026-04-11T18:49:00Z,-12,-26,140,126,0,-14,-2,AMD,BLR,863,0,320,VTIAX,0,0,0,DOM,0,0,0,2,4,1,1,1,0,0,AMD,53,55,0,0,39,41,126,126,15,16,16,,2026-04-15T21:17:28Z,2026-04-15
23744,1,4681,2026-04-14,0,2026-04-14,,2026-04-14T16:55:00Z,,2026-04-14T16:49:00Z,2026-04-14T19:15:00Z,2026-04-14T18:54:00Z,2026-04-14T18:54:00Z,-6,-21,140,125,0,-15,-18,AMD,BLR,863,0,320,VTIWZ,0,0,0,DOM,0,0,0,4,4,1,1,1,0,0,AMD,37,55,0,0,45,51,126,126,16,16,16,1,2026-04-15T21:17:28Z,2026-04-15
38327,1,4681,2026-04-16,0,2026-04-16,,2026-04-16T16:55:00Z,,,2026-04-16T19:15:00Z,2026-04-16T19:00:00Z,,0,-15,140,,0,-14,-10,AMD,BLR,863,0,320,VTIOH,0,0,0,DOM,0,0,0,7,4,1,1,1,0,0,AMD,0,55,0,0,45,51,126,126,16,16,16,,2026-04-15T21:17:28Z,2026-04-15
39854,1,3909,2026-04-09,0,2026-04-09,,2026-04-09T20:00:00Z,,2026-04-09T20:06:00Z,2026-04-09T21:20:00Z,2026-04-09T21:20:00Z,2026-04-09T21:23:00Z,6,3,80,77,0,-3,6,UDR,DEL,6229,0,320,VTIAR,0,0,0,DOM,0,0,0,4,4,1,1,1,0,0,UDR,41,35,0,0,33,36,81,81,19,20,20,1,2026-04-15T21:17:28Z,2026-04-15
30009,1,1199,2026-04-05,0,2026-04-05,,2026-04-05T12:05:00Z,,2026-04-05T11:46:00Z,2026-04-05T13:55:00Z,2026-04-05T13:28:00Z,2026-04-05T13:30:00Z,-19,-25,110,104,0,-6,11,ISK,HYD,7137,0,ATR,VTIYG,0,0,0,DOM,0,0,0,1,4,1,1,1,0,0,ISK,31,20,0,0,26,29,114,115,11,12,11,,2026-04-15T21:17:28Z,2026-04-15
76960,2,1199,2026-04-05,0,2026-04-05,,2026-04-05T12:05:00Z,,2026-04-05T11:46:00Z,2026-04-05T13:55:00Z,2026-04-05T13:28:00Z,2026-04-05T13:30:00Z,-19,-25,110,104,0,-6,11,ISK,HYD,7137,0,ATR,VTIYG,0,0,0,DOM,0,0,0,1,4,1,1,1,0,0,ISK,31,20,0,0,26,29,114,115,11,12,11,,2026-04-15T21:17:28Z,2026-04-15
67038,2,1199,2026-04-13,0,2026-04-13,,2026-04-13T12:05:00Z,,2026-04-13T11:56:00Z,2026-04-13T13:55:00Z,2026-04-13T13:50:00Z,2026-04-13T13:50:00Z,-9,-5,110,114,0,4,15,ISK,HYD,7137,0,ATR,VTIYO,0,0,0,DOM,0,0,0,5,4,1,1,1,0,0,ISK,35,20,0,0,26,29,114,115,11,12,11,,2026-04-15T21:17:28Z,2026-04-15
49568,1,1199,2026-04-13,0,2026-04-13,,2026-04-13T12:05:00Z,,2026-04-13T11:56:00Z,2026-04-13T13:55:00Z,2026-04-13T13:50:00Z,2026-04-13T13:50:00Z,-9,-5,110,114,0,4,15,ISK,HYD,7137,0,ATR,VTIYO,0,0,0,DOM,0,0,0,4,4,1,1,1,0,0,ISK,35,20,0,0,26,29,114,115,11,12,11,1,2026-04-15T21:17:28Z,2026-04-15
88517,2,1199,2026-04-10,0,2026-04-10,,2026-04-10T12:05:00Z,,2026-04-10T11:59:00Z,2026-04-10T13:55:00Z,2026-04-10T14:04:00Z,2026-04-10T14:03:00Z,-6,8,110,124,0,14,11,ISK,HYD,7137,0,ATR,VTIYF,0,0,0,DOM,0,0,0,2,4,1,1,1,0,0,ISK,31,20,0,0,26,29,114,115,11,12,11,,2026-04-15T21:17:28Z,2026-04-15
78812,2,1199,2026-04-14,0,2026-04-14,,2026-04-14T12:05:00Z,,2026-04-14T11:48:00Z,2026-04-14T13:55:00Z,2026-04-14T13:29:00Z,2026-04-14T13:30:00Z,-17,-25,110,102,0,-8,6,ISK,HYD,7137,0,ATR,VTIRO,0,0,0,DOM,0,0,0,5,4,1,1,1,0,0,ISK,26,20,0,0,26,29,114,115,11,12,11,,2026-04-15T21:17:28Z,2026-04-15
37566,1,1199,2026-04-07,0,2026-04-07,,2026-04-07T12:05:00Z,,2026-04-07T11:54:00Z,2026-04-07T13:55:00Z,2026-04-07T13:49:00Z,2026-04-07T13:48:00Z,-11,-7,110,114,0,4,7,ISK,HYD,7137,0,ATR,VTIYD,0,0,0,DOM,0,0,0,3,4,1,1,1,0,0,ISK,27,20,0,0,26,29,114,115,11,12,11,,2026-04-15T21:17:28Z,2026-04-15
89626,2,1199,2026-04-07,0,2026-04-07,,2026-04-07T12:05:00Z,,2026-04-07T11:54:00Z,2026-04-07T13:55:00Z,2026-04-07T13:49:00Z,2026-04-07T13:48:00Z,-11,-7,110,114,0,4,7,ISK,HYD,7137,0,ATR,VTIYD,0,0,0,DOM,0,0,0,3,4,1,1,1,0,0,ISK,27,20,0,0,26,29,114,115,11,12,11,,2026-04-15T21:17:28Z,2026-04-15
30009,1,1199,2026-04-12,0,2026-04-12,,2026-04-12T12:05:00Z,,2026-04-12T11:56:00Z,2026-04-12T13:55:00Z,2026-04-12T13:42:00Z,2026-04-12T13:42:00Z,-9,-13,110,106,0,-4,3,ISK,HYD,7137,0,ATR,VTIYX,0,0,0,DOM,0,0,0,4,4,1,1,1,0,0,ISK,23,20,0,0,26,29,114,115,11,12,11,1,2026-04-15T21:17:28Z,2026-04-15
80859,1,1199,2026-04-03,0,2026-04-03,,2026-04-03T12:05:00Z,,2026-04-03T11:53:00Z,2026-04-03T13:55:00Z,2026-04-03T13:30:00Z,2026-04-03T13:29:00Z,-12,-26,110,96,0,-14,3,ISK,HYD,7137,0,ATR,VTIRS,0,0,0,DOM,0,0,0,1,4,1,1,1,0,0,ISK,23,20,0,0,26,29,114,115,11,12,11,,2026-04-15T21:17:28Z,2026-04-15
85872,2,1199,2026-04-12,0,2026-04-12,,2026-04-12T12:05:00Z,,2026-04-12T11:56:00Z,2026-04-12T13:55:00Z,2026-04-12T13:42:00Z,2026-04-12T13:42:00Z,-9,-13,110,106,0,-4,3,ISK,HYD,7137,0,ATR,VTIYX,0,0,0,DOM,0,0,0,3,4,1,1,1,0,0,ISK,23,20,0,0,26,29,114,115,11,12,11,,2026-04-15T21:17:28Z,2026-04-15
78812,2,1199,2026-04-04,0,2026-04-04,,2026-04-04T12:05:00Z,,2026-04-04T12:02:00Z,2026-04-04T13:55:00Z,2026-04-04T13:50:00Z,2026-04-04T13:50:00Z,-3,-5,110,108,0,-2,3,ISK,HYD,7137,0,ATR,VTIYX,0,0,0,DOM,0,0,0,1,4,1,1,1,0,0,ISK,23,20,0,0,26,29,,,11,12,12,,2026-04-15T21:17:28Z,2026-04-15
82998,2,1199,2026-04-11,0,2026-04-11,,2026-04-11T12:05:00Z,,2026-04-11T11:57:00Z,2026-04-11T13:55:00Z,2026-04-11T13:39:00Z,2026-04-11T13:38:00Z,-8,-17,110,101,0,-9,3,ISK,HYD,7137,0,ATR,VTIYE,0,0,0,DOM,0,0,0,3,4,1,1,1,0,0,ISK,23,20,0,0,26,29,114,115,11,12,11,,2026-04-15T21:17:28Z,2026-04-15
65977,1,1199,2026-04-16,0,2026-04-16,,2026-04-16T12:05:00Z,,,2026-04-16T13:55:00Z,2026-04-16T13:55:00Z,,0,0,110,,0,0,6,ISK,HYD,7137,0,ATR,VTIRS,0,0,0,DOM,0,0,0,4,4,1,1,1,0,0,ISK,0,20,0,0,26,29,,,11,12,12,,2026-04-15T21:17:28Z,2026-04-15
80210,2,1199,2026-04-16,0,2026-04-16,,2026-04-16T12:05:00Z,,,2026-04-16T13:55:00Z,2026-04-16T13:55:00Z,,0,0,110,,0,0,6,ISK,HYD,7137,0,ATR,VTIRS,0,0,0,DOM,0,0,0,6,4,1,1,1,0,0,ISK,0,20,0,0,26,29,,,11,12,12,,2026-04-15T21:17:28Z,2026-04-15
30009,1,1199,2026-04-05,0,2026-04-05,,2026-04-05T10:25:00Z,,2026-04-05T10:07:00Z,2026-04-05T11:45:00Z,2026-04-05T11:16:00Z,2026-04-05T11:15:00Z,-18,-30,80,68,0,-12,3,AMD,ISK,7115,0,ATR,VTIYG,0,0,0,DOM,0,0,0,1,3,2,2,1,0,0,AMD,33,30,0,0,37,37,72,74,9,10,10,,2026-04-15T21:17:28Z,2026-04-15
30009,1,1199,2026-04-12,0,2026-04-12,,2026-04-12T10:25:00Z,,2026-04-12T10:14:00Z,2026-04-12T11:45:00Z,2026-04-12T11:35:00Z,2026-04-12T11:33:00Z,-11,-12,80,79,0,-1,15,AMD,ISK,7115,0,ATR,VTIYX,0,0,0,DOM,0,0,0,4,3,2,2,1,0,0,AMD,45,30,0,0,37,37,72,74,9,10,10,1,2026-04-15T21:17:28Z,2026-04-15
67038,2,1199,2026-04-13,0,2026-04-13,,2026-04-13T10:25:00Z,,2026-04-13T10:12:00Z,2026-04-13T11:45:00Z,2026-04-13T11:23:00Z,2026-04-13T11:21:00Z,-13,-24,80,69,0,-11,7,AMD,ISK,7115,0,ATR,VTIYO,0,0,0,DOM,0,0,0,5,3,2,2,1,0,0,AMD,37,30,0,0,37,37,72,74,9,10,10,,2026-04-15T21:17:28Z,2026-04-15
37566,1,1199,2026-04-07,0,2026-04-07,,2026-04-07T10:25:00Z,,2026-04-07T10:19:00Z,2026-04-07T11:45:00Z,2026-04-07T11:28:00Z,2026-04-07T11:27:00Z,-6,-18,80,68,0,-12,-3,AMD,ISK,7115,0,ATR,VTIYD,0,0,0,DOM,0,0,0,3,3,2,2,1,0,0,AMD,27,30,0,0,37,37,72,74,9,10,10,,2026-04-15T21:17:28Z,2026-04-15
78812,2,1199,2026-04-14,0,2026-04-14,,2026-04-14T10:25:00Z,,2026-04-14T10:12:00Z,2026-04-14T11:45:00Z,2026-04-14T11:22:00Z,2026-04-14T11:22:00Z,-13,-23,80,70,0,-10,12,AMD,ISK,7115,0,ATR,VTIRO,0,0,0,DOM,0,0,0,5,3,2,2,1,0,0,AMD,42,30,0,0,37,37,72,74,9,10,10,,2026-04-15T21:17:28Z,2026-04-15
49568,1,1199,2026-04-13,0,2026-04-13,,2026-04-13T10:25:00Z,,2026-04-13T10:12:00Z,2026-04-13T11:45:00Z,2026-04-13T11:23:00Z,2026-04-13T11:21:00Z,-13,-24,80,69,0,-11,7,AMD,ISK,7115,0,ATR,VTIYO,0,0,0,DOM,0,0,0,4,3,2,2,1,0,0,AMD,37,30,0,0,37,37,72,74,9,10,10,1,2026-04-15T21:17:28Z,2026-04-15
89626,2,1199,2026-04-07,0,2026-04-07,,2026-04-07T10:25:00Z,,2026-04-07T10:19:00Z,2026-04-07T11:45:00Z,2026-04-07T11:28:00Z,2026-04-07T11:27:00Z,-6,-18,80,68,0,-12,-3,AMD,ISK,7115,0,ATR,VTIYD,0,0,0,DOM,0,0,0,3,3,2,2,1,0,0,AMD,27,30,0,0,37,37,72,74,9,10,10,,2026-04-15T21:17:28Z,2026-04-15
88517,2,1199,2026-04-10,0,2026-04-10,,2026-04-10T10:25:00Z,,2026-04-10T10:14:00Z,2026-04-10T11:45:00Z,2026-04-10T11:27:00Z,2026-04-10T11:28:00Z,-11,-17,80,74,0,-6,3,AMD,ISK,7115,0,ATR,VTIYF,0,0,0,DOM,0,0,0,2,3,2,2,1,0,0,AMD,33,30,0,0,37,37,72,74,9,10,10,,2026-04-15T21:17:28Z,2026-04-15
80859,1,1199,2026-04-03,0,2026-04-03,,2026-04-03T10:25:00Z,,2026-04-03T10:04:00Z,2026-04-03T11:45:00Z,2026-04-03T11:33:00Z,2026-04-03T11:30:00Z,-21,-15,80,86,0,6,6,AMD,ISK,7115,0,ATR,VTIRS,0,0,0,DOM,0,0,0,1,3,2,2,1,0,0,AMD,36,30,0,0,37,37,72,74,9,10,10,,2026-04-15T21:17:28Z,2026-04-15
85872,2,1199,2026-04-12,0,2026-04-12,,2026-04-12T10:25:00Z,,2026-04-12T10:14:00Z,2026-04-12T11:45:00Z,2026-04-12T11:35:00Z,2026-04-12T11:33:00Z,-11,-12,80,79,0,-1,15,AMD,ISK,7115,0,ATR,VTIYX,0,0,0,DOM,0,0,0,3,3,2,2,1,0,0,AMD,45,30,0,0,37,37,72,74,9,10,10,,2026-04-15T21:17:28Z,2026-04-15
78812,2,1199,2026-04-04,0,2026-04-04,,2026-04-04T10:25:00Z,,2026-04-04T10:22:00Z,2026-04-04T11:45:00Z,2026-04-04T11:40:00Z,2026-04-04T11:39:00Z,-3,-6,80,77,0,-3,7,AMD,ISK,7115,0,ATR,VTIYX,0,0,0,DOM,0,0,0,1,3,2,2,1,0,0,AMD,37,30,0,0,37,37,72,74,9,10,10,,2026-04-15T21:17:28Z,2026-04-15
82998,2,1199,2026-04-11,0,2026-04-11,,2026-04-11T10:25:00Z,,2026-04-11T10:09:00Z,2026-04-11T11:45:00Z,2026-04-11T11:32:00Z,2026-04-11T11:34:00Z,-16,-11,80,85,0,5,2,AMD,ISK,7115,0,ATR,VTIYE,0,0,0,DOM,0,0,0,3,3,2,2,1,0,0,AMD,32,30,0,0,37,37,72,74,9,10,10,,2026-04-15T21:17:28Z,2026-04-15
76960,2,1199,2026-04-05,0,2026-04-05,,2026-04-05T10:25:00Z,,2026-04-05T10:07:00Z,2026-04-05T11:45:00Z,2026-04-05T11:16:00Z,2026-04-05T11:15:00Z,-18,-30,80,68,0,-12,3,AMD,ISK,7115,0,ATR,VTIYG,0,0,0,DOM,0,0,0,1,3,2,2,1,0,0,AMD,33,30,0,0,37,37,72,74,9,10,10,,2026-04-15T21:17:28Z,2026-04-15
45594,1,4681,2026-04-11,0,2026-04-11,,2026-04-11T13:55:00Z,,2026-04-11T13:42:00Z,2026-04-11T16:00:00Z,2026-04-11T15:50:00Z,2026-04-11T15:50:00Z,-13,-10,125,128,0,3,-2,BLR,AMD,6595,0,320,VTIAX,1,0,0,DOM,0,0,0,6,3,2,2,1,0,0,BLR,58,60,0,0,138,154,131,131,12,13,13,1,2026-04-15T21:17:28Z,2026-04-15
90906,2,4681,2026-04-13,0,2026-04-13,,2026-04-13T13:55:00Z,,2026-04-13T13:58:00Z,2026-04-13T16:00:00Z,2026-04-13T16:01:00Z,2026-04-13T16:03:00Z,3,3,125,125,0,0,16,BLR,AMD,6595,0,320,VTIIP,1,0,0,DOM,0,0,0,7,3,2,2,1,0,0,BLR,76,60,0,0,138,154,131,131,12,13,13,,2026-04-15T21:17:28Z,2026-04-15
64269,2,4681,2026-04-11,0,2026-04-11,,2026-04-11T13:55:00Z,,2026-04-11T13:42:00Z,2026-04-11T16:00:00Z,2026-04-11T15:50:00Z,2026-04-11T15:50:00Z,-13,-10,125,128,0,3,-2,BLR,AMD,6595,0,320,VTIAX,1,0,0,DOM,0,0,0,2,3,2,2,1,0,0,BLR,58,60,0,0,138,154,131,131,12,13,13,,2026-04-15T21:17:28Z,2026-04-15
23744,1,4681,2026-04-14,0,2026-04-14,,2026-04-14T13:55:00Z,,2026-04-14T13:56:00Z,2026-04-14T16:00:00Z,2026-04-14T16:12:00Z,2026-04-14T16:12:00Z,1,12,125,136,0,11,24,BLR,AMD,6595,0,320,VTIWZ,1,0,0,DOM,0,0,0,4,3,2,2,1,0,0,BLR,84,60,0,0,138,154,131,131,12,13,13,1,2026-04-15T21:17:28Z,2026-04-15
39854,1,3909,2026-04-09,0,2026-04-09,,2026-04-09T18:10:00Z,,2026-04-09T18:12:00Z,2026-04-09T19:25:00Z,2026-04-09T19:26:00Z,2026-04-09T19:25:00Z,2,0,75,73,0,-2,-22,DEL,UDR,6228,0,320,VTIAR,1,0,0,DOM,0,0,0,4,3,2,2,1,0,0,DEL,53,75,0,0,100,109,78,83,17,18,18,1,2026-04-15T21:17:28Z,2026-04-15
64998,2,3909,2026-04-04,0,2026-04-04,,2026-04-04T18:10:00Z,,2026-04-04T18:15:00Z,2026-04-04T19:25:00Z,2026-04-04T19:43:00Z,2026-04-04T19:40:00Z,5,15,75,85,0,10,-19,DEL,UDR,6228,0,320,VTIQI,1,0,0,DOM,0,0,0,1,3,2,2,1,0,0,DEL,56,75,0,0,100,109,78,83,17,18,18,,2026-04-15T21:17:28Z,2026-04-15
38327,1,4681,2026-04-16,0,2026-04-16,,2026-04-16T13:55:00Z,,,2026-04-16T16:00:00Z,2026-04-16T16:05:00Z,,0,5,125,,0,6,78,BLR,AMD,6595,0,320,VTIOH,1,0,0,DOM,0,0,0,7,3,2,2,1,0,0,BLR,0,60,0,0,138,154,131,131,12,13,13,,2026-04-15T21:17:28Z,2026-04-15
65977,1,1199,2026-04-16,0,2026-04-16,,2026-04-16T10:25:00Z,,,2026-04-16T11:45:00Z,2026-04-16T11:40:00Z,,0,-5,80,,0,-8,30,AMD,ISK,7115,0,ATR,VTIRS,1,0,0,DOM,0,0,0,4,3,2,2,1,0,0,AMD,0,30,0,0,60,60,72,74,9,10,10,,2026-04-15T21:17:28Z,2026-04-15
80210,2,1199,2026-04-16,0,2026-04-16,,2026-04-16T10:25:00Z,,,2026-04-16T11:45:00Z,2026-04-16T11:40:00Z,,0,-5,80,,0,-8,30,AMD,ISK,7115,0,ATR,VTIRS,1,0,0,DOM,0,0,0,6,3,2,2,1,0,0,AMD,0,30,0,0,60,60,72,74,9,10,10,,2026-04-15T21:17:28Z,2026-04-15
35925,1,4681,2026-04-06,0,2026-04-06,,2026-04-06T11:00:00Z,,2026-04-06T11:03:00Z,2026-04-06T12:55:00Z,2026-04-06T12:49:00Z,2026-04-06T12:57:00Z,3,2,115,114,0,-1,-1,BOM,BLR,5217,0,321,VTIWT,0,0,1,DOM,0,0,0,3,2,3,3,1,0,0,BOM,44,45,0,0,67,67,113,113,10,11,11,,2026-04-15T21:17:28Z,2026-04-15
78919,2,4681,2026-04-06,0,2026-04-06,,2026-04-06T11:00:00Z,,2026-04-06T11:03:00Z,2026-04-06T12:55:00Z,2026-04-06T12:49:00Z,2026-04-06T12:57:00Z,3,2,115,114,0,-1,-1,BOM,BLR,5217,0,321,VTIWT,0,0,1,DOM,0,0,0,3,2,3,3,1,0,0,BOM,44,45,0,0,67,67,113,113,10,11,11,,2026-04-15T21:17:28Z,2026-04-15
64269,2,4681,2026-04-11,0,2026-04-11,,2026-04-11T11:00:00Z,,2026-04-11T11:08:00Z,2026-04-11T12:55:00Z,2026-04-11T12:46:00Z,2026-04-11T12:44:00Z,8,-11,115,96,0,-19,9,BOM,BLR,5217,0,321,VTNCX,0,0,1,DOM,0,0,0,2,2,3,3,1,0,0,BOM,54,45,0,0,67,67,113,113,10,11,11,,2026-04-15T21:17:28Z,2026-04-15
23744,1,4681,2026-04-14,0,2026-04-14,,2026-04-14T11:00:00Z,,2026-04-14T10:55:00Z,2026-04-14T12:55:00Z,2026-04-14T12:33:00Z,2026-04-14T12:32:00Z,-5,-23,115,97,0,-18,7,BOM,BLR,5217,0,321,VTNOA,0,0,1,DOM,0,0,0,4,2,3,3,1,0,0,BOM,52,45,0,0,67,67,109,112,10,11,10,1,2026-04-15T21:17:28Z,2026-04-15
90906,2,4681,2026-04-13,0,2026-04-13,,2026-04-13T11:00:00Z,,2026-04-13T10:47:00Z,2026-04-13T12:55:00Z,2026-04-13T12:33:00Z,2026-04-13T12:42:00Z,-13,-13,115,115,0,0,-6,BOM,BLR,5217,0,321,VTNCF,0,0,1,DOM,0,0,0,7,2,3,3,1,0,0,BOM,39,45,0,0,67,67,109,112,10,11,10,,2026-04-15T21:17:28Z,2026-04-15
45594,1,4681,2026-04-11,0,2026-04-11,,2026-04-11T11:00:00Z,,2026-04-11T11:08:00Z,2026-04-11T12:55:00Z,2026-04-11T12:46:00Z,2026-04-11T12:44:00Z,8,-11,115,96,0,-19,9,BOM,BLR,5217,0,321,VTNCX,0,0,1,DOM,0,0,0,6,2,3,3,1,0,0,BOM,54,45,0,0,67,67,113,113,10,11,11,1,2026-04-15T21:17:28Z,2026-04-15
38327,1,4681,2026-04-16,0,2026-04-16,,2026-04-16T11:00:00Z,,,2026-04-16T12:55:00Z,2026-04-16T12:40:00Z,,0,-15,115,,0,-2,22,BOM,BLR,5217,0,321,VTNHO,0,0,1,DOM,0,0,0,7,2,3,3,1,0,0,BOM,0,45,0,0,67,67,113,113,10,11,11,,2026-04-15T21:17:28Z,2026-04-15
65977,1,1199,2026-04-16,0,2026-04-16,,2026-04-16T08:45:00Z,,,2026-04-16T09:55:00Z,2026-04-16T09:55:00Z,,0,0,70,,0,-7,-3,IDR,AMD,7174,0,ATR,VTIYY,0,0,0,DOM,0,0,0,4,2,3,3,1,0,0,IDR,0,35,0,0,32,35,63,63,8,8,8,,2026-04-15T21:17:28Z,2026-04-15
80210,2,1199,2026-04-16,0,2026-04-16,,2026-04-16T08:45:00Z,,,2026-04-16T09:55:00Z,2026-04-16T09:55:00Z,,0,0,70,,0,-7,-3,IDR,AMD,7174,0,ATR,VTIYY,0,0,0,DOM,0,0,0,6,2,3,3,1,0,0,IDR,0,35,0,0,32,35,63,63,8,8,8,,2026-04-15T21:17:28Z,2026-04-15
30009,1,1199,2026-04-12,0,2026-04-12,,2026-04-12T08:45:00Z,,2026-04-12T08:27:00Z,2026-04-12T09:55:00Z,2026-04-12T09:28:00Z,2026-04-12T09:29:00Z,-18,-26,70,62,0,-8,13,IDR,AMD,7174,0,ATR,VTIYX,0,0,0,DOM,0,0,0,4,2,3,3,1,0,0,IDR,48,35,0,0,44,48,63,63,7,8,8,1,2026-04-15T21:17:28Z,2026-04-15
67038,2,1199,2026-04-13,0,2026-04-13,,2026-04-13T08:45:00Z,,2026-04-13T08:33:00Z,2026-04-13T09:55:00Z,2026-04-13T09:36:00Z,2026-04-13T09:35:00Z,-12,-20,70,62,0,-8,5,IDR,AMD,7174,0,ATR,VTIYO,0,0,0,DOM,0,0,0,5,2,3,3,1,0,0,IDR,40,35,0,0,44,48,63,63,7,8,8,,2026-04-15T21:17:28Z,2026-04-15
37566,1,1199,2026-04-07,0,2026-04-07,,2026-04-07T08:45:00Z,,2026-04-07T08:38:00Z,2026-04-07T09:55:00Z,2026-04-07T09:50:00Z,2026-04-07T09:52:00Z,-7,-3,70,74,0,4,-7,IDR,AMD,7174,0,ATR,VTIYD,0,0,0,DOM,0,0,0,3,2,3,3,1,0,0,IDR,28,35,0,0,32,35,63,63,8,8,8,,2026-04-15T21:17:28Z,2026-04-15
78812,2,1199,2026-04-14,0,2026-04-14,,2026-04-14T08:45:00Z,,2026-04-14T08:30:00Z,2026-04-14T09:55:00Z,2026-04-14T09:30:00Z,2026-04-14T09:30:00Z,-15,-25,70,60,0,-10,19,IDR,AMD,7174,0,ATR,VTIRO,0,0,0,DOM,0,0,0,5,2,3,3,1,0,0,IDR,54,35,0,0,44,48,63,63,7,8,8,,2026-04-15T21:17:28Z,2026-04-15
49568,1,1199,2026-04-13,0,2026-04-13,,2026-04-13T08:45:00Z,,2026-04-13T08:33:00Z,2026-04-13T09:55:00Z,2026-04-13T09:36:00Z,2026-04-13T09:35:00Z,-12,-20,70,62,0,-8,5,IDR,AMD,7174,0,ATR,VTIYO,0,0,0,DOM,0,0,0,4,2,3,3,1,0,0,IDR,40,35,0,0,44,48,63,63,7,8,8,1,2026-04-15T21:17:28Z,2026-04-15
89626,2,1199,2026-04-07,0,2026-04-07,,2026-04-07T08:45:00Z,,2026-04-07T08:38:00Z,2026-04-07T09:55:00Z,2026-04-07T09:50:00Z,2026-04-07T09:52:00Z,-7,-3,70,74,0,4,-7,IDR,AMD,7174,0,ATR,VTIYD,0,0,0,DOM,0,0,0,3,2,3,3,1,0,0,IDR,28,35,0,0,32,35,63,63,8,8,8,,2026-04-15T21:17:28Z,2026-04-15
88517,2,1199,2026-04-10,0,2026-04-10,,2026-04-10T08:45:00Z,,2026-04-10T08:28:00Z,2026-04-10T09:55:00Z,2026-04-10T09:41:00Z,2026-04-10T09:41:00Z,-17,-14,70,73,0,3,-7,IDR,AMD,7174,0,ATR,VTIYF,0,0,0,DOM,0,0,0,2,2,3,3,1,0,0,IDR,28,35,0,0,32,35,63,63,8,8,8,,2026-04-15T21:17:28Z,2026-04-15
85872,2,1199,2026-04-12,0,2026-04-12,,2026-04-12T08:45:00Z,,2026-04-12T08:27:00Z,2026-04-12T09:55:00Z,2026-04-12T09:28:00Z,2026-04-12T09:29:00Z,-18,-26,70,62,0,-8,13,IDR,AMD,7174,0,ATR,VTIYX,0,0,0,DOM,0,0,0,3,2,3,3,1,0,0,IDR,48,35,0,0,44,48,63,63,7,8,8,,2026-04-15T21:17:28Z,2026-04-15
82998,2,1199,2026-04-11,0,2026-04-11,,2026-04-11T08:45:00Z,,2026-04-11T08:28:00Z,2026-04-11T09:55:00Z,2026-04-11T09:37:00Z,2026-04-11T09:37:00Z,-17,-18,70,69,0,-1,6,IDR,AMD,7174,0,ATR,VTIYE,0,0,0,DOM,0,0,0,3,2,3,3,1,0,0,IDR,41,35,0,0,44,48,63,63,7,8,8,,2026-04-15T21:17:28Z,2026-04-15
30009,1,1199,2026-04-05,0,2026-04-05,,2026-04-05T08:45:00Z,,2026-04-05T08:31:00Z,2026-04-05T09:55:00Z,2026-04-05T09:34:00Z,2026-04-05T09:34:00Z,-14,-21,70,63,0,-7,6,IDR,AMD,7174,0,ATR,VTIYG,0,0,0,DOM,0,0,0,1,2,3,3,1,0,0,IDR,41,35,0,0,44,48,63,63,7,8,8,,2026-04-15T21:17:28Z,2026-04-15
80859,1,1199,2026-04-03,0,2026-04-03,,2026-04-03T08:45:00Z,,2026-04-03T08:27:00Z,2026-04-03T09:55:00Z,2026-04-03T09:28:00Z,2026-04-03T09:28:00Z,-18,-27,70,61,0,-9,-8,IDR,AMD,7174,0,ATR,VTIRS,0,0,0,DOM,0,0,0,1,2,3,3,1,0,0,IDR,27,35,0,0,32,35,63,63,8,8,8,,2026-04-15T21:17:28Z,2026-04-15
78812,2,1199,2026-04-04,0,2026-04-04,,2026-04-04T08:45:00Z,,2026-04-04T08:43:00Z,2026-04-04T09:55:00Z,2026-04-04T09:44:00Z,2026-04-04T09:45:00Z,-2,-10,70,62,0,-8,5,IDR,AMD,7174,0,ATR,VTIYX,0,0,0,DOM,0,0,0,1,2,3,3,1,0,0,IDR,40,35,0,0,32,35,63,63,8,8,8,,2026-04-15T21:17:28Z,2026-04-15
76960,2,1199,2026-04-05,0,2026-04-05,,2026-04-05T08:45:00Z,,2026-04-05T08:31:00Z,2026-04-05T09:55:00Z,2026-04-05T09:34:00Z,2026-04-05T09:34:00Z,-14,-21,70,63,0,-7,6,IDR,AMD,7174,0,ATR,VTIYG,0,0,0,DOM,0,0,0,1,2,3,3,1,0,0,IDR,41,35,0,0,44,48,63,63,7,8,8,,2026-04-15T21:17:28Z,2026-04-15
71977,2,1199,2026-04-09,0,2026-04-10,,2026-04-10T17:30:00Z,,2026-04-10T17:43:00Z,2026-04-10T18:40:00Z,2026-04-10T18:58:00Z,2026-04-10T18:58:00Z,13,18,70,75,0,5,0,ISK,AMD,7219,0,ATR,VTIRE,0,0,0,DOM,0,0,0,5,2,3,3,1,0,0,ISK,20,20,0,0,21,21,81,81,17,17,17,,2026-04-15T21:17:28Z,2026-04-15
56827,1,1199,2026-04-09,0,2026-04-10,,2026-04-10T17:30:00Z,,2026-04-10T17:43:00Z,2026-04-10T18:40:00Z,2026-04-10T18:58:00Z,2026-04-10T18:58:00Z,13,18,70,75,0,5,0,ISK,AMD,7219,0,ATR,VTIRE,0,0,0,DOM,0,0,0,5,2,3,3,1,0,0,ISK,20,20,0,0,21,21,81,81,17,17,17,1,2026-04-15T21:17:28Z,2026-04-15
13462,1,3909,2026-04-14,0,2026-04-14,,2026-04-14T14:40:00Z,,2026-04-14T14:49:00Z,2026-04-14T16:55:00Z,2026-04-14T17:07:00Z,2026-04-14T17:27:00Z,9,32,135,158,0,23,18,HYD,DEL,711,0,321,VTNCP,0,0,0,DOM,0,0,0,5,2,1,1,1,0,0,HYD,58,40,0,0,52,57,150,150,13,14,14,1,2026-04-15T21:17:28Z,2026-04-15
14318,1,F9271,2026-04-05,0,2026-04-05,,2026-04-06T04:05:00Z,,2026-04-06T03:55:00Z,2026-04-06T06:30:00Z,2026-04-06T06:08:00Z,2026-04-06T06:08:00Z,-10,-22,145,133,0,-12,9,CCU,DEL,9271,0,321,VTIKW,1,0,1,DOM,0,0,0,1,2,1,1,1,0,0,CCU,249,240,0,0,60,60,,,23,4,3,,2026-04-15T21:17:28Z,2026-04-15
38323,1,F9271,2026-04-03,0,2026-04-03,,2026-04-04T02:05:00Z,,2026-04-04T02:20:00Z,2026-04-04T04:30:00Z,2026-04-04T04:37:00Z,2026-04-04T04:37:00Z,15,7,145,137,0,-8,9,CCU,DEL,9271,0,321,VTIKW,1,0,1,DOM,0,0,0,1,2,1,1,1,0,0,CCU,129,120,0,0,,,151,152,0,2,2,,2026-04-15T21:17:28Z,2026-04-15
56827,1,1199,2026-04-09,0,2026-04-09,,2026-04-09T12:05:00Z,,2026-04-09T11:48:00Z,2026-04-09T13:55:00Z,2026-04-09T13:43:00Z,2026-04-09T13:43:00Z,-17,-12,110,115,0,5,-1,ISK,HYD,7137,0,ATR,VTIRK,0,0,0,DOM,0,0,0,4,2,1,1,1,0,0,ISK,19,20,0,0,26,29,114,115,11,12,11,1,2026-04-15T21:17:28Z,2026-04-15
71977,2,1199,2026-04-09,0,2026-04-09,,2026-04-09T12:05:00Z,,2026-04-09T11:48:00Z,2026-04-09T13:55:00Z,2026-04-09T13:43:00Z,2026-04-09T13:43:00Z,-17,-12,110,115,0,5,-1,ISK,HYD,7137,0,ATR,VTIRK,0,0,0,DOM,0,0,0,4,2,1,1,1,0,0,ISK,19,20,0,0,26,29,114,115,11,12,11,,2026-04-15T21:17:28Z,2026-04-15
49568,1,1199,2026-04-13,0,2026-04-14,,2026-04-14T21:10:00Z,2026-04-14T21:40:00Z,2026-04-14T21:37:00Z,2026-04-14T22:35:00Z,2026-04-14T23:09:00Z,2026-04-14T23:08:00Z,27,33,85,91,0,6,0,NMI,AMD,7017,0,ATR,VTIYO,0,0,0,DOM,0,0,0,5,4,1,1,1,0,0,NMI,30,30,0,0,28,28,96,102,21,21,21,1,2026-04-15T18:31:29Z,2026-04-15
89626,2,1199,2026-04-07,0,2026-04-08,,2026-04-08T21:10:00Z,2026-04-08T21:55:00Z,2026-04-08T21:47:00Z,2026-04-08T22:35:00Z,2026-04-08T23:32:00Z,2026-04-08T23:35:00Z,37,60,85,108,0,23,-9,NMI,AMD,7017,0,ATR,VTIYE,0,0,0,DOM,0,0,0,4,4,1,1,1,0,0,NMI,21,30,0,0,28,28,96,102,21,21,21,,2026-04-15T18:31:29Z,2026-04-15
37566,1,1199,2026-04-07,0,2026-04-08,,2026-04-08T21:10:00Z,2026-04-08T21:55:00Z,2026-04-08T21:47:00Z,2026-04-08T22:35:00Z,2026-04-08T23:32:00Z,2026-04-08T23:35:00Z,37,60,85,108,0,23,-9,NMI,AMD,7017,0,ATR,VTIYE,0,0,0,DOM,0,0,0,4,4,1,1,1,0,0,NMI,21,30,0,0,28,28,96,102,21,21,21,1,2026-04-15T18:31:29Z,2026-04-15
82998,2,1199,2026-04-11,0,2026-04-12,,2026-04-12T21:10:00Z,2026-04-12T21:40:00Z,2026-04-12T21:31:00Z,2026-04-12T22:35:00Z,2026-04-12T23:07:00Z,2026-04-12T23:07:00Z,21,32,85,96,0,11,-2,NMI,AMD,7017,0,ATR,VTIRQ,0,0,0,DOM,0,0,0,4,4,1,1,1,0,0,NMI,28,30,0,0,28,28,96,102,21,21,21,,2026-04-15T18:31:29Z,2026-04-15
67038,2,1199,2026-04-13,0,2026-04-14,,2026-04-14T21:10:00Z,2026-04-14T21:40:00Z,2026-04-14T21:37:00Z,2026-04-14T22:35:00Z,2026-04-14T23:09:00Z,2026-04-14T23:08:00Z,27,33,85,91,0,6,0,NMI,AMD,7017,0,ATR,VTIYO,0,0,0,DOM,0,0,0,6,4,1,1,1,0,0,NMI,30,30,0,0,28,28,96,102,21,21,21,,2026-04-15T18:31:29Z,2026-04-15
71977,2,1199,2026-04-09,0,2026-04-10,,2026-04-10T21:10:00Z,2026-04-10T21:45:00Z,2026-04-10T21:39:00Z,2026-04-10T22:35:00Z,2026-04-10T23:16:00Z,2026-04-10T23:21:00Z,29,46,85,102,0,17,-7,NMI,AMD,7017,0,ATR,VTIRE,0,0,0,DOM,0,0,0,5,4,1,1,1,0,0,NMI,23,30,0,0,28,28,96,102,21,21,21,,2026-04-15T18:31:29Z,2026-04-15
56827,1,1199,2026-04-09,0,2026-04-10,,2026-04-10T21:10:00Z,2026-04-10T21:45:00Z,2026-04-10T21:39:00Z,2026-04-10T22:35:00Z,2026-04-10T23:16:00Z,2026-04-10T23:21:00Z,29,46,85,102,0,17,-7,NMI,AMD,7017,0,ATR,VTIRE,0,0,0,DOM,0,0,0,5,4,1,1,1,0,0,NMI,23,30,0,0,28,28,96,102,21,21,21,1,2026-04-15T18:31:29Z,2026-04-15
80859,1,1199,2026-04-03,0,2026-04-04,,2026-04-04T21:10:00Z,2026-04-04T22:00:00Z,2026-04-04T22:13:00Z,2026-04-04T22:35:00Z,2026-04-04T23:44:00Z,2026-04-04T23:43:00Z,63,68,85,90,0,5,27,NMI,AMD,7017,0,ATR,VTIYG,0,0,0,DOM,0,0,0,2,4,1,1,1,0,0,NMI,57,30,0,0,28,28,104,104,21,21,22,,2026-04-15T18:31:29Z,2026-04-15
78812,2,1199,2026-04-04,0,2026-04-05,,2026-04-05T21:10:00Z,2026-04-05T22:00:00Z,2026-04-05T22:01:00Z,2026-04-05T22:35:00Z,2026-04-05T23:37:00Z,2026-04-05T23:48:00Z,51,73,85,107,0,22,1,NMI,AMD,7017,0,ATR,VTIYJ,0,0,0,DOM,0,0,0,2,4,1,1,1,0,0,NMI,31,30,0,0,28,28,104,104,21,21,22,,2026-04-15T18:31:29Z,2026-04-15
85872,2,1199,2026-04-12,0,2026-04-13,,2026-04-13T21:10:00Z,2026-04-13T21:20:00Z,2026-04-13T21:17:00Z,2026-04-13T22:35:00Z,2026-04-13T22:48:00Z,2026-04-13T22:50:00Z,7,15,85,93,0,8,-8,NMI,AMD,7017,0,ATR,VTIRO,0,0,0,DOM,0,0,0,4,4,1,1,1,0,0,NMI,22,30,0,0,60,60,96,102,20,21,21,,2026-04-15T18:31:29Z,2026-04-15
30009,1,1199,2026-04-12,0,2026-04-13,,2026-04-13T21:10:00Z,2026-04-13T21:20:00Z,2026-04-13T21:17:00Z,2026-04-13T22:35:00Z,2026-04-13T22:48:00Z,2026-04-13T22:50:00Z,7,15,85,93,0,8,-8,NMI,AMD,7017,0,ATR,VTIRO,0,0,0,DOM,0,0,0,5,4,1,1,1,0,0,NMI,22,30,0,0,60,60,96,102,20,21,21,1,2026-04-15T18:31:29Z,2026-04-15
30009,1,1199,2026-04-05,0,2026-04-06,,2026-04-06T21:10:00Z,2026-04-06T21:20:00Z,2026-04-06T21:18:00Z,2026-04-06T22:35:00Z,2026-04-06T22:51:00Z,2026-04-06T22:54:00Z,8,19,85,96,0,11,-5,NMI,AMD,7017,0,ATR,VTIYJ,0,0,0,DOM,0,0,0,2,4,1,1,1,0,0,NMI,25,30,0,0,60,60,96,102,20,21,21,,2026-04-15T18:31:29Z,2026-04-15
76960,2,1199,2026-04-05,0,2026-04-06,,2026-04-06T21:10:00Z,2026-04-06T21:20:00Z,2026-04-06T21:18:00Z,2026-04-06T22:35:00Z,2026-04-06T22:51:00Z,2026-04-06T22:54:00Z,8,19,85,96,0,11,-5,NMI,AMD,7017,0,ATR,VTIYJ,0,0,0,DOM,0,0,0,2,4,1,1,1,0,0,NMI,25,30,0,0,60,60,96,102,20,21,21,,2026-04-15T18:31:29Z,2026-04-15
88517,2,1199,2026-04-10,0,2026-04-11,,2026-04-11T21:10:00Z,2026-04-11T22:50:00Z,2026-04-11T22:51:00Z,2026-04-11T22:35:00Z,2026-04-12T00:28:00Z,2026-04-12T00:35:00Z,101,120,85,104,0,19,2,NMI,AMD,7017,0,ATR,VTIYO,0,0,0,DOM,0,0,0,3,4,1,1,1,0,0,NMI,32,30,0,0,60,60,104,104,22,21,22,,2026-04-15T18:31:29Z,2026-04-15
88517,2,1199,2026-04-10,0,2026-04-11,,2026-04-11T19:10:00Z,2026-04-11T20:10:00Z,2026-04-11T20:07:00Z,2026-04-11T20:40:00Z,2026-04-11T22:21:00Z,2026-04-11T22:19:00Z,57,99,90,132,0,42,0,AMD,NMI,7018,0,ATR,VTIYO,0,0,0,DOM,0,0,0,3,3,2,2,1,0,0,AMD,30,30,0,0,32,34,132,132,19,19,20,,2026-04-15T18:31:29Z,2026-04-15
80859,1,1199,2026-04-03,0,2026-04-04,,2026-04-04T19:10:00Z,2026-04-04T19:55:00Z,2026-04-04T19:34:00Z,2026-04-04T20:40:00Z,2026-04-04T21:18:00Z,2026-04-04T21:16:00Z,24,36,90,102,0,12,3,AMD,NMI,7018,0,ATR,VTIYG,0,0,0,DOM,0,0,0,2,3,2,2,1,0,0,AMD,33,30,0,0,32,34,103,103,19,19,19,,2026-04-15T18:31:29Z,2026-04-15
89626,2,1199,2026-04-07,0,2026-04-08,,2026-04-08T19:10:00Z,2026-04-08T19:45:00Z,2026-04-08T19:40:00Z,2026-04-08T20:40:00Z,2026-04-08T21:24:00Z,2026-04-08T21:26:00Z,30,46,90,106,0,16,-8,AMD,NMI,7018,0,ATR,VTIYE,0,0,0,DOM,0,0,0,4,3,2,2,1,0,0,AMD,22,30,0,0,32,34,103,103,19,19,19,,2026-04-15T18:31:29Z,2026-04-15
37566,1,1199,2026-04-07,0,2026-04-08,,2026-04-08T19:10:00Z,2026-04-08T19:45:00Z,2026-04-08T19:40:00Z,2026-04-08T20:40:00Z,2026-04-08T21:24:00Z,2026-04-08T21:26:00Z,30,46,90,106,0,16,-8,AMD,NMI,7018,0,ATR,VTIYE,0,0,0,DOM,0,0,0,4,3,2,2,1,0,0,AMD,22,30,0,0,32,34,103,103,19,19,19,1,2026-04-15T18:31:29Z,2026-04-15
82998,2,1199,2026-04-11,0,2026-04-12,,2026-04-12T19:10:00Z,2026-04-12T19:30:00Z,2026-04-12T19:31:00Z,2026-04-12T20:40:00Z,2026-04-12T21:06:00Z,2026-04-12T21:03:00Z,21,23,90,92,0,2,-4,AMD,NMI,7018,0,ATR,VTIRQ,0,0,0,DOM,0,0,0,4,3,2,2,1,0,0,AMD,26,30,0,0,32,34,103,103,19,19,19,,2026-04-15T18:31:29Z,2026-04-15
78812,2,1199,2026-04-04,0,2026-04-05,,2026-04-05T19:10:00Z,2026-04-05T19:55:00Z,2026-04-05T19:49:00Z,2026-04-05T20:40:00Z,2026-04-05T21:32:00Z,2026-04-05T21:30:00Z,39,50,90,101,0,11,-5,AMD,NMI,7018,0,ATR,VTIYJ,0,0,0,DOM,0,0,0,2,3,2,2,1,0,0,AMD,25,30,0,0,32,34,103,103,19,19,19,,2026-04-15T18:31:29Z,2026-04-15
49568,1,1199,2026-04-13,0,2026-04-14,,2026-04-14T19:10:00Z,2026-04-14T19:25:00Z,2026-04-14T19:23:00Z,2026-04-14T20:40:00Z,2026-04-14T21:08:00Z,2026-04-14T21:07:00Z,13,27,90,104,0,14,-3,AMD,NMI,7018,0,ATR,VTIYO,0,0,0,DOM,0,0,0,5,3,2,2,1,0,0,AMD,27,30,0,0,27,27,103,103,18,19,19,1,2026-04-15T18:31:29Z,2026-04-15
85872,2,1199,2026-04-12,0,2026-04-13,,2026-04-13T19:10:00Z,2026-04-13T19:20:00Z,2026-04-13T19:13:00Z,2026-04-13T20:40:00Z,2026-04-13T20:51:00Z,2026-04-13T20:55:00Z,3,15,90,102,0,12,-4,AMD,NMI,7018,0,ATR,VTIRO,0,0,0,DOM,0,0,0,4,3,2,2,1,0,0,AMD,26,30,0,0,27,27,103,103,18,19,19,,2026-04-15T18:31:29Z,2026-04-15
30009,1,1199,2026-04-12,0,2026-04-13,,2026-04-13T19:10:00Z,2026-04-13T19:20:00Z,2026-04-13T19:13:00Z,2026-04-13T20:40:00Z,2026-04-13T20:51:00Z,2026-04-13T20:55:00Z,3,15,90,102,0,12,-4,AMD,NMI,7018,0,ATR,VTIRO,0,0,0,DOM,0,0,0,5,3,2,2,1,0,0,AMD,26,30,0,0,27,27,103,103,18,19,19,1,2026-04-15T18:31:29Z,2026-04-15
30009,1,1199,2026-04-05,0,2026-04-06,,2026-04-06T19:10:00Z,2026-04-06T19:25:00Z,2026-04-06T19:11:00Z,2026-04-06T20:40:00Z,2026-04-06T20:54:00Z,2026-04-06T20:53:00Z,1,13,90,102,0,12,-7,AMD,NMI,7018,0,ATR,VTIYJ,0,0,0,DOM,0,0,0,2,3,2,2,1,0,0,AMD,23,30,0,0,27,27,103,103,18,19,19,,2026-04-15T18:31:29Z,2026-04-15
67038,2,1199,2026-04-13,0,2026-04-14,,2026-04-14T19:10:00Z,2026-04-14T19:25:00Z,2026-04-14T19:23:00Z,2026-04-14T20:40:00Z,2026-04-14T21:08:00Z,2026-04-14T21:07:00Z,13,27,90,104,0,14,-3,AMD,NMI,7018,0,ATR,VTIYO,0,0,0,DOM,0,0,0,6,3,2,2,1,0,0,AMD,27,30,0,0,27,27,103,103,18,19,19,,2026-04-15T18:31:29Z,2026-04-15
71977,2,1199,2026-04-09,0,2026-04-10,,2026-04-10T19:10:00Z,2026-04-10T19:30:00Z,2026-04-10T19:33:00Z,2026-04-10T20:40:00Z,2026-04-10T21:16:00Z,2026-04-10T21:16:00Z,23,36,90,103,0,13,5,AMD,NMI,7018,0,ATR,VTIRE,0,0,0,DOM,0,0,0,5,3,2,2,1,0,0,AMD,35,30,0,0,27,27,103,103,18,19,19,,2026-04-15T18:31:29Z,2026-04-15
76960,2,1199,2026-04-05,0,2026-04-06,,2026-04-06T19:10:00Z,2026-04-06T19:25:00Z,2026-04-06T19:11:00Z,2026-04-06T20:40:00Z,2026-04-06T20:54:00Z,2026-04-06T20:53:00Z,1,13,90,102,0,12,-7,AMD,NMI,7018,0,ATR,VTIYJ,0,0,0,DOM,0,0,0,2,3,2,2,1,0,0,AMD,23,30,0,0,27,27,103,103,18,19,19,,2026-04-15T18:31:29Z,2026-04-15
56827,1,1199,2026-04-09,0,2026-04-10,,2026-04-10T19:10:00Z,2026-04-10T19:30:00Z,2026-04-10T19:33:00Z,2026-04-10T20:40:00Z,2026-04-10T21:16:00Z,2026-04-10T21:16:00Z,23,36,90,103,0,13,5,AMD,NMI,7018,0,ATR,VTIRE,0,0,0,DOM,0,0,0,5,3,2,2,1,0,0,AMD,35,30,0,0,27,27,103,103,18,19,19,1,2026-04-15T18:31:29Z,2026-04-15
22452,1,3909,2026-04-11,0,2026-04-11,,2026-04-11T14:40:00Z,2026-04-11T14:55:00Z,2026-04-11T14:53:00Z,2026-04-11T16:55:00Z,2026-04-11T17:07:00Z,2026-04-11T17:15:00Z,13,20,135,142,0,7,16,HYD,DEL,711,0,321,VTICH,0,0,0,DOM,0,0,0,4,2,3,3,1,0,0,HYD,56,40,0,0,52,57,150,150,13,14,14,1,2026-04-15T18:31:29Z,2026-04-15
39854,1,3909,2026-04-09,0,2026-04-09,,2026-04-09T14:40:00Z,2026-04-09T14:55:00Z,2026-04-09T14:56:00Z,2026-04-09T16:55:00Z,2026-04-09T17:16:00Z,2026-04-09T17:19:00Z,16,24,135,143,0,8,3,HYD,DEL,711,0,321,VTNCD,0,0,0,DOM,0,0,0,4,2,3,3,1,0,0,HYD,43,40,0,0,53,54,150,150,14,14,14,1,2026-04-15T18:31:29Z,2026-04-15
62973,2,3909,2026-04-07,0,2026-04-07,,2026-04-07T14:40:00Z,2026-04-07T15:10:00Z,2026-04-07T15:06:00Z,2026-04-07T16:55:00Z,2026-04-07T17:39:00Z,2026-04-07T17:44:00Z,26,49,135,158,0,23,1,HYD,DEL,711,0,321,VTNCW,0,0,0,DOM,0,0,0,3,2,3,3,1,0,0,HYD,41,40,0,0,53,54,169,169,14,14,15,,2026-04-15T18:31:29Z,2026-04-15
64998,2,3909,2026-04-04,0,2026-04-04,,2026-04-04T14:40:00Z,2026-04-04T15:00:00Z,2026-04-04T15:05:00Z,2026-04-04T16:55:00Z,2026-04-04T17:15:00Z,2026-04-04T17:19:00Z,25,24,135,134,0,-1,2,HYD,DEL,711,0,321,VTICM,0,0,0,DOM,0,0,0,1,2,3,3,1,0,0,HYD,42,40,0,0,53,54,169,169,14,14,15,,2026-04-15T18:31:29Z,2026-04-15
69116,2,3909,2026-04-12,0,2026-04-12,,2026-04-12T14:40:00Z,2026-04-12T15:00:00Z,2026-04-12T14:53:00Z,2026-04-12T16:55:00Z,2026-04-12T17:08:00Z,2026-04-12T17:11:00Z,13,16,135,138,0,3,12,HYD,DEL,711,0,321,VTNHE,0,0,0,DOM,0,0,0,5,2,3,3,1,0,0,HYD,52,40,0,0,53,54,150,150,14,14,14,,2026-04-15T18:31:29Z,2026-04-15
15088,1,3909,2026-04-03,0,2026-04-03,,2026-04-03T14:40:00Z,2026-04-03T15:00:00Z,2026-04-03T14:58:00Z,2026-04-03T16:55:00Z,2026-04-03T17:04:00Z,2026-04-03T17:07:00Z,18,12,135,129,0,-6,-1,HYD,DEL,711,0,321,VTNCW,0,0,0,DOM,0,0,0,1,2,1,1,1,0,0,HYD,39,40,0,0,53,54,150,150,14,14,14,,2026-04-15T18:31:29Z,2026-04-15
18481,1,3909,2026-04-15,0,2026-04-15,,2026-04-15T14:40:00Z,2026-04-15T14:55:00Z,2026-04-15T15:07:00Z,2026-04-15T16:55:00Z,2026-04-15T17:21:00Z,2026-04-15T17:23:00Z,27,28,135,136,0,1,13,HYD,DEL,711,0,321,VTIWS,0,0,0,DOM,0,0,0,9,2,1,1,1,0,0,HYD,53,40,0,0,53,54,169,169,14,14,15,1,2026-04-15T18:31:29Z,2026-04-15
21516,1,3909,2026-04-05,0,2026-04-05,,2026-04-05T14:40:00Z,2026-04-05T14:55:00Z,2026-04-05T15:08:00Z,2026-04-05T16:55:00Z,2026-04-05T17:36:00Z,2026-04-05T17:41:00Z,28,46,135,153,0,18,20,HYD,DEL,711,0,321,VTNCZ,0,0,0,DOM,0,0,0,3,2,1,1,1,0,0,HYD,60,40,0,0,53,54,169,169,14,14,15,,2026-04-15T18:31:29Z,2026-04-15
43904,2,3909,2026-04-15,0,2026-04-15,,2026-04-15T14:40:00Z,2026-04-15T14:55:00Z,2026-04-15T15:07:00Z,2026-04-15T16:55:00Z,2026-04-15T17:21:00Z,2026-04-15T17:23:00Z,27,28,135,136,0,1,13,HYD,DEL,711,0,321,VTIWS,0,0,0,DOM,0,0,0,7,2,1,1,1,0,0,HYD,53,40,0,0,53,54,169,169,14,14,15,,2026-04-15T18:31:29Z,2026-04-15
18381,1,3909,2026-04-10,0,2026-04-10,,2026-04-10T14:40:00Z,2026-04-10T15:05:00Z,2026-04-10T15:22:00Z,2026-04-10T16:55:00Z,2026-04-10T17:51:00Z,2026-04-10T17:56:00Z,42,61,135,154,0,19,14,HYD,DEL,711,0,321,VTNHC,0,0,0,DOM,0,0,0,5,2,1,1,1,0,0,HYD,54,40,0,0,53,54,169,169,14,14,15,1,2026-04-15T18:31:29Z,2026-04-15
78919,2,4681,2026-04-06,0,2026-04-06,,2026-04-06T16:55:00Z,2026-04-06T17:25:00Z,2026-04-06T17:15:00Z,2026-04-06T19:15:00Z,2026-04-06T19:20:00Z,2026-04-06T19:28:00Z,20,13,140,133,0,-7,-13,AMD,BLR,863,0,320,VTIAX,0,0,0,DOM,0,0,0,3,4,1,1,1,0,0,AMD,42,55,0,0,45,51,137,137,16,16,17,,2026-04-15T18:31:29Z,2026-04-15
35925,1,4681,2026-04-06,0,2026-04-06,,2026-04-06T16:55:00Z,2026-04-06T17:25:00Z,2026-04-06T17:15:00Z,2026-04-06T19:15:00Z,2026-04-06T19:20:00Z,2026-04-06T19:28:00Z,20,13,140,133,0,-7,-13,AMD,BLR,863,0,320,VTIAX,0,0,0,DOM,0,0,0,3,4,1,1,1,0,0,AMD,42,55,0,0,45,51,137,137,16,16,17,,2026-04-15T18:31:29Z,2026-04-15
37552,1,F9271,2026-04-08,0,2026-04-08,,2026-04-09T04:00:00Z,2026-04-09T04:35:00Z,2026-04-09T04:32:00Z,2026-04-09T06:05:00Z,2026-04-09T06:58:00Z,2026-04-09T06:58:00Z,32,53,125,146,0,21,55,CCU,DEL,9423,0,321,VTIKW,1,0,1,DOM,0,0,0,5,2,1,1,1,0,0,CCU,290,235,0,0,60,60,146,146,23,4,4,1,2026-04-15T18:31:29Z,2026-04-15
89774,2,F9271,2026-04-08,0,2026-04-08,,2026-04-09T04:00:00Z,2026-04-09T04:35:00Z,2026-04-09T04:32:00Z,2026-04-09T06:05:00Z,2026-04-09T06:58:00Z,2026-04-09T06:58:00Z,32,53,125,146,0,21,55,CCU,DEL,9423,0,321,VTIKW,1,0,1,DOM,0,0,0,1,2,1,1,1,0,0,CCU,290,235,0,0,60,60,146,146,23,4,4,,2026-04-15T18:31:29Z,2026-04-15
78812,2,1199,2026-04-14,0,2026-04-15,,2026-04-15T17:30:00Z,2026-04-15T17:55:00Z,2026-04-15T17:43:00Z,2026-04-15T18:40:00Z,2026-04-15T19:00:00Z,,13,20,70,,0,7,1,ISK,AMD,7219,0,ATR,VTIYP,0,0,0,DOM,0,0,0,6,2,1,1,1,0,0,ISK,21,20,0,0,21,23,81,86,17,17,17,,2026-04-15T18:31:29Z,2026-04-15
62973,2,3909,2026-04-07,0,2026-04-07,,2026-04-07T20:00:00Z,2026-04-07T21:20:00Z,2026-04-07T21:16:00Z,2026-04-07T21:20:00Z,2026-04-07T23:03:00Z,2026-04-07T23:04:00Z,76,104,80,108,0,28,-9,UDR,DEL,6229,0,320,VTIIA,0,0,0,DOM,0,0,0,3,4,1,1,1,0,0,UDR,26,35,0,0,60,60,,,20,20,21,,2026-04-15T18:31:29Z,2026-04-15
22452,1,3909,2026-04-11,0,2026-04-11,,2026-04-11T20:00:00Z,2026-04-11T20:35:00Z,2026-04-11T20:51:00Z,2026-04-11T21:20:00Z,2026-04-11T22:05:00Z,2026-04-11T22:12:00Z,51,52,80,81,0,1,17,UDR,DEL,6229,0,320,VTIKK,0,0,0,DOM,0,0,0,4,4,1,1,1,0,0,UDR,52,35,0,0,33,36,81,81,19,20,20,1,2026-04-15T18:31:29Z,2026-04-15
64998,2,3909,2026-04-04,0,2026-04-04,,2026-04-04T20:00:00Z,2026-04-04T20:10:00Z,2026-04-04T20:16:00Z,2026-04-04T21:20:00Z,2026-04-04T21:30:00Z,2026-04-04T21:33:00Z,16,13,80,77,0,-3,1,UDR,DEL,6229,0,320,VTIQI,0,0,0,DOM,0,0,0,1,4,1,1,1,0,0,UDR,36,35,0,0,33,36,81,81,19,20,20,,2026-04-15T18:31:29Z,2026-04-15
69116,2,3909,2026-04-12,0,2026-04-12,,2026-04-12T20:00:00Z,2026-04-12T20:25:00Z,2026-04-12T20:24:00Z,2026-04-12T21:20:00Z,2026-04-12T21:41:00Z,2026-04-12T21:45:00Z,24,25,80,81,0,1,1,UDR,DEL,6229,0,320,VTIKK,0,0,0,DOM,0,0,0,5,4,1,1,1,0,0,UDR,36,35,0,0,33,36,81,81,19,20,20,,2026-04-15T18:31:29Z,2026-04-15
78919,2,4681,2026-04-06,0,2026-04-06,,2026-04-06T13:55:00Z,2026-04-06T14:05:00Z,2026-04-06T14:15:00Z,2026-04-06T16:00:00Z,2026-04-06T16:33:00Z,2026-04-06T16:33:00Z,20,33,125,138,0,13,18,BLR,AMD,6595,0,320,VTIAX,1,0,0,DOM,0,0,0,3,3,2,2,1,0,0,BLR,78,60,0,0,138,154,140,140,12,13,14,,2026-04-15T18:31:29Z,2026-04-15
35925,1,4681,2026-04-06,0,2026-04-06,,2026-04-06T13:55:00Z,2026-04-06T14:05:00Z,2026-04-06T14:15:00Z,2026-04-06T16:00:00Z,2026-04-06T16:33:00Z,2026-04-06T16:33:00Z,20,33,125,138,0,13,18,BLR,AMD,6595,0,320,VTIAX,1,0,0,DOM,0,0,0,3,3,2,2,1,0,0,BLR,78,60,0,0,138,154,140,140,12,13,14,,2026-04-15T18:31:29Z,2026-04-15
22452,1,3909,2026-04-11,0,2026-04-11,,2026-04-11T18:10:00Z,2026-04-11T18:25:00Z,2026-04-11T18:36:00Z,2026-04-11T19:25:00Z,2026-04-11T20:02:00Z,2026-04-11T19:59:00Z,26,34,75,83,0,8,6,DEL,UDR,6228,0,320,VTIKK,1,0,0,DOM,0,0,0,4,3,2,2,1,0,0,DEL,81,75,0,0,108,110,83,83,17,18,18,1,2026-04-15T18:31:29Z,2026-04-15
62973,2,3909,2026-04-07,0,2026-04-07,,2026-04-07T18:10:00Z,2026-04-07T19:00:00Z,2026-04-07T19:19:00Z,2026-04-07T19:25:00Z,2026-04-07T20:52:00Z,2026-04-07T20:50:00Z,69,85,75,91,0,16,20,DEL,UDR,6228,0,320,VTIIA,1,0,0,DOM,0,0,0,3,3,2,2,1,0,0,DEL,95,75,0,0,108,110,,,17,18,19,,2026-04-15T18:31:29Z,2026-04-15
69116,2,3909,2026-04-12,0,2026-04-12,,2026-04-12T18:10:00Z,2026-04-12T18:40:00Z,2026-04-12T18:36:00Z,2026-04-12T19:25:00Z,2026-04-12T19:50:00Z,2026-04-12T19:48:00Z,26,23,75,72,0,-3,10,DEL,UDR,6228,0,320,VTIKK,1,0,0,DOM,0,0,0,5,3,2,2,1,0,0,DEL,85,75,0,0,108,110,83,83,17,18,18,,2026-04-15T18:31:29Z,2026-04-15
49568,1,1199,2026-04-13,0,2026-04-14,,2026-04-14T17:30:00Z,2026-04-14T17:30:00Z,2026-04-14T17:40:00Z,2026-04-14T18:40:00Z,2026-04-14T18:56:00Z,2026-04-14T18:56:00Z,10,16,70,76,0,6,10,ISK,AMD,7219,0,ATR,VTIYO,0,0,0,DOM,0,0,0,5,2,3,3,1,0,0,ISK,30,20,0,0,21,23,81,86,17,17,17,1,2026-04-15T18:31:29Z,2026-04-15
80859,1,1199,2026-04-03,0,2026-04-04,,2026-04-04T17:30:00Z,2026-04-04T17:50:00Z,2026-04-04T17:48:00Z,2026-04-04T18:40:00Z,2026-04-04T19:02:00Z,2026-04-04T19:01:00Z,18,21,70,73,0,3,-1,ISK,AMD,7219,0,ATR,VTIYG,0,0,0,DOM,0,0,0,2,2,3,3,1,0,0,ISK,19,20,0,0,21,23,81,86,17,17,17,,2026-04-15T18:31:29Z,2026-04-15
89626,2,1199,2026-04-07,0,2026-04-08,,2026-04-08T17:30:00Z,2026-04-08T17:50:00Z,2026-04-08T17:51:00Z,2026-04-08T18:40:00Z,2026-04-08T19:16:00Z,2026-04-08T19:18:00Z,21,38,70,87,0,17,-3,ISK,AMD,7219,0,ATR,VTIYE,0,0,0,DOM,0,0,0,4,2,3,3,1,0,0,ISK,17,20,0,0,21,23,81,86,17,17,17,,2026-04-15T18:31:29Z,2026-04-15
85872,2,1199,2026-04-12,0,2026-04-13,,2026-04-13T17:30:00Z,2026-04-13T17:35:00Z,2026-04-13T17:30:00Z,2026-04-13T18:40:00Z,2026-04-13T18:48:00Z,2026-04-13T18:47:00Z,0,7,70,77,0,7,1,ISK,AMD,7219,0,ATR,VTIRO,0,0,0,DOM,0,0,0,4,2,3,3,1,0,0,ISK,21,20,0,0,21,23,81,86,17,17,17,,2026-04-15T18:31:29Z,2026-04-15
37566,1,1199,2026-04-07,0,2026-04-08,,2026-04-08T17:30:00Z,2026-04-08T17:50:00Z,2026-04-08T17:51:00Z,2026-04-08T18:40:00Z,2026-04-08T19:16:00Z,2026-04-08T19:18:00Z,21,38,70,87,0,17,-3,ISK,AMD,7219,0,ATR,VTIYE,0,0,0,DOM,0,0,0,4,2,3,3,1,0,0,ISK,17,20,0,0,21,23,81,86,17,17,17,1,2026-04-15T18:31:29Z,2026-04-15
82998,2,1199,2026-04-11,0,2026-04-12,,2026-04-12T17:30:00Z,2026-04-12T17:45:00Z,2026-04-12T17:44:00Z,2026-04-12T18:40:00Z,2026-04-12T19:04:00Z,2026-04-12T19:05:00Z,14,25,70,81,0,11,3,ISK,AMD,7219,0,ATR,VTIRQ,0,0,0,DOM,0,0,0,4,2,3,3,1,0,0,ISK,23,20,0,0,21,23,81,86,17,17,17,,2026-04-15T18:31:29Z,2026-04-15
30009,1,1199,2026-04-12,0,2026-04-13,,2026-04-13T17:30:00Z,2026-04-13T17:35:00Z,2026-04-13T17:30:00Z,2026-04-13T18:40:00Z,2026-04-13T18:48:00Z,2026-04-13T18:47:00Z,0,7,70,77,0,7,1,ISK,AMD,7219,0,ATR,VTIRO,0,0,0,DOM,0,0,0,5,2,3,3,1,0,0,ISK,21,20,0,0,21,23,81,86,17,17,17,1,2026-04-15T18:31:29Z,2026-04-15
30009,1,1199,2026-04-05,0,2026-04-06,,2026-04-06T17:30:00Z,2026-04-06T17:40:00Z,2026-04-06T17:31:00Z,2026-04-06T18:40:00Z,2026-04-06T18:48:00Z,2026-04-06T18:48:00Z,1,8,70,77,0,7,1,ISK,AMD,7219,0,ATR,VTIYJ,0,0,0,DOM,0,0,0,2,2,3,3,1,0,0,ISK,21,20,0,0,21,23,81,86,17,17,17,,2026-04-15T18:31:29Z,2026-04-15
67038,2,1199,2026-04-13,0,2026-04-14,,2026-04-14T17:30:00Z,2026-04-14T17:30:00Z,2026-04-14T17:40:00Z,2026-04-14T18:40:00Z,2026-04-14T18:56:00Z,2026-04-14T18:56:00Z,10,16,70,76,0,6,10,ISK,AMD,7219,0,ATR,VTIYO,0,0,0,DOM,0,0,0,6,2,3,3,1,0,0,ISK,30,20,0,0,21,23,81,86,17,17,17,,2026-04-15T18:31:29Z,2026-04-15
76960,2,1199,2026-04-05,0,2026-04-06,,2026-04-06T17:30:00Z,2026-04-06T17:40:00Z,2026-04-06T17:31:00Z,2026-04-06T18:40:00Z,2026-04-06T18:48:00Z,2026-04-06T18:48:00Z,1,8,70,77,0,7,1,ISK,AMD,7219,0,ATR,VTIYJ,0,0,0,DOM,0,0,0,2,2,3,3,1,0,0,ISK,21,20,0,0,21,23,81,86,17,17,17,,2026-04-15T18:31:29Z,2026-04-15
88517,2,1199,2026-04-10,0,2026-04-11,,2026-04-11T17:30:00Z,2026-04-11T18:00:00Z,2026-04-11T18:10:00Z,2026-04-11T18:40:00Z,2026-04-11T19:38:00Z,2026-04-11T19:37:00Z,40,57,70,87,0,17,12,ISK,AMD,7219,0,ATR,VTIYO,0,0,0,DOM,0,0,0,3,2,3,3,1,0,0,ISK,32,20,0,0,21,23,87,87,17,17,18,,2026-04-15T18:31:29Z,2026-04-15
78812,2,1199,2026-04-04,0,2026-04-05,,2026-04-05T17:30:00Z,2026-04-05T18:05:00Z,2026-04-05T18:06:00Z,2026-04-05T18:40:00Z,2026-04-05T19:22:00Z,2026-04-05T19:24:00Z,36,44,70,78,0,8,2,ISK,AMD,7219,0,ATR,VTIYJ,0,0,0,DOM,0,0,0,2,2,3,3,1,0,0,ISK,22,20,0,0,21,23,87,87,17,17,18,,2026-04-15T18:31:29Z,2026-04-15
49568,1,1199,2026-04-13,1,2026-04-14,2026-04-14T14:40:00Z,2026-04-14T15:35:00Z,2026-04-14T15:25:00Z,2026-04-14T15:27:00Z,2026-04-14T17:10:00Z,2026-04-14T17:12:00Z,2026-04-14T17:10:00Z,-8,0,95,103,-8,8,0,HYD,ISK,7136,0,ATR,VTIYO,0,0,,DOM,0,0,0,5,1,4,4,1,0,0,,0,0,3,7,0,0,112,112,,15,15,1,2026-04-15T18:31:29Z,2026-04-15
80859,1,1199,2026-04-03,1,2026-04-04,2026-04-04T14:40:00Z,2026-04-04T15:35:00Z,2026-04-04T15:25:00Z,2026-04-04T15:34:00Z,2026-04-04T17:10:00Z,2026-04-04T17:31:00Z,2026-04-04T17:29:00Z,-1,19,95,115,-1,20,0,HYD,ISK,7136,0,ATR,VTIYG,0,0,,DOM,0,0,0,2,1,4,4,1,0,0,,0,0,3,7,0,0,112,112,,15,15,,2026-04-15T18:31:29Z,2026-04-15
78812,2,1199,2026-04-14,1,2026-04-15,2026-04-15T14:50:00Z,2026-04-15T15:35:00Z,2026-04-15T15:45:00Z,2026-04-15T15:42:00Z,2026-04-15T17:10:00Z,2026-04-15T17:24:00Z,2026-04-15T17:22:00Z,7,12,95,100,7,5,0,HYD,ISK,7136,0,ATR,VTIYP,0,0,,DOM,0,0,0,6,1,2,2,1,0,0,,0,0,3,7,0,0,112,112,,15,15,,2026-04-15T18:31:29Z,2026-04-15
85872,2,1199,2026-04-12,1,2026-04-13,2026-04-13T14:40:00Z,2026-04-13T15:35:00Z,2026-04-13T15:25:00Z,2026-04-13T15:24:00Z,2026-04-13T17:10:00Z,2026-04-13T17:09:00Z,2026-04-13T17:09:00Z,-11,-1,95,105,-11,10,0,HYD,ISK,7136,0,ATR,VTIRO,0,0,,DOM,0,0,0,4,1,4,4,1,0,0,,0,0,3,7,0,0,112,112,,15,15,,2026-04-15T18:31:29Z,2026-04-15
30009,1,1199,2026-04-12,1,2026-04-13,2026-04-13T14:40:00Z,2026-04-13T15:35:00Z,2026-04-13T15:25:00Z,2026-04-13T15:24:00Z,2026-04-13T17:10:00Z,2026-04-13T17:09:00Z,2026-04-13T17:09:00Z,-11,-1,95,105,-11,10,0,HYD,ISK,7136,0,ATR,VTIRO,0,0,,DOM,0,0,0,5,1,4,4,1,0,0,,0,0,3,7,0,0,112,112,,15,15,1,2026-04-15T18:31:29Z,2026-04-15
30009,1,1199,2026-04-05,1,2026-04-06,2026-04-06T14:45:00Z,2026-04-06T15:35:00Z,2026-04-06T15:30:00Z,2026-04-06T15:28:00Z,2026-04-06T17:10:00Z,2026-04-06T17:13:00Z,2026-04-06T17:10:00Z,-7,0,95,102,-7,7,0,HYD,ISK,7136,0,ATR,VTIYJ,0,0,,DOM,0,0,0,2,1,4,4,1,0,0,,0,0,3,7,0,0,112,112,,15,15,,2026-04-15T18:31:29Z,2026-04-15
67038,2,1199,2026-04-13,1,2026-04-14,2026-04-14T14:40:00Z,2026-04-14T15:35:00Z,2026-04-14T15:25:00Z,2026-04-14T15:27:00Z,2026-04-14T17:10:00Z,2026-04-14T17:12:00Z,2026-04-14T17:10:00Z,-8,0,95,103,-8,8,0,HYD,ISK,7136,0,ATR,VTIYO,0,0,,DOM,0,0,0,6,1,4,4,1,0,0,,0,0,3,7,0,0,112,112,,15,15,,2026-04-15T18:31:29Z,2026-04-15
78812,2,1199,2026-04-04,1,2026-04-05,2026-04-05T14:40:00Z,2026-04-05T15:35:00Z,2026-04-05T15:25:00Z,2026-04-05T15:35:00Z,2026-04-05T17:10:00Z,2026-04-05T17:43:00Z,2026-04-05T17:44:00Z,0,34,95,129,0,34,0,HYD,ISK,7136,0,ATR,VTIYJ,0,0,,DOM,0,0,0,2,1,4,4,1,0,0,,0,0,3,7,0,0,112,112,,15,15,,2026-04-15T18:31:29Z,2026-04-15
76960,2,1199,2026-04-05,1,2026-04-06,2026-04-06T14:45:00Z,2026-04-06T15:35:00Z,2026-04-06T15:30:00Z,2026-04-06T15:28:00Z,2026-04-06T17:10:00Z,2026-04-06T17:13:00Z,2026-04-06T17:10:00Z,-7,0,95,102,-7,7,0,HYD,ISK,7136,0,ATR,VTIYJ,0,0,,DOM,0,0,0,2,1,4,4,1,0,0,,0,0,3,7,0,0,112,112,,15,15,,2026-04-15T18:31:29Z,2026-04-15
38323,1,F9271,2026-04-03,1,2026-04-03,2026-04-03T20:50:00Z,2026-04-03T21:50:00Z,2026-04-03T22:00:00Z,2026-04-03T22:06:00Z,2026-04-04T00:05:00Z,2026-04-04T00:07:00Z,2026-04-04T00:11:00Z,16,6,135,125,16,-10,0,DEL,CCU,389,0,321,VTNCZ,0,1,,DOM,0,0,0,1,1,2,,1,1,0,,0,0,0,4,0,0,,,,21,22,,2026-04-15T18:31:29Z,2026-04-15
15088,1,3909,2026-04-03,1,2026-04-03,2026-04-03T10:45:00Z,2026-04-03T11:45:00Z,2026-04-03T11:55:00Z,2026-04-03T11:58:00Z,2026-04-03T14:00:00Z,2026-04-03T14:21:00Z,2026-04-03T14:19:00Z,13,19,135,141,13,6,0,DEL,HYD,884,0,321,VTNCW,0,0,,DOM,0,0,0,1,1,2,2,1,0,0,,0,0,0,3,0,0,150,159,,11,11,,2026-04-15T18:31:29Z,2026-04-15
18481,1,3909,2026-04-15,1,2026-04-15,2026-04-15T10:45:00Z,2026-04-15T11:45:00Z,,2026-04-15T11:43:00Z,2026-04-15T14:00:00Z,2026-04-15T14:13:00Z,2026-04-15T14:14:00Z,-2,14,135,151,-2,16,0,DEL,HYD,884,0,321,VTIWS,0,0,,DOM,0,0,0,9,1,2,2,1,0,0,,0,0,0,3,0,0,150,159,,11,11,1,2026-04-15T18:31:29Z,2026-04-15
21516,1,3909,2026-04-05,1,2026-04-05,2026-04-05T10:45:00Z,2026-04-05T11:45:00Z,,2026-04-05T11:52:00Z,2026-04-05T14:00:00Z,2026-04-05T14:06:00Z,2026-04-05T14:08:00Z,7,8,135,136,7,1,0,DEL,HYD,884,0,321,VTNCZ,0,0,,DOM,0,0,0,3,1,2,2,1,0,0,,0,0,0,3,0,0,150,159,,11,11,,2026-04-15T18:31:29Z,2026-04-15
43904,2,3909,2026-04-15,1,2026-04-15,2026-04-15T10:45:00Z,2026-04-15T11:45:00Z,,2026-04-15T11:43:00Z,2026-04-15T14:00:00Z,2026-04-15T14:13:00Z,2026-04-15T14:14:00Z,-2,14,135,151,-2,16,0,DEL,HYD,884,0,321,VTIWS,0,0,,DOM,0,0,0,7,1,2,2,1,0,0,,0,0,0,3,0,0,150,159,,11,11,,2026-04-15T18:31:29Z,2026-04-15
18381,1,3909,2026-04-10,1,2026-04-10,2026-04-10T10:45:00Z,2026-04-10T11:45:00Z,,2026-04-10T11:37:00Z,2026-04-10T14:00:00Z,2026-04-10T14:25:00Z,2026-04-10T14:28:00Z,-8,28,135,171,-8,36,0,DEL,HYD,884,0,321,VTNHC,0,0,,DOM,0,0,0,5,1,2,2,1,0,0,,0,0,0,3,0,0,150,159,,11,11,1,2026-04-15T18:31:29Z,2026-04-15
13462,1,3909,2026-04-14,1,2026-04-14,2026-04-14T10:45:00Z,2026-04-14T11:45:00Z,,2026-04-14T11:33:00Z,2026-04-14T14:00:00Z,2026-04-14T13:53:00Z,2026-04-14T13:51:00Z,-12,-9,135,138,-12,3,0,DEL,HYD,884,0,321,VTNCP,0,0,,DOM,0,0,0,5,1,2,2,1,0,0,,0,0,0,3,0,0,150,159,,11,11,1,2026-04-15T18:31:29Z,2026-04-15
14318,1,F9271,2026-04-05,1,2026-04-05,2026-04-05T20:50:00Z,2026-04-05T21:50:00Z,,2026-04-05T21:45:00Z,2026-04-06T00:05:00Z,2026-04-05T23:46:00Z,2026-04-05T23:46:00Z,-5,-19,135,121,-5,-14,0,DEL,CCU,389,0,321,VTNHC,0,1,,DOM,0,0,0,1,1,2,,1,1,0,,0,0,0,4,0,0,113,116,,21,21,,2026-04-15T18:31:29Z,2026-04-15
37552,1,F9271,2026-04-08,1,2026-04-08,2026-04-08T20:50:00Z,2026-04-08T21:50:00Z,,2026-04-08T21:49:00Z,2026-04-09T00:05:00Z,2026-04-08T23:39:00Z,2026-04-08T23:42:00Z,-1,-23,135,113,-1,-22,0,DEL,CCU,389,0,321,VTNCE,0,1,,DOM,0,0,0,5,1,2,,1,1,0,,0,0,0,4,0,0,113,116,,21,21,1,2026-04-15T18:31:29Z,2026-04-15
89774,2,F9271,2026-04-08,1,2026-04-08,2026-04-08T20:50:00Z,2026-04-08T21:50:00Z,,2026-04-08T21:49:00Z,2026-04-09T00:05:00Z,2026-04-08T23:39:00Z,2026-04-08T23:42:00Z,-1,-23,135,113,-1,-22,0,DEL,CCU,389,0,321,VTNCE,0,1,,DOM,0,0,0,1,1,2,,1,1,0,,0,0,0,4,0,0,113,116,,21,21,,2026-04-15T18:31:29Z,2026-04-15
69116,2,3909,2026-04-12,1,2026-04-12,2026-04-12T10:45:00Z,2026-04-12T11:45:00Z,,2026-04-12T11:42:00Z,2026-04-12T14:00:00Z,2026-04-12T14:01:00Z,2026-04-12T14:01:00Z,-3,1,135,139,-3,4,0,DEL,HYD,884,0,321,VTNHE,0,0,,DOM,0,0,0,5,1,4,4,1,0,0,,0,0,0,3,0,0,150,159,,11,11,,2026-04-15T18:31:29Z,2026-04-15
22452,1,3909,2026-04-11,1,2026-04-11,2026-04-11T10:45:00Z,2026-04-11T11:45:00Z,,2026-04-11T11:49:00Z,2026-04-11T14:00:00Z,2026-04-11T14:00:00Z,2026-04-11T13:57:00Z,4,-3,135,128,4,-7,0,DEL,HYD,884,0,321,VTICH,0,0,,DOM,0,0,0,4,1,4,4,1,0,0,,0,0,0,3,0,0,150,159,,11,11,1,2026-04-15T18:31:29Z,2026-04-15
39854,1,3909,2026-04-09,1,2026-04-09,2026-04-09T10:45:00Z,2026-04-09T11:45:00Z,,2026-04-09T11:51:00Z,2026-04-09T14:00:00Z,2026-04-09T14:09:00Z,2026-04-09T14:13:00Z,6,13,135,142,6,7,0,DEL,HYD,884,0,321,VTNCD,0,0,,DOM,0,0,0,4,1,4,4,1,0,0,,0,0,0,3,0,0,150,159,,11,11,1,2026-04-15T18:31:29Z,2026-04-15
62973,2,3909,2026-04-07,1,2026-04-07,2026-04-07T10:45:00Z,2026-04-07T11:45:00Z,,2026-04-07T11:36:00Z,2026-04-07T14:00:00Z,2026-04-07T14:24:00Z,2026-04-07T14:25:00Z,-9,25,135,169,-9,34,0,DEL,HYD,884,0,321,VTNCW,0,0,,DOM,0,0,0,3,1,4,4,1,0,0,,0,0,0,3,0,0,150,159,,11,11,,2026-04-15T18:31:29Z,2026-04-15
64998,2,3909,2026-04-04,1,2026-04-04,2026-04-04T10:45:00Z,2026-04-04T11:45:00Z,,2026-04-04T11:46:00Z,2026-04-04T14:00:00Z,2026-04-04T14:23:00Z,2026-04-04T14:23:00Z,1,23,135,157,1,22,0,DEL,HYD,884,0,321,VTICM,0,0,,DOM,0,0,0,1,1,4,4,1,0,0,,0,0,0,3,0,0,150,159,,11,11,,2026-04-15T18:31:29Z,2026-04-15
38327,1,4681,2026-04-16,1,2026-04-16,2026-04-16T07:30:00Z,2026-04-16T08:30:00Z,,,2026-04-16T10:15:00Z,2026-04-16T10:15:00Z,,0,0,105,,-6,3,0,BLR,BOM,5051,0,321,VTNOA,0,1,,DOM,0,0,0,7,1,4,,1,1,0,,0,0,-6,-5,0,0,108,110,,8,8,,2026-04-15T18:31:29Z,2026-04-15
80210,2,1199,2026-04-16,1,2026-04-16,2026-04-16T06:10:00Z,2026-04-16T06:55:00Z,,,2026-04-16T08:10:00Z,2026-04-16T08:05:00Z,,0,-5,75,,-15,-3,0,AMD,IDR,7173,0,ATR,VTIYP,0,0,,DOM,0,0,0,6,1,4,4,1,0,0,,0,0,-15,-13,0,0,72,72,,6,6,,2026-04-15T18:31:29Z,2026-04-15
65977,1,1199,2026-04-16,1,2026-04-16,2026-04-16T06:10:00Z,2026-04-16T06:55:00Z,,,2026-04-16T08:10:00Z,2026-04-16T08:05:00Z,,0,-5,75,,-15,-3,0,AMD,IDR,7173,0,ATR,VTIYP,0,0,,DOM,0,0,0,4,1,4,4,1,0,0,,0,0,-15,-13,0,0,72,72,,6,6,,2026-04-15T18:31:29Z,2026-04-15
56827,1,1199,2026-04-09,1,2026-04-09,2026-04-09T09:40:00Z,2026-04-09T10:25:00Z,,2026-04-09T10:17:00Z,2026-04-09T11:45:00Z,2026-04-09T11:31:00Z,2026-04-09T11:29:00Z,-8,-16,80,72,-8,-8,0,AMD,ISK,7115,0,ATR,VTIRK,0,0,,DOM,0,0,0,4,1,2,2,1,0,0,,0,0,-8,-8,0,0,72,74,,10,10,1,2026-04-15T18:31:29Z,2026-04-15
71977,2,1199,2026-04-09,1,2026-04-09,2026-04-09T09:40:00Z,2026-04-09T10:25:00Z,,2026-04-09T10:17:00Z,2026-04-09T11:45:00Z,2026-04-09T11:31:00Z,2026-04-09T11:29:00Z,-8,-16,80,72,-8,-8,0,AMD,ISK,7115,0,ATR,VTIRK,0,0,,DOM,0,0,0,4,1,2,2,1,0,0,,0,0,-8,-8,0,0,72,74,,10,10,,2026-04-15T18:31:29Z,2026-04-15
45594,1,4681,2026-04-11,1,2026-04-11,2026-04-11T07:30:00Z,2026-04-11T08:30:00Z,,2026-04-11T08:24:00Z,2026-04-11T10:15:00Z,2026-04-11T10:15:00Z,2026-04-11T10:14:00Z,-6,-1,105,110,-6,5,0,BLR,BOM,5051,0,321,VTNCX,0,1,,DOM,0,0,0,6,1,4,,1,1,0,,0,0,-6,-5,0,0,108,110,,8,8,1,2026-04-15T18:31:29Z,2026-04-15
78919,2,4681,2026-04-06,1,2026-04-06,2026-04-06T07:30:00Z,2026-04-06T08:30:00Z,,2026-04-06T08:29:00Z,2026-04-06T10:15:00Z,2026-04-06T10:21:00Z,2026-04-06T10:19:00Z,-1,4,105,110,-1,5,0,BLR,BOM,5051,0,321,VTIWT,0,1,,DOM,0,0,0,3,1,4,,1,1,0,,0,0,-6,-5,0,0,108,110,,8,8,,2026-04-15T18:31:29Z,2026-04-15
23744,1,4681,2026-04-14,1,2026-04-14,2026-04-14T07:30:00Z,2026-04-14T08:30:00Z,,2026-04-14T08:17:00Z,2026-04-14T10:15:00Z,2026-04-14T10:05:00Z,2026-04-14T10:03:00Z,-13,-12,105,106,-13,1,0,BLR,BOM,5051,0,321,VTNOA,0,1,,DOM,0,0,0,4,1,4,,1,1,0,,0,0,-6,-5,0,0,108,110,,8,8,1,2026-04-15T18:31:29Z,2026-04-15
90906,2,4681,2026-04-13,1,2026-04-13,2026-04-13T07:30:00Z,2026-04-13T08:30:00Z,,2026-04-13T08:20:00Z,2026-04-13T10:15:00Z,2026-04-13T10:10:00Z,2026-04-13T10:08:00Z,-10,-7,105,108,-10,3,0,BLR,BOM,5051,0,321,VTNCF,0,1,,DOM,0,0,0,7,1,4,,1,1,0,,0,0,-6,-5,0,0,108,110,,8,8,,2026-04-15T18:31:29Z,2026-04-15
35925,1,4681,2026-04-06,1,2026-04-06,2026-04-06T07:30:00Z,2026-04-06T08:30:00Z,,2026-04-06T08:29:00Z,2026-04-06T10:15:00Z,2026-04-06T10:21:00Z,2026-04-06T10:19:00Z,-1,4,105,110,-1,5,0,BLR,BOM,5051,0,321,VTIWT,0,1,,DOM,0,0,0,3,1,4,,1,1,0,,0,0,-6,-5,0,0,108,110,,8,8,,2026-04-15T18:31:29Z,2026-04-15
64269,2,4681,2026-04-11,1,2026-04-11,2026-04-11T07:30:00Z,2026-04-11T08:30:00Z,,2026-04-11T08:24:00Z,2026-04-11T10:15:00Z,2026-04-11T10:15:00Z,2026-04-11T10:14:00Z,-6,-1,105,110,-6,5,0,BLR,BOM,5051,0,321,VTNCX,0,1,,DOM,0,0,0,2,1,4,,1,1,0,,0,0,-6,-5,0,0,108,110,,8,8,,2026-04-15T18:31:29Z,2026-04-15
80859,1,1199,2026-04-03,1,2026-04-03,2026-04-03T06:10:00Z,2026-04-03T06:55:00Z,,2026-04-03T06:47:00Z,2026-04-03T08:10:00Z,2026-04-03T08:00:00Z,2026-04-03T08:00:00Z,-8,-10,75,73,-8,-2,0,AMD,IDR,7173,0,ATR,VTIRS,0,0,,DOM,0,0,0,1,1,4,4,1,0,0,,0,0,-15,-13,0,0,72,72,,6,6,,2026-04-15T18:31:29Z,2026-04-15
78812,2,1199,2026-04-04,1,2026-04-04,2026-04-04T06:10:00Z,2026-04-04T06:55:00Z,,2026-04-04T06:55:00Z,2026-04-04T08:10:00Z,2026-04-04T08:04:00Z,2026-04-04T08:03:00Z,0,-7,75,68,0,-7,0,AMD,IDR,7173,0,ATR,VTIYX,0,0,,DOM,0,0,0,1,1,4,4,1,0,0,,0,0,-15,-13,0,0,72,72,,6,6,,2026-04-15T18:31:29Z,2026-04-15
76960,2,1199,2026-04-05,1,2026-04-05,2026-04-05T06:10:00Z,2026-04-05T06:55:00Z,,2026-04-05T06:35:00Z,2026-04-05T08:10:00Z,2026-04-05T07:48:00Z,2026-04-05T07:50:00Z,-20,-20,75,75,-20,0,0,AMD,IDR,7173,0,ATR,VTIYG,0,0,,DOM,0,0,0,1,1,4,4,1,0,0,,0,0,-15,-13,0,0,72,72,,6,6,,2026-04-15T18:31:29Z,2026-04-15
30009,1,1199,2026-04-05,1,2026-04-05,2026-04-05T06:10:00Z,2026-04-05T06:55:00Z,,2026-04-05T06:35:00Z,2026-04-05T08:10:00Z,2026-04-05T07:48:00Z,2026-04-05T07:50:00Z,-20,-20,75,75,-20,0,0,AMD,IDR,7173,0,ATR,VTIYG,0,0,,DOM,0,0,0,1,1,4,4,1,0,0,,0,0,-15,-13,0,0,72,72,,6,6,,2026-04-15T18:31:29Z,2026-04-15
89626,2,1199,2026-04-07,1,2026-04-08,2026-04-08T14:50:00Z,2026-04-08T15:35:00Z,,2026-04-08T15:37:00Z,2026-04-08T17:10:00Z,2026-04-08T17:35:00Z,2026-04-08T17:34:00Z,2,24,95,117,2,22,0,HYD,ISK,7136,0,ATR,VTIYE,0,0,,DOM,0,0,0,4,1,4,4,1,0,0,,0,0,3,7,0,0,112,112,,15,15,,2026-04-15T18:31:29Z,2026-04-15
37566,1,1199,2026-04-07,1,2026-04-08,2026-04-08T14:50:00Z,2026-04-08T15:35:00Z,,2026-04-08T15:37:00Z,2026-04-08T17:10:00Z,2026-04-08T17:35:00Z,2026-04-08T17:34:00Z,2,24,95,117,2,22,0,HYD,ISK,7136,0,ATR,VTIYE,0,0,,DOM,0,0,0,4,1,4,4,1,0,0,,0,0,3,7,0,0,112,112,,15,15,1,2026-04-15T18:31:29Z,2026-04-15
82998,2,1199,2026-04-11,1,2026-04-12,2026-04-12T14:50:00Z,2026-04-12T15:35:00Z,,2026-04-12T15:29:00Z,2026-04-12T17:10:00Z,2026-04-12T17:23:00Z,2026-04-12T17:21:00Z,-6,11,95,112,-6,17,0,HYD,ISK,7136,0,ATR,VTIRQ,0,0,,DOM,0,0,0,4,1,4,4,1,0,0,,0,0,3,7,0,0,112,112,,15,15,,2026-04-15T18:31:29Z,2026-04-15
49568,1,1199,2026-04-13,1,2026-04-13,2026-04-13T06:10:00Z,2026-04-13T06:55:00Z,,2026-04-13T06:38:00Z,2026-04-13T08:10:00Z,2026-04-13T07:54:00Z,2026-04-13T07:53:00Z,-17,-17,75,75,-17,0,0,AMD,IDR,7173,0,ATR,VTIYO,0,0,,DOM,0,0,0,4,1,4,4,1,0,0,,0,0,-15,-13,0,0,72,72,,6,6,1,2026-04-15T18:31:29Z,2026-04-15
30009,1,1199,2026-04-12,1,2026-04-12,2026-04-12T06:10:00Z,2026-04-12T06:55:00Z,,2026-04-12T06:35:00Z,2026-04-12T08:10:00Z,2026-04-12T07:40:00Z,2026-04-12T07:39:00Z,-20,-31,75,64,-20,-11,0,AMD,IDR,7173,0,ATR,VTIYX,0,0,,DOM,0,0,0,4,1,4,4,1,0,0,,0,0,-15,-13,0,0,72,72,,6,6,1,2026-04-15T18:31:29Z,2026-04-15
88517,2,1199,2026-04-10,1,2026-04-10,2026-04-10T06:10:00Z,2026-04-10T06:55:00Z,,2026-04-10T06:44:00Z,2026-04-10T08:10:00Z,2026-04-10T08:03:00Z,2026-04-10T08:00:00Z,-11,-10,75,76,-11,1,0,AMD,IDR,7173,0,ATR,VTIYF,0,0,,DOM,0,0,0,2,1,4,4,1,0,0,,0,0,-15,-13,0,0,72,72,,6,6,,2026-04-15T18:31:29Z,2026-04-15
37566,1,1199,2026-04-07,1,2026-04-07,2026-04-07T06:10:00Z,2026-04-07T06:55:00Z,,2026-04-07T06:53:00Z,2026-04-07T08:10:00Z,2026-04-07T08:10:00Z,2026-04-07T08:10:00Z,-2,0,75,77,-2,2,0,AMD,IDR,7173,0,ATR,VTIYD,0,0,,DOM,0,0,0,3,1,4,4,1,0,0,,0,0,-15,-13,0,0,72,72,,6,6,,2026-04-15T18:31:29Z,2026-04-15
89626,2,1199,2026-04-07,1,2026-04-07,2026-04-07T06:10:00Z,2026-04-07T06:55:00Z,,2026-04-07T06:53:00Z,2026-04-07T08:10:00Z,2026-04-07T08:10:00Z,2026-04-07T08:10:00Z,-2,0,75,77,-2,2,0,AMD,IDR,7173,0,ATR,VTIYD,0,0,,DOM,0,0,0,3,1,4,4,1,0,0,,0,0,-15,-13,0,0,72,72,,6,6,,2026-04-15T18:31:29Z,2026-04-15
85872,2,1199,2026-04-12,1,2026-04-12,2026-04-12T06:10:00Z,2026-04-12T06:55:00Z,,2026-04-12T06:35:00Z,2026-04-12T08:10:00Z,2026-04-12T07:40:00Z,2026-04-12T07:39:00Z,-20,-31,75,64,-20,-11,0,AMD,IDR,7173,0,ATR,VTIYX,0,0,,DOM,0,0,0,3,1,4,4,1,0,0,,0,0,-15,-13,0,0,72,72,,6,6,,2026-04-15T18:31:29Z,2026-04-15
82998,2,1199,2026-04-11,1,2026-04-11,2026-04-11T06:10:00Z,2026-04-11T06:55:00Z,,2026-04-11T06:43:00Z,2026-04-11T08:10:00Z,2026-04-11T07:49:00Z,2026-04-11T07:47:00Z,-12,-23,75,64,-12,-11,0,AMD,IDR,7173,0,ATR,VTIYE,0,0,,DOM,0,0,0,3,1,4,4,1,0,0,,0,0,-15,-13,0,0,72,72,,6,6,,2026-04-15T18:31:29Z,2026-04-15
88517,2,1199,2026-04-10,1,2026-04-11,2026-04-11T14:50:00Z,2026-04-11T15:35:00Z,,2026-04-11T15:39:00Z,2026-04-11T17:10:00Z,2026-04-11T17:40:00Z,2026-04-11T17:38:00Z,4,28,95,119,4,24,0,HYD,ISK,7136,0,ATR,VTIYO,0,0,,DOM,0,0,0,3,1,4,4,1,0,0,,0,0,3,7,0,0,112,112,,15,15,,2026-04-15T18:31:29Z,2026-04-15
78812,2,1199,2026-04-14,1,2026-04-14,2026-04-14T06:10:00Z,2026-04-14T06:55:00Z,,2026-04-14T06:35:00Z,2026-04-14T08:10:00Z,2026-04-14T07:39:00Z,2026-04-14T07:36:00Z,-20,-34,75,61,-20,-14,0,AMD,IDR,7173,0,ATR,VTIRO,0,0,,DOM,0,0,0,5,1,4,4,1,0,0,,0,0,-15,-13,0,0,72,72,,6,6,,2026-04-15T18:31:29Z,2026-04-15
71977,2,1199,2026-04-09,1,2026-04-10,2026-04-10T14:50:00Z,2026-04-10T15:35:00Z,,2026-04-10T15:31:00Z,2026-04-10T17:10:00Z,2026-04-10T17:26:00Z,2026-04-10T17:23:00Z,-4,13,95,112,-4,17,0,HYD,ISK,7136,0,ATR,VTIRE,0,0,,DOM,0,0,0,5,1,4,4,1,0,0,,0,0,3,7,0,0,112,112,,15,15,,2026-04-15T18:31:29Z,2026-04-15
67038,2,1199,2026-04-13,1,2026-04-13,2026-04-13T06:10:00Z,2026-04-13T06:55:00Z,,2026-04-13T06:38:00Z,2026-04-13T08:10:00Z,2026-04-13T07:54:00Z,2026-04-13T07:53:00Z,-17,-17,75,75,-17,0,0,AMD,IDR,7173,0,ATR,VTIYO,0,0,,DOM,0,0,0,5,1,4,4,1,0,0,,0,0,-15,-13,0,0,72,72,,6,6,,2026-04-15T18:31:29Z,2026-04-15
56827,1,1199,2026-04-09,1,2026-04-10,2026-04-10T14:50:00Z,2026-04-10T15:35:00Z,,2026-04-10T15:31:00Z,2026-04-10T17:10:00Z,2026-04-10T17:26:00Z,2026-04-10T17:23:00Z,-4,13,95,112,-4,17,0,HYD,ISK,7136,0,ATR,VTIRE,0,0,,DOM,0,0,0,5,1,4,4,1,0,0,,0,0,3,7,0,0,112,112,,15,15,1,2026-04-15T18:31:29Z,2026-04-15
80210,2,1199,2026-04-16,0,2026-04-16,,2026-04-16T12:05:00Z,,,2026-04-16T13:55:00Z,2026-04-16T13:55:00Z,,0,0,110,,0,0,6,ISK,HYD,7137,0,ATR,VTIYP,0,0,0,DOM,0,0,0,6,4,1,1,1,0,0,ISK,0,20,0,0,26,29,,,11,12,12,,2026-04-15T18:31:29Z,2026-04-15
65977,1,1199,2026-04-16,0,2026-04-16,,2026-04-16T12:05:00Z,,,2026-04-16T13:55:00Z,2026-04-16T13:55:00Z,,0,0,110,,0,0,6,ISK,HYD,7137,0,ATR,VTIYP,0,0,0,DOM,0,0,0,4,4,1,1,1,0,0,ISK,0,20,0,0,26,29,,,11,12,12,,2026-04-15T18:31:29Z,2026-04-15
80210,2,1199,2026-04-16,0,2026-04-16,,2026-04-16T10:25:00Z,,,2026-04-16T11:45:00Z,2026-04-16T11:40:00Z,,0,-5,80,,0,-8,7,AMD,ISK,7115,0,ATR,VTIYP,0,0,0,DOM,0,0,0,6,3,2,2,1,0,0,AMD,0,30,0,0,37,37,72,74,9,10,10,,2026-04-15T18:31:29Z,2026-04-15
65977,1,1199,2026-04-16,0,2026-04-16,,2026-04-16T10:25:00Z,,,2026-04-16T11:45:00Z,2026-04-16T11:40:00Z,,0,-5,80,,0,-8,7,AMD,ISK,7115,0,ATR,VTIYP,0,0,0,DOM,0,0,0,4,3,2,2,1,0,0,AMD,0,30,0,0,37,37,72,74,9,10,10,,2026-04-15T18:31:29Z,2026-04-15
38327,1,4681,2026-04-16,0,2026-04-16,,2026-04-16T13:55:00Z,,,2026-04-16T16:00:00Z,2026-04-16T16:05:00Z,,0,5,125,,0,6,78,BLR,AMD,6595,0,320,VTIZB,1,0,0,DOM,0,0,0,7,3,2,2,1,0,0,BLR,0,60,0,0,138,154,131,131,12,13,13,,2026-04-15T18:31:29Z,2026-04-15
38327,1,4681,2026-04-16,0,2026-04-16,,2026-04-16T16:55:00Z,,,2026-04-16T19:15:00Z,2026-04-16T19:00:00Z,,0,-15,140,,0,-14,-10,AMD,BLR,863,0,320,VTIZB,0,0,0,DOM,0,0,0,7,4,1,1,1,0,0,AMD,0,55,0,0,45,51,126,126,16,16,16,,2026-04-15T18:31:29Z,2026-04-15
45594,1,4681,2026-04-11,0,2026-04-11,,2026-04-11T16:55:00Z,,2026-04-11T16:43:00Z,2026-04-11T19:15:00Z,2026-04-11T18:48:00Z,2026-04-11T18:49:00Z,-12,-26,140,126,0,-14,-2,AMD,BLR,863,0,320,VTIAX,0,0,0,DOM,0,0,0,6,4,1,1,1,0,0,AMD,53,55,0,0,39,41,126,126,15,16,16,1,2026-04-15T18:31:29Z,2026-04-15
23744,1,4681,2026-04-14,0,2026-04-14,,2026-04-14T16:55:00Z,,2026-04-14T16:49:00Z,2026-04-14T19:15:00Z,2026-04-14T18:54:00Z,2026-04-14T18:54:00Z,-6,-21,140,125,0,-15,-18,AMD,BLR,863,0,320,VTIWZ,0,0,0,DOM,0,0,0,4,4,1,1,1,0,0,AMD,37,55,0,0,45,51,126,126,16,16,16,1,2026-04-15T18:31:29Z,2026-04-15
90906,2,4681,2026-04-13,0,2026-04-13,,2026-04-13T16:55:00Z,,2026-04-13T16:40:00Z,2026-04-13T19:15:00Z,2026-04-13T18:42:00Z,2026-04-13T18:42:00Z,-15,-33,140,122,0,-18,-18,AMD,BLR,863,0,320,VTIIP,0,0,0,DOM,0,0,0,7,4,1,1,1,0,0,AMD,37,55,0,0,45,51,126,126,16,16,16,,2026-04-15T18:31:29Z,2026-04-15
64269,2,4681,2026-04-11,0,2026-04-11,,2026-04-11T16:55:00Z,,2026-04-11T16:43:00Z,2026-04-11T19:15:00Z,2026-04-11T18:48:00Z,2026-04-11T18:49:00Z,-12,-26,140,126,0,-14,-2,AMD,BLR,863,0,320,VTIAX,0,0,0,DOM,0,0,0,2,4,1,1,1,0,0,AMD,53,55,0,0,39,41,126,126,15,16,16,,2026-04-15T18:31:29Z,2026-04-15
39854,1,3909,2026-04-09,0,2026-04-09,,2026-04-09T20:00:00Z,,2026-04-09T20:06:00Z,2026-04-09T21:20:00Z,2026-04-09T21:20:00Z,2026-04-09T21:23:00Z,6,3,80,77,0,-3,6,UDR,DEL,6229,0,320,VTIAR,0,0,0,DOM,0,0,0,4,4,1,1,1,0,0,UDR,41,35,0,0,33,36,81,81,19,20,20,1,2026-04-15T18:31:29Z,2026-04-15
37566,1,1199,2026-04-07,0,2026-04-07,,2026-04-07T12:05:00Z,,2026-04-07T11:54:00Z,2026-04-07T13:55:00Z,2026-04-07T13:49:00Z,2026-04-07T13:48:00Z,-11,-7,110,114,0,4,7,ISK,HYD,7137,0,ATR,VTIYD,0,0,0,DOM,0,0,0,3,4,1,1,1,0,0,ISK,27,20,0,0,26,29,114,115,11,12,11,,2026-04-15T18:31:29Z,2026-04-15
89626,2,1199,2026-04-07,0,2026-04-07,,2026-04-07T12:05:00Z,,2026-04-07T11:54:00Z,2026-04-07T13:55:00Z,2026-04-07T13:49:00Z,2026-04-07T13:48:00Z,-11,-7,110,114,0,4,7,ISK,HYD,7137,0,ATR,VTIYD,0,0,0,DOM,0,0,0,3,4,1,1,1,0,0,ISK,27,20,0,0,26,29,114,115,11,12,11,,2026-04-15T18:31:29Z,2026-04-15
78812,2,1199,2026-04-14,0,2026-04-14,,2026-04-14T12:05:00Z,,2026-04-14T11:48:00Z,2026-04-14T13:55:00Z,2026-04-14T13:29:00Z,2026-04-14T13:30:00Z,-17,-25,110,102,0,-8,6,ISK,HYD,7137,0,ATR,VTIRO,0,0,0,DOM,0,0,0,5,4,1,1,1,0,0,ISK,26,20,0,0,26,29,114,115,11,12,11,,2026-04-15T18:31:29Z,2026-04-15
49568,1,1199,2026-04-13,0,2026-04-13,,2026-04-13T12:05:00Z,,2026-04-13T11:56:00Z,2026-04-13T13:55:00Z,2026-04-13T13:50:00Z,2026-04-13T13:50:00Z,-9,-5,110,114,0,4,15,ISK,HYD,7137,0,ATR,VTIYO,0,0,0,DOM,0,0,0,4,4,1,1,1,0,0,ISK,35,20,0,0,26,29,114,115,11,12,11,1,2026-04-15T18:31:29Z,2026-04-15
80859,1,1199,2026-04-03,0,2026-04-03,,2026-04-03T12:05:00Z,,2026-04-03T11:53:00Z,2026-04-03T13:55:00Z,2026-04-03T13:30:00Z,2026-04-03T13:29:00Z,-12,-26,110,96,0,-14,3,ISK,HYD,7137,0,ATR,VTIRS,0,0,0,DOM,0,0,0,1,4,1,1,1,0,0,ISK,23,20,0,0,26,29,114,115,11,12,11,,2026-04-15T18:31:29Z,2026-04-15
78812,2,1199,2026-04-04,0,2026-04-04,,2026-04-04T12:05:00Z,,2026-04-04T12:02:00Z,2026-04-04T13:55:00Z,2026-04-04T13:50:00Z,2026-04-04T13:50:00Z,-3,-5,110,108,0,-2,3,ISK,HYD,7137,0,ATR,VTIYX,0,0,0,DOM,0,0,0,1,4,1,1,1,0,0,ISK,23,20,0,0,26,29,,,11,12,12,,2026-04-15T18:31:29Z,2026-04-15
76960,2,1199,2026-04-05,0,2026-04-05,,2026-04-05T12:05:00Z,,2026-04-05T11:46:00Z,2026-04-05T13:55:00Z,2026-04-05T13:28:00Z,2026-04-05T13:30:00Z,-19,-25,110,104,0,-6,11,ISK,HYD,7137,0,ATR,VTIYG,0,0,0,DOM,0,0,0,1,4,1,1,1,0,0,ISK,31,20,0,0,26,29,114,115,11,12,11,,2026-04-15T18:31:29Z,2026-04-15
30009,1,1199,2026-04-05,0,2026-04-05,,2026-04-05T12:05:00Z,,2026-04-05T11:46:00Z,2026-04-05T13:55:00Z,2026-04-05T13:28:00Z,2026-04-05T13:30:00Z,-19,-25,110,104,0,-6,11,ISK,HYD,7137,0,ATR,VTIYG,0,0,0,DOM,0,0,0,1,4,1,1,1,0,0,ISK,31,20,0,0,26,29,114,115,11,12,11,,2026-04-15T18:31:29Z,2026-04-15
30009,1,1199,2026-04-12,0,2026-04-12,,2026-04-12T12:05:00Z,,2026-04-12T11:56:00Z,2026-04-12T13:55:00Z,2026-04-12T13:42:00Z,2026-04-12T13:42:00Z,-9,-13,110,106,0,-4,3,ISK,HYD,7137,0,ATR,VTIYX,0,0,0,DOM,0,0,0,4,4,1,1,1,0,0,ISK,23,20,0,0,26,29,114,115,11,12,11,1,2026-04-15T18:31:29Z,2026-04-15
67038,2,1199,2026-04-13,0,2026-04-13,,2026-04-13T12:05:00Z,,2026-04-13T11:56:00Z,2026-04-13T13:55:00Z,2026-04-13T13:50:00Z,2026-04-13T13:50:00Z,-9,-5,110,114,0,4,15,ISK,HYD,7137,0,ATR,VTIYO,0,0,0,DOM,0,0,0,5,4,1,1,1,0,0,ISK,35,20,0,0,26,29,114,115,11,12,11,,2026-04-15T18:31:29Z,2026-04-15
88517,2,1199,2026-04-10,0,2026-04-10,,2026-04-10T12:05:00Z,,2026-04-10T11:59:00Z,2026-04-10T13:55:00Z,2026-04-10T14:04:00Z,2026-04-10T14:03:00Z,-6,8,110,124,0,14,11,ISK,HYD,7137,0,ATR,VTIYF,0,0,0,DOM,0,0,0,2,4,1,1,1,0,0,ISK,31,20,0,0,26,29,114,115,11,12,11,,2026-04-15T18:31:29Z,2026-04-15
85872,2,1199,2026-04-12,0,2026-04-12,,2026-04-12T12:05:00Z,,2026-04-12T11:56:00Z,2026-04-12T13:55:00Z,2026-04-12T13:42:00Z,2026-04-12T13:42:00Z,-9,-13,110,106,0,-4,3,ISK,HYD,7137,0,ATR,VTIYX,0,0,0,DOM,0,0,0,3,4,1,1,1,0,0,ISK,23,20,0,0,26,29,114,115,11,12,11,,2026-04-15T18:31:29Z,2026-04-15
82998,2,1199,2026-04-11,0,2026-04-11,,2026-04-11T12:05:00Z,,2026-04-11T11:57:00Z,2026-04-11T13:55:00Z,2026-04-11T13:39:00Z,2026-04-11T13:38:00Z,-8,-17,110,101,0,-9,3,ISK,HYD,7137,0,ATR,VTIYE,0,0,0,DOM,0,0,0,3,4,1,1,1,0,0,ISK,23,20,0,0,26,29,114,115,11,12,11,,2026-04-15T18:31:29Z,2026-04-15
45594,1,4681,2026-04-11,0,2026-04-11,,2026-04-11T13:55:00Z,,2026-04-11T13:42:00Z,2026-04-11T16:00:00Z,2026-04-11T15:50:00Z,2026-04-11T15:50:00Z,-13,-10,125,128,0,3,-2,BLR,AMD,6595,0,320,VTIAX,1,0,0,DOM,0,0,0,6,3,2,2,1,0,0,BLR,58,60,0,0,138,154,131,131,12,13,13,1,2026-04-15T18:31:29Z,2026-04-15
23744,1,4681,2026-04-14,0,2026-04-14,,2026-04-14T13:55:00Z,,2026-04-14T13:56:00Z,2026-04-14T16:00:00Z,2026-04-14T16:12:00Z,2026-04-14T16:12:00Z,1,12,125,136,0,11,24,BLR,AMD,6595,0,320,VTIWZ,1,0,0,DOM,0,0,0,4,3,2,2,1,0,0,BLR,84,60,0,0,138,154,131,131,12,13,13,1,2026-04-15T18:31:29Z,2026-04-15
90906,2,4681,2026-04-13,0,2026-04-13,,2026-04-13T13:55:00Z,,2026-04-13T13:58:00Z,2026-04-13T16:00:00Z,2026-04-13T16:01:00Z,2026-04-13T16:03:00Z,3,3,125,125,0,0,16,BLR,AMD,6595,0,320,VTIIP,1,0,0,DOM,0,0,0,7,3,2,2,1,0,0,BLR,76,60,0,0,138,154,131,131,12,13,13,,2026-04-15T18:31:29Z,2026-04-15
64269,2,4681,2026-04-11,0,2026-04-11,,2026-04-11T13:55:00Z,,2026-04-11T13:42:00Z,2026-04-11T16:00:00Z,2026-04-11T15:50:00Z,2026-04-11T15:50:00Z,-13,-10,125,128,0,3,-2,BLR,AMD,6595,0,320,VTIAX,1,0,0,DOM,0,0,0,2,3,2,2,1,0,0,BLR,58,60,0,0,138,154,131,131,12,13,13,,2026-04-15T18:31:29Z,2026-04-15
39854,1,3909,2026-04-09,0,2026-04-09,,2026-04-09T18:10:00Z,,2026-04-09T18:12:00Z,2026-04-09T19:25:00Z,2026-04-09T19:26:00Z,2026-04-09T19:25:00Z,2,0,75,73,0,-2,-22,DEL,UDR,6228,0,320,VTIAR,1,0,0,DOM,0,0,0,4,3,2,2,1,0,0,DEL,53,75,0,0,108,110,83,83,17,18,18,1,2026-04-15T18:31:29Z,2026-04-15
64998,2,3909,2026-04-04,0,2026-04-04,,2026-04-04T18:10:00Z,,2026-04-04T18:15:00Z,2026-04-04T19:25:00Z,2026-04-04T19:43:00Z,2026-04-04T19:40:00Z,5,15,75,85,0,10,-19,DEL,UDR,6228,0,320,VTIQI,1,0,0,DOM,0,0,0,1,3,2,2,1,0,0,DEL,56,75,0,0,108,110,83,83,17,18,18,,2026-04-15T18:31:29Z,2026-04-15
37566,1,1199,2026-04-07,0,2026-04-07,,2026-04-07T10:25:00Z,,2026-04-07T10:19:00Z,2026-04-07T11:45:00Z,2026-04-07T11:28:00Z,2026-04-07T11:27:00Z,-6,-18,80,68,0,-12,-3,AMD,ISK,7115,0,ATR,VTIYD,0,0,0,DOM,0,0,0,3,3,2,2,1,0,0,AMD,27,30,0,0,37,37,72,74,9,10,10,,2026-04-15T18:31:29Z,2026-04-15
78812,2,1199,2026-04-14,0,2026-04-14,,2026-04-14T10:25:00Z,,2026-04-14T10:12:00Z,2026-04-14T11:45:00Z,2026-04-14T11:22:00Z,2026-04-14T11:22:00Z,-13,-23,80,70,0,-10,12,AMD,ISK,7115,0,ATR,VTIRO,0,0,0,DOM,0,0,0,5,3,2,2,1,0,0,AMD,42,30,0,0,37,37,72,74,9,10,10,,2026-04-15T18:31:29Z,2026-04-15
49568,1,1199,2026-04-13,0,2026-04-13,,2026-04-13T10:25:00Z,,2026-04-13T10:12:00Z,2026-04-13T11:45:00Z,2026-04-13T11:23:00Z,2026-04-13T11:21:00Z,-13,-24,80,69,0,-11,7,AMD,ISK,7115,0,ATR,VTIYO,0,0,0,DOM,0,0,0,4,3,2,2,1,0,0,AMD,37,30,0,0,37,37,72,74,9,10,10,1,2026-04-15T18:31:29Z,2026-04-15
80859,1,1199,2026-04-03,0,2026-04-03,,2026-04-03T10:25:00Z,,2026-04-03T10:04:00Z,2026-04-03T11:45:00Z,2026-04-03T11:33:00Z,2026-04-03T11:30:00Z,-21,-15,80,86,0,6,6,AMD,ISK,7115,0,ATR,VTIRS,0,0,0,DOM,0,0,0,1,3,2,2,1,0,0,AMD,36,30,0,0,37,37,72,74,9,10,10,,2026-04-15T18:31:29Z,2026-04-15
78812,2,1199,2026-04-04,0,2026-04-04,,2026-04-04T10:25:00Z,,2026-04-04T10:22:00Z,2026-04-04T11:45:00Z,2026-04-04T11:40:00Z,2026-04-04T11:39:00Z,-3,-6,80,77,0,-3,7,AMD,ISK,7115,0,ATR,VTIYX,0,0,0,DOM,0,0,0,1,3,2,2,1,0,0,AMD,37,30,0,0,37,37,72,74,9,10,10,,2026-04-15T18:31:29Z,2026-04-15
76960,2,1199,2026-04-05,0,2026-04-05,,2026-04-05T10:25:00Z,,2026-04-05T10:07:00Z,2026-04-05T11:45:00Z,2026-04-05T11:16:00Z,2026-04-05T11:15:00Z,-18,-30,80,68,0,-12,3,AMD,ISK,7115,0,ATR,VTIYG,0,0,0,DOM,0,0,0,1,3,2,2,1,0,0,AMD,33,30,0,0,37,37,72,74,9,10,10,,2026-04-15T18:31:29Z,2026-04-15
30009,1,1199,2026-04-05,0,2026-04-05,,2026-04-05T10:25:00Z,,2026-04-05T10:07:00Z,2026-04-05T11:45:00Z,2026-04-05T11:16:00Z,2026-04-05T11:15:00Z,-18,-30,80,68,0,-12,3,AMD,ISK,7115,0,ATR,VTIYG,0,0,0,DOM,0,0,0,1,3,2,2,1,0,0,AMD,33,30,0,0,37,37,72,74,9,10,10,,2026-04-15T18:31:29Z,2026-04-15
30009,1,1199,2026-04-12,0,2026-04-12,,2026-04-12T10:25:00Z,,2026-04-12T10:14:00Z,2026-04-12T11:45:00Z,2026-04-12T11:35:00Z,2026-04-12T11:33:00Z,-11,-12,80,79,0,-1,15,AMD,ISK,7115,0,ATR,VTIYX,0,0,0,DOM,0,0,0,4,3,2,2,1,0,0,AMD,45,30,0,0,37,37,72,74,9,10,10,1,2026-04-15T18:31:29Z,2026-04-15
67038,2,1199,2026-04-13,0,2026-04-13,,2026-04-13T10:25:00Z,,2026-04-13T10:12:00Z,2026-04-13T11:45:00Z,2026-04-13T11:23:00Z,2026-04-13T11:21:00Z,-13,-24,80,69,0,-11,7,AMD,ISK,7115,0,ATR,VTIYO,0,0,0,DOM,0,0,0,5,3,2,2,1,0,0,AMD,37,30,0,0,37,37,72,74,9,10,10,,2026-04-15T18:31:29Z,2026-04-15
89626,2,1199,2026-04-07,0,2026-04-07,,2026-04-07T10:25:00Z,,2026-04-07T10:19:00Z,2026-04-07T11:45:00Z,2026-04-07T11:28:00Z,2026-04-07T11:27:00Z,-6,-18,80,68,0,-12,-3,AMD,ISK,7115,0,ATR,VTIYD,0,0,0,DOM,0,0,0,3,3,2,2,1,0,0,AMD,27,30,0,0,37,37,72,74,9,10,10,,2026-04-15T18:31:29Z,2026-04-15
88517,2,1199,2026-04-10,0,2026-04-10,,2026-04-10T10:25:00Z,,2026-04-10T10:14:00Z,2026-04-10T11:45:00Z,2026-04-10T11:27:00Z,2026-04-10T11:28:00Z,-11,-17,80,74,0,-6,3,AMD,ISK,7115,0,ATR,VTIYF,0,0,0,DOM,0,0,0,2,3,2,2,1,0,0,AMD,33,30,0,0,37,37,72,74,9,10,10,,2026-04-15T18:31:29Z,2026-04-15
85872,2,1199,2026-04-12,0,2026-04-12,,2026-04-12T10:25:00Z,,2026-04-12T10:14:00Z,2026-04-12T11:45:00Z,2026-04-12T11:35:00Z,2026-04-12T11:33:00Z,-11,-12,80,79,0,-1,15,AMD,ISK,7115,0,ATR,VTIYX,0,0,0,DOM,0,0,0,3,3,2,2,1,0,0,AMD,45,30,0,0,37,37,72,74,9,10,10,,2026-04-15T18:31:29Z,2026-04-15
82998,2,1199,2026-04-11,0,2026-04-11,,2026-04-11T10:25:00Z,,2026-04-11T10:09:00Z,2026-04-11T11:45:00Z,2026-04-11T11:32:00Z,2026-04-11T11:34:00Z,-16,-11,80,85,0,5,2,AMD,ISK,7115,0,ATR,VTIYE,0,0,0,DOM,0,0,0,3,3,2,2,1,0,0,AMD,32,30,0,0,37,37,72,74,9,10,10,,2026-04-15T18:31:29Z,2026-04-15
13462,1,3909,2026-04-14,0,2026-04-14,,2026-04-14T14:40:00Z,,2026-04-14T14:49:00Z,2026-04-14T16:55:00Z,2026-04-14T17:07:00Z,2026-04-14T17:27:00Z,9,32,135,158,0,23,18,HYD,DEL,711,0,321,VTNCP,0,0,0,DOM,0,0,0,5,2,1,1,1,0,0,HYD,58,40,0,0,52,57,150,150,13,14,14,1,2026-04-15T18:31:29Z,2026-04-15
38323,1,F9271,2026-04-03,0,2026-04-03,,2026-04-04T02:05:00Z,,2026-04-04T02:20:00Z,2026-04-04T04:30:00Z,2026-04-04T04:37:00Z,2026-04-04T04:37:00Z,15,7,145,137,0,-8,9,CCU,DEL,9271,0,321,VTIKW,1,0,1,DOM,0,0,0,1,2,1,1,1,0,0,CCU,129,120,0,0,,,151,152,0,2,2,,2026-04-15T18:31:29Z,2026-04-15
14318,1,F9271,2026-04-05,0,2026-04-05,,2026-04-06T04:05:00Z,,2026-04-06T03:55:00Z,2026-04-06T06:30:00Z,2026-04-06T06:08:00Z,2026-04-06T06:08:00Z,-10,-22,145,133,0,-12,9,CCU,DEL,9271,0,321,VTIKW,1,0,1,DOM,0,0,0,1,2,1,1,1,0,0,CCU,249,240,0,0,60,60,,,23,4,3,,2026-04-15T18:31:29Z,2026-04-15
56827,1,1199,2026-04-09,0,2026-04-09,,2026-04-09T12:05:00Z,,2026-04-09T11:48:00Z,2026-04-09T13:55:00Z,2026-04-09T13:43:00Z,2026-04-09T13:43:00Z,-17,-12,110,115,0,5,-1,ISK,HYD,7137,0,ATR,VTIRK,0,0,0,DOM,0,0,0,4,2,1,1,1,0,0,ISK,19,20,0,0,26,29,114,115,11,12,11,1,2026-04-15T18:31:29Z,2026-04-15
71977,2,1199,2026-04-09,0,2026-04-09,,2026-04-09T12:05:00Z,,2026-04-09T11:48:00Z,2026-04-09T13:55:00Z,2026-04-09T13:43:00Z,2026-04-09T13:43:00Z,-17,-12,110,115,0,5,-1,ISK,HYD,7137,0,ATR,VTIRK,0,0,0,DOM,0,0,0,4,2,1,1,1,0,0,ISK,19,20,0,0,26,29,114,115,11,12,11,,2026-04-15T18:31:29Z,2026-04-15
45594,1,4681,2026-04-11,0,2026-04-11,,2026-04-11T11:00:00Z,,2026-04-11T11:08:00Z,2026-04-11T12:55:00Z,2026-04-11T12:46:00Z,2026-04-11T12:44:00Z,8,-11,115,96,0,-19,9,BOM,BLR,5217,0,321,VTNCX,0,0,1,DOM,0,0,0,6,2,3,3,1,0,0,BOM,54,45,0,0,67,67,113,113,10,11,11,1,2026-04-15T18:31:29Z,2026-04-15
78919,2,4681,2026-04-06,0,2026-04-06,,2026-04-06T11:00:00Z,,2026-04-06T11:03:00Z,2026-04-06T12:55:00Z,2026-04-06T12:49:00Z,2026-04-06T12:57:00Z,3,2,115,114,0,-1,-1,BOM,BLR,5217,0,321,VTIWT,0,0,1,DOM,0,0,0,3,2,3,3,1,0,0,BOM,44,45,0,0,67,67,113,113,10,11,11,,2026-04-15T18:31:29Z,2026-04-15
23744,1,4681,2026-04-14,0,2026-04-14,,2026-04-14T11:00:00Z,,2026-04-14T10:55:00Z,2026-04-14T12:55:00Z,2026-04-14T12:33:00Z,2026-04-14T12:32:00Z,-5,-23,115,97,0,-18,7,BOM,BLR,5217,0,321,VTNOA,0,0,1,DOM,0,0,0,4,2,3,3,1,0,0,BOM,52,45,0,0,67,67,109,112,10,11,10,1,2026-04-15T18:31:29Z,2026-04-15
90906,2,4681,2026-04-13,0,2026-04-13,,2026-04-13T11:00:00Z,,2026-04-13T10:47:00Z,2026-04-13T12:55:00Z,2026-04-13T12:33:00Z,2026-04-13T12:42:00Z,-13,-13,115,115,0,0,-6,BOM,BLR,5217,0,321,VTNCF,0,0,1,DOM,0,0,0,7,2,3,3,1,0,0,BOM,39,45,0,0,67,67,109,112,10,11,10,,2026-04-15T18:31:29Z,2026-04-15
35925,1,4681,2026-04-06,0,2026-04-06,,2026-04-06T11:00:00Z,,2026-04-06T11:03:00Z,2026-04-06T12:55:00Z,2026-04-06T12:49:00Z,2026-04-06T12:57:00Z,3,2,115,114,0,-1,-1,BOM,BLR,5217,0,321,VTIWT,0,0,1,DOM,0,0,0,3,2,3,3,1,0,0,BOM,44,45,0,0,67,67,113,113,10,11,11,,2026-04-15T18:31:29Z,2026-04-15
64269,2,4681,2026-04-11,0,2026-04-11,,2026-04-11T11:00:00Z,,2026-04-11T11:08:00Z,2026-04-11T12:55:00Z,2026-04-11T12:46:00Z,2026-04-11T12:44:00Z,8,-11,115,96,0,-19,9,BOM,BLR,5217,0,321,VTNCX,0,0,1,DOM,0,0,0,2,2,3,3,1,0,0,BOM,54,45,0,0,67,67,113,113,10,11,11,,2026-04-15T18:31:29Z,2026-04-15
37566,1,1199,2026-04-07,0,2026-04-07,,2026-04-07T08:45:00Z,,2026-04-07T08:38:00Z,2026-04-07T09:55:00Z,2026-04-07T09:50:00Z,2026-04-07T09:52:00Z,-7,-3,70,74,0,4,-7,IDR,AMD,7174,0,ATR,VTIYD,0,0,0,DOM,0,0,0,3,2,3,3,1,0,0,IDR,28,35,0,0,32,35,63,63,8,8,8,,2026-04-15T18:31:29Z,2026-04-15
80859,1,1199,2026-04-03,0,2026-04-03,,2026-04-03T08:45:00Z,,2026-04-03T08:27:00Z,2026-04-03T09:55:00Z,2026-04-03T09:28:00Z,2026-04-03T09:28:00Z,-18,-27,70,61,0,-9,-8,IDR,AMD,7174,0,ATR,VTIRS,0,0,0,DOM,0,0,0,1,2,3,3,1,0,0,IDR,27,35,0,0,32,35,63,63,8,8,8,,2026-04-15T18:31:29Z,2026-04-15
78812,2,1199,2026-04-04,0,2026-04-04,,2026-04-04T08:45:00Z,,2026-04-04T08:43:00Z,2026-04-04T09:55:00Z,2026-04-04T09:44:00Z,2026-04-04T09:45:00Z,-2,-10,70,62,0,-8,5,IDR,AMD,7174,0,ATR,VTIYX,0,0,0,DOM,0,0,0,1,2,3,3,1,0,0,IDR,40,35,0,0,32,35,63,63,8,8,8,,2026-04-15T18:31:29Z,2026-04-15
89626,2,1199,2026-04-07,0,2026-04-07,,2026-04-07T08:45:00Z,,2026-04-07T08:38:00Z,2026-04-07T09:55:00Z,2026-04-07T09:50:00Z,2026-04-07T09:52:00Z,-7,-3,70,74,0,4,-7,IDR,AMD,7174,0,ATR,VTIYD,0,0,0,DOM,0,0,0,3,2,3,3,1,0,0,IDR,28,35,0,0,32,35,63,63,8,8,8,,2026-04-15T18:31:29Z,2026-04-15
88517,2,1199,2026-04-10,0,2026-04-10,,2026-04-10T08:45:00Z,,2026-04-10T08:28:00Z,2026-04-10T09:55:00Z,2026-04-10T09:41:00Z,2026-04-10T09:41:00Z,-17,-14,70,73,0,3,-7,IDR,AMD,7174,0,ATR,VTIYF,0,0,0,DOM,0,0,0,2,2,3,3,1,0,0,IDR,28,35,0,0,32,35,63,63,8,8,8,,2026-04-15T18:31:29Z,2026-04-15
78812,2,1199,2026-04-14,0,2026-04-14,,2026-04-14T08:45:00Z,,2026-04-14T08:30:00Z,2026-04-14T09:55:00Z,2026-04-14T09:30:00Z,2026-04-14T09:30:00Z,-15,-25,70,60,0,-10,19,IDR,AMD,7174,0,ATR,VTIRO,0,0,0,DOM,0,0,0,5,2,3,3,1,0,0,IDR,54,35,0,0,44,48,63,63,7,8,8,,2026-04-15T18:31:29Z,2026-04-15
49568,1,1199,2026-04-13,0,2026-04-13,,2026-04-13T08:45:00Z,,2026-04-13T08:33:00Z,2026-04-13T09:55:00Z,2026-04-13T09:36:00Z,2026-04-13T09:35:00Z,-12,-20,70,62,0,-8,5,IDR,AMD,7174,0,ATR,VTIYO,0,0,0,DOM,0,0,0,4,2,3,3,1,0,0,IDR,40,35,0,0,44,48,63,63,7,8,8,1,2026-04-15T18:31:29Z,2026-04-15
76960,2,1199,2026-04-05,0,2026-04-05,,2026-04-05T08:45:00Z,,2026-04-05T08:31:00Z,2026-04-05T09:55:00Z,2026-04-05T09:34:00Z,2026-04-05T09:34:00Z,-14,-21,70,63,0,-7,6,IDR,AMD,7174,0,ATR,VTIYG,0,0,0,DOM,0,0,0,1,2,3,3,1,0,0,IDR,41,35,0,0,44,48,63,63,7,8,8,,2026-04-15T18:31:29Z,2026-04-15
30009,1,1199,2026-04-05,0,2026-04-05,,2026-04-05T08:45:00Z,,2026-04-05T08:31:00Z,2026-04-05T09:55:00Z,2026-04-05T09:34:00Z,2026-04-05T09:34:00Z,-14,-21,70,63,0,-7,6,IDR,AMD,7174,0,ATR,VTIYG,0,0,0,DOM,0,0,0,1,2,3,3,1,0,0,IDR,41,35,0,0,44,48,63,63,7,8,8,,2026-04-15T18:31:29Z,2026-04-15
30009,1,1199,2026-04-12,0,2026-04-12,,2026-04-12T08:45:00Z,,2026-04-12T08:27:00Z,2026-04-12T09:55:00Z,2026-04-12T09:28:00Z,2026-04-12T09:29:00Z,-18,-26,70,62,0,-8,13,IDR,AMD,7174,0,ATR,VTIYX,0,0,0,DOM,0,0,0,4,2,3,3,1,0,0,IDR,48,35,0,0,44,48,63,63,7,8,8,1,2026-04-15T18:31:29Z,2026-04-15
67038,2,1199,2026-04-13,0,2026-04-13,,2026-04-13T08:45:00Z,,2026-04-13T08:33:00Z,2026-04-13T09:55:00Z,2026-04-13T09:36:00Z,2026-04-13T09:35:00Z,-12,-20,70,62,0,-8,5,IDR,AMD,7174,0,ATR,VTIYO,0,0,0,DOM,0,0,0,5,2,3,3,1,0,0,IDR,40,35,0,0,44,48,63,63,7,8,8,,2026-04-15T18:31:29Z,2026-04-15
85872,2,1199,2026-04-12,0,2026-04-12,,2026-04-12T08:45:00Z,,2026-04-12T08:27:00Z,2026-04-12T09:55:00Z,2026-04-12T09:28:00Z,2026-04-12T09:29:00Z,-18,-26,70,62,0,-8,13,IDR,AMD,7174,0,ATR,VTIYX,0,0,0,DOM,0,0,0,3,2,3,3,1,0,0,IDR,48,35,0,0,44,48,63,63,7,8,8,,2026-04-15T18:31:29Z,2026-04-15
82998,2,1199,2026-04-11,0,2026-04-11,,2026-04-11T08:45:00Z,,2026-04-11T08:28:00Z,2026-04-11T09:55:00Z,2026-04-11T09:37:00Z,2026-04-11T09:37:00Z,-17,-18,70,69,0,-1,6,IDR,AMD,7174,0,ATR,VTIYE,0,0,0,DOM,0,0,0,3,2,3,3,1,0,0,IDR,41,35,0,0,44,48,63,63,7,8,8,,2026-04-15T18:31:29Z,2026-04-15
71977,2,1199,2026-04-09,0,2026-04-10,,2026-04-10T17:30:00Z,,2026-04-10T17:43:00Z,2026-04-10T18:40:00Z,2026-04-10T18:58:00Z,2026-04-10T18:58:00Z,13,18,70,75,0,5,0,ISK,AMD,7219,0,ATR,VTIRE,0,0,0,DOM,0,0,0,5,2,3,3,1,0,0,ISK,20,20,0,0,21,23,81,86,17,17,17,,2026-04-15T18:31:29Z,2026-04-15
56827,1,1199,2026-04-09,0,2026-04-10,,2026-04-10T17:30:00Z,,2026-04-10T17:43:00Z,2026-04-10T18:40:00Z,2026-04-10T18:58:00Z,2026-04-10T18:58:00Z,13,18,70,75,0,5,0,ISK,AMD,7219,0,ATR,VTIRE,0,0,0,DOM,0,0,0,5,2,3,3,1,0,0,ISK,20,20,0,0,21,23,81,86,17,17,17,1,2026-04-15T18:31:29Z,2026-04-15
38327,1,4681,2026-04-16,0,2026-04-16,,2026-04-16T11:00:00Z,,,2026-04-16T12:55:00Z,2026-04-16T12:40:00Z,,0,-15,115,,0,-2,22,BOM,BLR,5217,0,321,VTNOA,0,0,1,DOM,0,0,0,7,2,3,3,1,0,0,BOM,0,45,0,0,67,67,113,113,10,11,11,,2026-04-15T18:31:29Z,2026-04-15
80210,2,1199,2026-04-16,0,2026-04-16,,2026-04-16T08:45:00Z,,,2026-04-16T09:55:00Z,2026-04-16T09:55:00Z,,0,0,70,,0,-7,-3,IDR,AMD,7174,0,ATR,VTIYP,0,0,0,DOM,0,0,0,6,2,3,3,1,0,0,IDR,0,35,0,0,32,35,63,63,8,8,8,,2026-04-15T18:31:29Z,2026-04-15
65977,1,1199,2026-04-16,0,2026-04-16,,2026-04-16T08:45:00Z,,,2026-04-16T09:55:00Z,2026-04-16T09:55:00Z,,0,0,70,,0,-7,-3,IDR,AMD,7174,0,ATR,VTIYP,0,0,0,DOM,0,0,0,4,2,3,3,1,0,0,IDR,0,35,0,0,32,35,63,63,8,8,8,,2026-04-15T18:31:29Z,2026-04-15
88517,2,1199,2026-04-10,0,2026-04-11,,2026-04-11T19:10:00Z,2026-04-11T20:10:00Z,2026-04-11T20:07:00Z,2026-04-11T20:40:00Z,2026-04-11T22:21:00Z,2026-04-11T22:19:00Z,57,99,90,132,0,42,0,AMD,NMI,7018,0,ATR,VTIYO,0,0,0,DOM,0,0,0,3,3,2,2,1,0,0,AMD,30,30,0,0,32,34,132,132,19,19,20,,2026-04-15T21:31:28Z,2026-04-15
71977,2,1199,2026-04-09,0,2026-04-10,,2026-04-10T19:10:00Z,2026-04-10T19:30:00Z,2026-04-10T19:33:00Z,2026-04-10T20:40:00Z,2026-04-10T21:16:00Z,2026-04-10T21:16:00Z,23,36,90,103,0,13,5,AMD,NMI,7018,0,ATR,VTIRE,0,0,0,DOM,0,0,0,5,3,2,2,1,0,0,AMD,35,30,0,0,27,27,103,103,18,19,19,,2026-04-15T21:31:28Z,2026-04-15
56827,1,1199,2026-04-09,0,2026-04-10,,2026-04-10T19:10:00Z,2026-04-10T19:30:00Z,2026-04-10T19:33:00Z,2026-04-10T20:40:00Z,2026-04-10T21:16:00Z,2026-04-10T21:16:00Z,23,36,90,103,0,13,5,AMD,NMI,7018,0,ATR,VTIRE,0,0,0,DOM,0,0,0,5,3,2,2,1,0,0,AMD,35,30,0,0,27,27,103,103,18,19,19,1,2026-04-15T21:31:28Z,2026-04-15
85872,2,1199,2026-04-12,0,2026-04-13,,2026-04-13T19:10:00Z,2026-04-13T19:20:00Z,2026-04-13T19:13:00Z,2026-04-13T20:40:00Z,2026-04-13T20:51:00Z,2026-04-13T20:55:00Z,3,15,90,102,0,12,-4,AMD,NMI,7018,0,ATR,VTIRO,0,0,0,DOM,0,0,0,4,3,2,2,1,0,0,AMD,26,30,0,0,27,27,103,103,18,19,19,,2026-04-15T21:31:28Z,2026-04-15
30009,1,1199,2026-04-12,0,2026-04-13,,2026-04-13T19:10:00Z,2026-04-13T19:20:00Z,2026-04-13T19:13:00Z,2026-04-13T20:40:00Z,2026-04-13T20:51:00Z,2026-04-13T20:55:00Z,3,15,90,102,0,12,-4,AMD,NMI,7018,0,ATR,VTIRO,0,0,0,DOM,0,0,0,5,3,2,2,1,0,0,AMD,26,30,0,0,27,27,103,103,18,19,19,1,2026-04-15T21:31:28Z,2026-04-15
49568,1,1199,2026-04-13,0,2026-04-14,,2026-04-14T19:10:00Z,2026-04-14T19:25:00Z,2026-04-14T19:23:00Z,2026-04-14T20:40:00Z,2026-04-14T21:08:00Z,2026-04-14T21:07:00Z,13,27,90,104,0,14,-3,AMD,NMI,7018,0,ATR,VTIYO,0,0,0,DOM,0,0,0,5,3,2,2,1,0,0,AMD,27,30,0,0,27,27,103,103,18,19,19,1,2026-04-15T21:31:28Z,2026-04-15
76960,2,1199,2026-04-05,0,2026-04-06,,2026-04-06T19:10:00Z,2026-04-06T19:25:00Z,2026-04-06T19:11:00Z,2026-04-06T20:40:00Z,2026-04-06T20:54:00Z,2026-04-06T20:53:00Z,1,13,90,102,0,12,-7,AMD,NMI,7018,0,ATR,VTIYJ,0,0,0,DOM,0,0,0,2,3,2,2,1,0,0,AMD,23,30,0,0,27,27,103,103,18,19,19,,2026-04-15T21:31:28Z,2026-04-15
30009,1,1199,2026-04-05,0,2026-04-06,,2026-04-06T19:10:00Z,2026-04-06T19:25:00Z,2026-04-06T19:11:00Z,2026-04-06T20:40:00Z,2026-04-06T20:54:00Z,2026-04-06T20:53:00Z,1,13,90,102,0,12,-7,AMD,NMI,7018,0,ATR,VTIYJ,0,0,0,DOM,0,0,0,2,3,2,2,1,0,0,AMD,23,30,0,0,27,27,103,103,18,19,19,,2026-04-15T21:31:28Z,2026-04-15
67038,2,1199,2026-04-13,0,2026-04-14,,2026-04-14T19:10:00Z,2026-04-14T19:25:00Z,2026-04-14T19:23:00Z,2026-04-14T20:40:00Z,2026-04-14T21:08:00Z,2026-04-14T21:07:00Z,13,27,90,104,0,14,-3,AMD,NMI,7018,0,ATR,VTIYO,0,0,0,DOM,0,0,0,6,3,2,2,1,0,0,AMD,27,30,0,0,27,27,103,103,18,19,19,,2026-04-15T21:31:28Z,2026-04-15
37566,1,1199,2026-04-07,0,2026-04-08,,2026-04-08T19:10:00Z,2026-04-08T19:45:00Z,2026-04-08T19:40:00Z,2026-04-08T20:40:00Z,2026-04-08T21:24:00Z,2026-04-08T21:26:00Z,30,46,90,106,0,16,-8,AMD,NMI,7018,0,ATR,VTIYE,0,0,0,DOM,0,0,0,4,3,2,2,1,0,0,AMD,22,30,0,0,32,34,103,103,19,19,19,1,2026-04-15T21:31:28Z,2026-04-15
82998,2,1199,2026-04-11,0,2026-04-12,,2026-04-12T19:10:00Z,2026-04-12T19:30:00Z,2026-04-12T19:31:00Z,2026-04-12T20:40:00Z,2026-04-12T21:06:00Z,2026-04-12T21:03:00Z,21,23,90,92,0,2,-4,AMD,NMI,7018,0,ATR,VTIRQ,0,0,0,DOM,0,0,0,4,3,2,2,1,0,0,AMD,26,30,0,0,32,34,103,103,19,19,19,,2026-04-15T21:31:28Z,2026-04-15
78812,2,1199,2026-04-04,0,2026-04-05,,2026-04-05T19:10:00Z,2026-04-05T19:55:00Z,2026-04-05T19:49:00Z,2026-04-05T20:40:00Z,2026-04-05T21:32:00Z,2026-04-05T21:30:00Z,39,50,90,101,0,11,-5,AMD,NMI,7018,0,ATR,VTIYJ,0,0,0,DOM,0,0,0,2,3,2,2,1,0,0,AMD,25,30,0,0,32,34,103,103,19,19,19,,2026-04-15T21:31:28Z,2026-04-15
80859,1,1199,2026-04-03,0,2026-04-04,,2026-04-04T19:10:00Z,2026-04-04T19:55:00Z,2026-04-04T19:34:00Z,2026-04-04T20:40:00Z,2026-04-04T21:18:00Z,2026-04-04T21:16:00Z,24,36,90,102,0,12,3,AMD,NMI,7018,0,ATR,VTIYG,0,0,0,DOM,0,0,0,2,3,2,2,1,0,0,AMD,33,30,0,0,32,34,103,103,19,19,19,,2026-04-15T21:31:28Z,2026-04-15
89626,2,1199,2026-04-07,0,2026-04-08,,2026-04-08T19:10:00Z,2026-04-08T19:45:00Z,2026-04-08T19:40:00Z,2026-04-08T20:40:00Z,2026-04-08T21:24:00Z,2026-04-08T21:26:00Z,30,46,90,106,0,16,-8,AMD,NMI,7018,0,ATR,VTIYE,0,0,0,DOM,0,0,0,4,3,2,2,1,0,0,AMD,22,30,0,0,32,34,103,103,19,19,19,,2026-04-15T21:31:28Z,2026-04-15
71977,2,1199,2026-04-09,0,2026-04-10,,2026-04-10T21:10:00Z,2026-04-10T21:45:00Z,2026-04-10T21:39:00Z,2026-04-10T22:35:00Z,2026-04-10T23:16:00Z,2026-04-10T23:21:00Z,29,46,85,102,0,17,-7,NMI,AMD,7017,0,ATR,VTIRE,0,0,0,DOM,0,0,0,5,4,1,1,1,0,0,NMI,23,30,0,0,28,28,96,102,21,21,21,,2026-04-15T21:31:28Z,2026-04-15
56827,1,1199,2026-04-09,0,2026-04-10,,2026-04-10T21:10:00Z,2026-04-10T21:45:00Z,2026-04-10T21:39:00Z,2026-04-10T22:35:00Z,2026-04-10T23:16:00Z,2026-04-10T23:21:00Z,29,46,85,102,0,17,-7,NMI,AMD,7017,0,ATR,VTIRE,0,0,0,DOM,0,0,0,5,4,1,1,1,0,0,NMI,23,30,0,0,28,28,96,102,21,21,21,1,2026-04-15T21:31:28Z,2026-04-15
37566,1,1199,2026-04-07,0,2026-04-08,,2026-04-08T21:10:00Z,2026-04-08T21:55:00Z,2026-04-08T21:47:00Z,2026-04-08T22:35:00Z,2026-04-08T23:32:00Z,2026-04-08T23:35:00Z,37,60,85,108,0,23,-9,NMI,AMD,7017,0,ATR,VTIYE,0,0,0,DOM,0,0,0,4,4,1,1,1,0,0,NMI,21,30,0,0,28,28,96,102,21,21,21,1,2026-04-15T21:31:28Z,2026-04-15
82998,2,1199,2026-04-11,0,2026-04-12,,2026-04-12T21:10:00Z,2026-04-12T21:40:00Z,2026-04-12T21:31:00Z,2026-04-12T22:35:00Z,2026-04-12T23:07:00Z,2026-04-12T23:07:00Z,21,32,85,96,0,11,-2,NMI,AMD,7017,0,ATR,VTIRQ,0,0,0,DOM,0,0,0,4,4,1,1,1,0,0,NMI,28,30,0,0,28,28,96,102,21,21,21,,2026-04-15T21:31:28Z,2026-04-15
49568,1,1199,2026-04-13,0,2026-04-14,,2026-04-14T21:10:00Z,2026-04-14T21:40:00Z,2026-04-14T21:37:00Z,2026-04-14T22:35:00Z,2026-04-14T23:09:00Z,2026-04-14T23:08:00Z,27,33,85,91,0,6,0,NMI,AMD,7017,0,ATR,VTIYO,0,0,0,DOM,0,0,0,5,4,1,1,1,0,0,NMI,30,30,0,0,28,28,96,102,21,21,21,1,2026-04-15T21:31:28Z,2026-04-15
78812,2,1199,2026-04-04,0,2026-04-05,,2026-04-05T21:10:00Z,2026-04-05T22:00:00Z,2026-04-05T22:01:00Z,2026-04-05T22:35:00Z,2026-04-05T23:37:00Z,2026-04-05T23:48:00Z,51,73,85,107,0,22,1,NMI,AMD,7017,0,ATR,VTIYJ,0,0,0,DOM,0,0,0,2,4,1,1,1,0,0,NMI,31,30,0,0,28,28,104,104,21,21,22,,2026-04-15T21:31:28Z,2026-04-15
80859,1,1199,2026-04-03,0,2026-04-04,,2026-04-04T21:10:00Z,2026-04-04T22:00:00Z,2026-04-04T22:13:00Z,2026-04-04T22:35:00Z,2026-04-04T23:44:00Z,2026-04-04T23:43:00Z,63,68,85,90,0,5,27,NMI,AMD,7017,0,ATR,VTIYG,0,0,0,DOM,0,0,0,2,4,1,1,1,0,0,NMI,57,30,0,0,28,28,104,104,21,21,22,,2026-04-15T21:31:28Z,2026-04-15
89626,2,1199,2026-04-07,0,2026-04-08,,2026-04-08T21:10:00Z,2026-04-08T21:55:00Z,2026-04-08T21:47:00Z,2026-04-08T22:35:00Z,2026-04-08T23:32:00Z,2026-04-08T23:35:00Z,37,60,85,108,0,23,-9,NMI,AMD,7017,0,ATR,VTIYE,0,0,0,DOM,0,0,0,4,4,1,1,1,0,0,NMI,21,30,0,0,28,28,96,102,21,21,21,,2026-04-15T21:31:28Z,2026-04-15
67038,2,1199,2026-04-13,0,2026-04-14,,2026-04-14T21:10:00Z,2026-04-14T21:40:00Z,2026-04-14T21:37:00Z,2026-04-14T22:35:00Z,2026-04-14T23:09:00Z,2026-04-14T23:08:00Z,27,33,85,91,0,6,0,NMI,AMD,7017,0,ATR,VTIYO,0,0,0,DOM,0,0,0,6,4,1,1,1,0,0,NMI,30,30,0,0,28,28,96,102,21,21,21,,2026-04-15T21:31:28Z,2026-04-15
85872,2,1199,2026-04-12,0,2026-04-13,,2026-04-13T21:10:00Z,2026-04-13T21:20:00Z,2026-04-13T21:17:00Z,2026-04-13T22:35:00Z,2026-04-13T22:48:00Z,2026-04-13T22:50:00Z,7,15,85,93,0,8,-8,NMI,AMD,7017,0,ATR,VTIRO,0,0,0,DOM,0,0,0,4,4,1,1,1,0,0,NMI,22,30,0,0,60,60,96,102,20,21,21,,2026-04-15T21:31:28Z,2026-04-15
30009,1,1199,2026-04-12,0,2026-04-13,,2026-04-13T21:10:00Z,2026-04-13T21:20:00Z,2026-04-13T21:17:00Z,2026-04-13T22:35:00Z,2026-04-13T22:48:00Z,2026-04-13T22:50:00Z,7,15,85,93,0,8,-8,NMI,AMD,7017,0,ATR,VTIRO,0,0,0,DOM,0,0,0,5,4,1,1,1,0,0,NMI,22,30,0,0,60,60,96,102,20,21,21,1,2026-04-15T21:31:28Z,2026-04-15
76960,2,1199,2026-04-05,0,2026-04-06,,2026-04-06T21:10:00Z,2026-04-06T21:20:00Z,2026-04-06T21:18:00Z,2026-04-06T22:35:00Z,2026-04-06T22:51:00Z,2026-04-06T22:54:00Z,8,19,85,96,0,11,-5,NMI,AMD,7017,0,ATR,VTIYJ,0,0,0,DOM,0,0,0,2,4,1,1,1,0,0,NMI,25,30,0,0,60,60,96,102,20,21,21,,2026-04-15T21:31:28Z,2026-04-15
30009,1,1199,2026-04-05,0,2026-04-06,,2026-04-06T21:10:00Z,2026-04-06T21:20:00Z,2026-04-06T21:18:00Z,2026-04-06T22:35:00Z,2026-04-06T22:51:00Z,2026-04-06T22:54:00Z,8,19,85,96,0,11,-5,NMI,AMD,7017,0,ATR,VTIYJ,0,0,0,DOM,0,0,0,2,4,1,1,1,0,0,NMI,25,30,0,0,60,60,96,102,20,21,21,,2026-04-15T21:31:28Z,2026-04-15
88517,2,1199,2026-04-10,0,2026-04-11,,2026-04-11T21:10:00Z,2026-04-11T22:50:00Z,2026-04-11T22:51:00Z,2026-04-11T22:35:00Z,2026-04-12T00:28:00Z,2026-04-12T00:35:00Z,101,120,85,104,0,19,2,NMI,AMD,7017,0,ATR,VTIYO,0,0,0,DOM,0,0,0,3,4,1,1,1,0,0,NMI,32,30,0,0,60,60,104,104,22,21,22,,2026-04-15T21:31:28Z,2026-04-15
15088,1,3909,2026-04-03,0,2026-04-03,,2026-04-03T14:40:00Z,2026-04-03T15:00:00Z,2026-04-03T14:58:00Z,2026-04-03T16:55:00Z,2026-04-03T17:04:00Z,2026-04-03T17:07:00Z,18,12,135,129,0,-6,-1,HYD,DEL,711,0,321,VTNCW,0,0,0,DOM,0,0,0,1,2,1,1,1,0,0,HYD,39,40,0,0,53,54,150,150,14,14,14,,2026-04-15T21:31:28Z,2026-04-15
18481,1,3909,2026-04-15,0,2026-04-15,,2026-04-15T14:40:00Z,2026-04-15T14:55:00Z,2026-04-15T15:07:00Z,2026-04-15T16:55:00Z,2026-04-15T17:21:00Z,2026-04-15T17:23:00Z,27,28,135,136,0,1,13,HYD,DEL,711,0,321,VTIWS,0,0,0,DOM,0,0,0,9,2,1,1,1,0,0,HYD,53,40,0,0,53,54,169,169,14,14,15,1,2026-04-15T21:31:28Z,2026-04-15
18381,1,3909,2026-04-10,0,2026-04-10,,2026-04-10T14:40:00Z,2026-04-10T15:05:00Z,2026-04-10T15:22:00Z,2026-04-10T16:55:00Z,2026-04-10T17:51:00Z,2026-04-10T17:56:00Z,42,61,135,154,0,19,14,HYD,DEL,711,0,321,VTNHC,0,0,0,DOM,0,0,0,5,2,1,1,1,0,0,HYD,54,40,0,0,53,54,169,169,14,14,15,1,2026-04-15T21:31:28Z,2026-04-15
21516,1,3909,2026-04-05,0,2026-04-05,,2026-04-05T14:40:00Z,2026-04-05T14:55:00Z,2026-04-05T15:08:00Z,2026-04-05T16:55:00Z,2026-04-05T17:36:00Z,2026-04-05T17:41:00Z,28,46,135,153,0,18,20,HYD,DEL,711,0,321,VTNCZ,0,0,0,DOM,0,0,0,3,2,1,1,1,0,0,HYD,60,40,0,0,53,54,169,169,14,14,15,,2026-04-15T21:31:28Z,2026-04-15
43904,2,3909,2026-04-15,0,2026-04-15,,2026-04-15T14:40:00Z,2026-04-15T14:55:00Z,2026-04-15T15:07:00Z,2026-04-15T16:55:00Z,2026-04-15T17:21:00Z,2026-04-15T17:23:00Z,27,28,135,136,0,1,13,HYD,DEL,711,0,321,VTIWS,0,0,0,DOM,0,0,0,7,2,1,1,1,0,0,HYD,53,40,0,0,53,54,169,169,14,14,15,,2026-04-15T21:31:28Z,2026-04-15
62973,2,3909,2026-04-07,0,2026-04-07,,2026-04-07T20:00:00Z,2026-04-07T21:20:00Z,2026-04-07T21:16:00Z,2026-04-07T21:20:00Z,2026-04-07T23:03:00Z,2026-04-07T23:04:00Z,76,104,80,108,0,28,-9,UDR,DEL,6229,0,320,VTIIA,0,0,0,DOM,0,0,0,3,4,1,1,1,0,0,UDR,26,35,0,0,60,60,,,20,20,21,,2026-04-15T21:31:28Z,2026-04-15
22452,1,3909,2026-04-11,0,2026-04-11,,2026-04-11T20:00:00Z,2026-04-11T20:35:00Z,2026-04-11T20:51:00Z,2026-04-11T21:20:00Z,2026-04-11T22:05:00Z,2026-04-11T22:12:00Z,51,52,80,81,0,1,17,UDR,DEL,6229,0,320,VTIKK,0,0,0,DOM,0,0,0,4,4,1,1,1,0,0,UDR,52,35,0,0,33,33,81,81,19,20,20,1,2026-04-15T21:31:28Z,2026-04-15
64998,2,3909,2026-04-04,0,2026-04-04,,2026-04-04T20:00:00Z,2026-04-04T20:10:00Z,2026-04-04T20:16:00Z,2026-04-04T21:20:00Z,2026-04-04T21:30:00Z,2026-04-04T21:33:00Z,16,13,80,77,0,-3,1,UDR,DEL,6229,0,320,VTIQI,0,0,0,DOM,0,0,0,1,4,1,1,1,0,0,UDR,36,35,0,0,33,33,81,81,19,20,20,,2026-04-15T21:31:28Z,2026-04-15
69116,2,3909,2026-04-12,0,2026-04-12,,2026-04-12T20:00:00Z,2026-04-12T20:25:00Z,2026-04-12T20:24:00Z,2026-04-12T21:20:00Z,2026-04-12T21:41:00Z,2026-04-12T21:45:00Z,24,25,80,81,0,1,1,UDR,DEL,6229,0,320,VTIKK,0,0,0,DOM,0,0,0,5,4,1,1,1,0,0,UDR,36,35,0,0,33,33,81,81,19,20,20,,2026-04-15T21:31:28Z,2026-04-15
78812,2,1199,2026-04-14,0,2026-04-15,,2026-04-15T17:30:00Z,2026-04-15T17:55:00Z,2026-04-15T17:43:00Z,2026-04-15T18:40:00Z,2026-04-15T18:56:00Z,2026-04-15T18:57:00Z,13,17,70,74,0,4,1,ISK,AMD,7219,0,ATR,VTIYP,0,0,0,DOM,0,0,0,6,2,1,1,1,0,0,ISK,21,20,0,0,21,21,81,81,17,17,17,,2026-04-15T21:31:28Z,2026-04-15
35925,1,4681,2026-04-06,0,2026-04-06,,2026-04-06T16:55:00Z,2026-04-06T17:25:00Z,2026-04-06T17:15:00Z,2026-04-06T19:15:00Z,2026-04-06T19:20:00Z,2026-04-06T19:28:00Z,20,13,140,133,0,-7,-13,AMD,BLR,863,0,320,VTIAX,0,0,0,DOM,0,0,0,3,4,1,1,1,0,0,AMD,42,55,0,0,45,51,137,137,16,16,17,,2026-04-15T21:31:28Z,2026-04-15
78919,2,4681,2026-04-06,0,2026-04-06,,2026-04-06T16:55:00Z,2026-04-06T17:25:00Z,2026-04-06T17:15:00Z,2026-04-06T19:15:00Z,2026-04-06T19:20:00Z,2026-04-06T19:28:00Z,20,13,140,133,0,-7,-13,AMD,BLR,863,0,320,VTIAX,0,0,0,DOM,0,0,0,3,4,1,1,1,0,0,AMD,42,55,0,0,45,51,137,137,16,16,17,,2026-04-15T21:31:28Z,2026-04-15
37552,1,F9271,2026-04-08,0,2026-04-08,,2026-04-09T04:00:00Z,2026-04-09T04:35:00Z,2026-04-09T04:32:00Z,2026-04-09T06:05:00Z,2026-04-09T06:58:00Z,2026-04-09T06:58:00Z,32,53,125,146,0,21,55,CCU,DEL,9423,0,321,VTIKW,1,0,1,DOM,0,0,0,5,2,1,1,1,0,0,CCU,290,235,0,0,60,60,146,146,23,4,4,1,2026-04-15T21:31:28Z,2026-04-15
89774,2,F9271,2026-04-08,0,2026-04-08,,2026-04-09T04:00:00Z,2026-04-09T04:35:00Z,2026-04-09T04:32:00Z,2026-04-09T06:05:00Z,2026-04-09T06:58:00Z,2026-04-09T06:58:00Z,32,53,125,146,0,21,55,CCU,DEL,9423,0,321,VTIKW,1,0,1,DOM,0,0,0,1,2,1,1,1,0,0,CCU,290,235,0,0,60,60,146,146,23,4,4,,2026-04-15T21:31:28Z,2026-04-15
22452,1,3909,2026-04-11,0,2026-04-11,,2026-04-11T14:40:00Z,2026-04-11T14:55:00Z,2026-04-11T14:53:00Z,2026-04-11T16:55:00Z,2026-04-11T17:07:00Z,2026-04-11T17:15:00Z,13,20,135,142,0,7,16,HYD,DEL,711,0,321,VTICH,0,0,0,DOM,0,0,0,4,2,3,3,1,0,0,HYD,56,40,0,0,52,57,150,150,13,14,14,1,2026-04-15T21:31:28Z,2026-04-15
39854,1,3909,2026-04-09,0,2026-04-09,,2026-04-09T14:40:00Z,2026-04-09T14:55:00Z,2026-04-09T14:56:00Z,2026-04-09T16:55:00Z,2026-04-09T17:16:00Z,2026-04-09T17:19:00Z,16,24,135,143,0,8,3,HYD,DEL,711,0,321,VTNCD,0,0,0,DOM,0,0,0,4,2,3,3,1,0,0,HYD,43,40,0,0,53,54,150,150,14,14,14,1,2026-04-15T21:31:28Z,2026-04-15
62973,2,3909,2026-04-07,0,2026-04-07,,2026-04-07T14:40:00Z,2026-04-07T15:10:00Z,2026-04-07T15:06:00Z,2026-04-07T16:55:00Z,2026-04-07T17:39:00Z,2026-04-07T17:44:00Z,26,49,135,158,0,23,1,HYD,DEL,711,0,321,VTNCW,0,0,0,DOM,0,0,0,3,2,3,3,1,0,0,HYD,41,40,0,0,53,54,169,169,14,14,15,,2026-04-15T21:31:28Z,2026-04-15
64998,2,3909,2026-04-04,0,2026-04-04,,2026-04-04T14:40:00Z,2026-04-04T15:00:00Z,2026-04-04T15:05:00Z,2026-04-04T16:55:00Z,2026-04-04T17:15:00Z,2026-04-04T17:19:00Z,25,24,135,134,0,-1,2,HYD,DEL,711,0,321,VTICM,0,0,0,DOM,0,0,0,1,2,3,3,1,0,0,HYD,42,40,0,0,53,54,169,169,14,14,15,,2026-04-15T21:31:28Z,2026-04-15
69116,2,3909,2026-04-12,0,2026-04-12,,2026-04-12T14:40:00Z,2026-04-12T15:00:00Z,2026-04-12T14:53:00Z,2026-04-12T16:55:00Z,2026-04-12T17:08:00Z,2026-04-12T17:11:00Z,13,16,135,138,0,3,12,HYD,DEL,711,0,321,VTNHE,0,0,0,DOM,0,0,0,5,2,3,3,1,0,0,HYD,52,40,0,0,53,54,150,150,14,14,14,,2026-04-15T21:31:28Z,2026-04-15
22452,1,3909,2026-04-11,0,2026-04-11,,2026-04-11T18:10:00Z,2026-04-11T18:25:00Z,2026-04-11T18:36:00Z,2026-04-11T19:25:00Z,2026-04-11T20:02:00Z,2026-04-11T19:59:00Z,26,34,75,83,0,8,6,DEL,UDR,6228,0,320,VTIKK,1,0,0,DOM,0,0,0,4,3,2,2,1,0,0,DEL,81,75,0,0,100,109,78,83,17,18,18,1,2026-04-15T21:31:28Z,2026-04-15
62973,2,3909,2026-04-07,0,2026-04-07,,2026-04-07T18:10:00Z,2026-04-07T19:00:00Z,2026-04-07T19:19:00Z,2026-04-07T19:25:00Z,2026-04-07T20:52:00Z,2026-04-07T20:50:00Z,69,85,75,91,0,16,20,DEL,UDR,6228,0,320,VTIIA,1,0,0,DOM,0,0,0,3,3,2,2,1,0,0,DEL,95,75,0,0,100,109,,,17,18,19,,2026-04-15T21:31:28Z,2026-04-15
69116,2,3909,2026-04-12,0,2026-04-12,,2026-04-12T18:10:00Z,2026-04-12T18:40:00Z,2026-04-12T18:36:00Z,2026-04-12T19:25:00Z,2026-04-12T19:50:00Z,2026-04-12T19:48:00Z,26,23,75,72,0,-3,10,DEL,UDR,6228,0,320,VTIKK,1,0,0,DOM,0,0,0,5,3,2,2,1,0,0,DEL,85,75,0,0,100,109,78,83,17,18,18,,2026-04-15T21:31:28Z,2026-04-15
35925,1,4681,2026-04-06,0,2026-04-06,,2026-04-06T13:55:00Z,2026-04-06T14:05:00Z,2026-04-06T14:15:00Z,2026-04-06T16:00:00Z,2026-04-06T16:33:00Z,2026-04-06T16:33:00Z,20,33,125,138,0,13,18,BLR,AMD,6595,0,320,VTIAX,1,0,0,DOM,0,0,0,3,3,2,2,1,0,0,BLR,78,60,0,0,138,154,140,140,12,13,14,,2026-04-15T21:31:28Z,2026-04-15
78919,2,4681,2026-04-06,0,2026-04-06,,2026-04-06T13:55:00Z,2026-04-06T14:05:00Z,2026-04-06T14:15:00Z,2026-04-06T16:00:00Z,2026-04-06T16:33:00Z,2026-04-06T16:33:00Z,20,33,125,138,0,13,18,BLR,AMD,6595,0,320,VTIAX,1,0,0,DOM,0,0,0,3,3,2,2,1,0,0,BLR,78,60,0,0,138,154,140,140,12,13,14,,2026-04-15T21:31:28Z,2026-04-15
85872,2,1199,2026-04-12,0,2026-04-13,,2026-04-13T17:30:00Z,2026-04-13T17:35:00Z,2026-04-13T17:30:00Z,2026-04-13T18:40:00Z,2026-04-13T18:48:00Z,2026-04-13T18:47:00Z,0,7,70,77,0,7,1,ISK,AMD,7219,0,ATR,VTIRO,0,0,0,DOM,0,0,0,4,2,3,3,1,0,0,ISK,21,20,0,0,21,21,81,81,17,17,17,,2026-04-15T21:31:28Z,2026-04-15
37566,1,1199,2026-04-07,0,2026-04-08,,2026-04-08T17:30:00Z,2026-04-08T17:50:00Z,2026-04-08T17:51:00Z,2026-04-08T18:40:00Z,2026-04-08T19:16:00Z,2026-04-08T19:18:00Z,21,38,70,87,0,17,-3,ISK,AMD,7219,0,ATR,VTIYE,0,0,0,DOM,0,0,0,4,2,3,3,1,0,0,ISK,17,20,0,0,21,21,81,81,17,17,17,1,2026-04-15T21:31:28Z,2026-04-15
82998,2,1199,2026-04-11,0,2026-04-12,,2026-04-12T17:30:00Z,2026-04-12T17:45:00Z,2026-04-12T17:44:00Z,2026-04-12T18:40:00Z,2026-04-12T19:04:00Z,2026-04-12T19:05:00Z,14,25,70,81,0,11,3,ISK,AMD,7219,0,ATR,VTIRQ,0,0,0,DOM,0,0,0,4,2,3,3,1,0,0,ISK,23,20,0,0,21,21,81,81,17,17,17,,2026-04-15T21:31:28Z,2026-04-15
30009,1,1199,2026-04-12,0,2026-04-13,,2026-04-13T17:30:00Z,2026-04-13T17:35:00Z,2026-04-13T17:30:00Z,2026-04-13T18:40:00Z,2026-04-13T18:48:00Z,2026-04-13T18:47:00Z,0,7,70,77,0,7,1,ISK,AMD,7219,0,ATR,VTIRO,0,0,0,DOM,0,0,0,5,2,3,3,1,0,0,ISK,21,20,0,0,21,21,81,81,17,17,17,1,2026-04-15T21:31:28Z,2026-04-15
49568,1,1199,2026-04-13,0,2026-04-14,,2026-04-14T17:30:00Z,2026-04-14T17:30:00Z,2026-04-14T17:40:00Z,2026-04-14T18:40:00Z,2026-04-14T18:56:00Z,2026-04-14T18:56:00Z,10,16,70,76,0,6,10,ISK,AMD,7219,0,ATR,VTIYO,0,0,0,DOM,0,0,0,5,2,3,3,1,0,0,ISK,30,20,0,0,21,21,81,81,17,17,17,1,2026-04-15T21:31:28Z,2026-04-15
80859,1,1199,2026-04-03,0,2026-04-04,,2026-04-04T17:30:00Z,2026-04-04T17:50:00Z,2026-04-04T17:48:00Z,2026-04-04T18:40:00Z,2026-04-04T19:02:00Z,2026-04-04T19:01:00Z,18,21,70,73,0,3,-1,ISK,AMD,7219,0,ATR,VTIYG,0,0,0,DOM,0,0,0,2,2,3,3,1,0,0,ISK,19,20,0,0,21,21,81,81,17,17,17,,2026-04-15T21:31:28Z,2026-04-15
76960,2,1199,2026-04-05,0,2026-04-06,,2026-04-06T17:30:00Z,2026-04-06T17:40:00Z,2026-04-06T17:31:00Z,2026-04-06T18:40:00Z,2026-04-06T18:48:00Z,2026-04-06T18:48:00Z,1,8,70,77,0,7,1,ISK,AMD,7219,0,ATR,VTIYJ,0,0,0,DOM,0,0,0,2,2,3,3,1,0,0,ISK,21,20,0,0,21,21,81,81,17,17,17,,2026-04-15T21:31:28Z,2026-04-15
89626,2,1199,2026-04-07,0,2026-04-08,,2026-04-08T17:30:00Z,2026-04-08T17:50:00Z,2026-04-08T17:51:00Z,2026-04-08T18:40:00Z,2026-04-08T19:16:00Z,2026-04-08T19:18:00Z,21,38,70,87,0,17,-3,ISK,AMD,7219,0,ATR,VTIYE,0,0,0,DOM,0,0,0,4,2,3,3,1,0,0,ISK,17,20,0,0,21,21,81,81,17,17,17,,2026-04-15T21:31:28Z,2026-04-15
30009,1,1199,2026-04-05,0,2026-04-06,,2026-04-06T17:30:00Z,2026-04-06T17:40:00Z,2026-04-06T17:31:00Z,2026-04-06T18:40:00Z,2026-04-06T18:48:00Z,2026-04-06T18:48:00Z,1,8,70,77,0,7,1,ISK,AMD,7219,0,ATR,VTIYJ,0,0,0,DOM,0,0,0,2,2,3,3,1,0,0,ISK,21,20,0,0,21,21,81,81,17,17,17,,2026-04-15T21:31:28Z,2026-04-15
67038,2,1199,2026-04-13,0,2026-04-14,,2026-04-14T17:30:00Z,2026-04-14T17:30:00Z,2026-04-14T17:40:00Z,2026-04-14T18:40:00Z,2026-04-14T18:56:00Z,2026-04-14T18:56:00Z,10,16,70,76,0,6,10,ISK,AMD,7219,0,ATR,VTIYO,0,0,0,DOM,0,0,0,6,2,3,3,1,0,0,ISK,30,20,0,0,21,21,81,81,17,17,17,,2026-04-15T21:31:28Z,2026-04-15
78812,2,1199,2026-04-04,0,2026-04-05,,2026-04-05T17:30:00Z,2026-04-05T18:05:00Z,2026-04-05T18:06:00Z,2026-04-05T18:40:00Z,2026-04-05T19:22:00Z,2026-04-05T19:24:00Z,36,44,70,78,0,8,2,ISK,AMD,7219,0,ATR,VTIYJ,0,0,0,DOM,0,0,0,2,2,3,3,1,0,0,ISK,22,20,0,0,21,21,87,87,17,17,18,,2026-04-15T21:31:28Z,2026-04-15
88517,2,1199,2026-04-10,0,2026-04-11,,2026-04-11T17:30:00Z,2026-04-11T18:00:00Z,2026-04-11T18:10:00Z,2026-04-11T18:40:00Z,2026-04-11T19:38:00Z,2026-04-11T19:37:00Z,40,57,70,87,0,17,12,ISK,AMD,7219,0,ATR,VTIYO,0,0,0,DOM,0,0,0,3,2,3,3,1,0,0,ISK,32,20,0,0,21,21,87,87,17,17,18,,2026-04-15T21:31:28Z,2026-04-15
78812,2,1199,2026-04-14,1,2026-04-15,2026-04-15T14:50:00Z,2026-04-15T15:35:00Z,2026-04-15T15:45:00Z,2026-04-15T15:42:00Z,2026-04-15T17:10:00Z,2026-04-15T17:24:00Z,2026-04-15T17:22:00Z,7,12,95,100,7,5,0,HYD,ISK,7136,0,ATR,VTIYP,0,0,,DOM,0,0,0,6,1,2,2,1,0,0,,0,0,3,7,0,0,112,112,,15,15,,2026-04-15T21:31:28Z,2026-04-15
85872,2,1199,2026-04-12,1,2026-04-13,2026-04-13T14:40:00Z,2026-04-13T15:35:00Z,2026-04-13T15:25:00Z,2026-04-13T15:24:00Z,2026-04-13T17:10:00Z,2026-04-13T17:09:00Z,2026-04-13T17:09:00Z,-11,-1,95,105,-11,10,0,HYD,ISK,7136,0,ATR,VTIRO,0,0,,DOM,0,0,0,4,1,4,4,1,0,0,,0,0,3,7,0,0,112,112,,15,15,,2026-04-15T21:31:28Z,2026-04-15
30009,1,1199,2026-04-12,1,2026-04-13,2026-04-13T14:40:00Z,2026-04-13T15:35:00Z,2026-04-13T15:25:00Z,2026-04-13T15:24:00Z,2026-04-13T17:10:00Z,2026-04-13T17:09:00Z,2026-04-13T17:09:00Z,-11,-1,95,105,-11,10,0,HYD,ISK,7136,0,ATR,VTIRO,0,0,,DOM,0,0,0,5,1,4,4,1,0,0,,0,0,3,7,0,0,112,112,,15,15,1,2026-04-15T21:31:28Z,2026-04-15
49568,1,1199,2026-04-13,1,2026-04-14,2026-04-14T14:40:00Z,2026-04-14T15:35:00Z,2026-04-14T15:25:00Z,2026-04-14T15:27:00Z,2026-04-14T17:10:00Z,2026-04-14T17:12:00Z,2026-04-14T17:10:00Z,-8,0,95,103,-8,8,0,HYD,ISK,7136,0,ATR,VTIYO,0,0,,DOM,0,0,0,5,1,4,4,1,0,0,,0,0,3,7,0,0,112,112,,15,15,1,2026-04-15T21:31:28Z,2026-04-15
78812,2,1199,2026-04-04,1,2026-04-05,2026-04-05T14:40:00Z,2026-04-05T15:35:00Z,2026-04-05T15:25:00Z,2026-04-05T15:35:00Z,2026-04-05T17:10:00Z,2026-04-05T17:43:00Z,2026-04-05T17:44:00Z,0,34,95,129,0,34,0,HYD,ISK,7136,0,ATR,VTIYJ,0,0,,DOM,0,0,0,2,1,4,4,1,0,0,,0,0,3,7,0,0,112,112,,15,15,,2026-04-15T21:31:28Z,2026-04-15
80859,1,1199,2026-04-03,1,2026-04-04,2026-04-04T14:40:00Z,2026-04-04T15:35:00Z,2026-04-04T15:25:00Z,2026-04-04T15:34:00Z,2026-04-04T17:10:00Z,2026-04-04T17:31:00Z,2026-04-04T17:29:00Z,-1,19,95,115,-1,20,0,HYD,ISK,7136,0,ATR,VTIYG,0,0,,DOM,0,0,0,2,1,4,4,1,0,0,,0,0,3,7,0,0,112,112,,15,15,,2026-04-15T21:31:28Z,2026-04-15
76960,2,1199,2026-04-05,1,2026-04-06,2026-04-06T14:45:00Z,2026-04-06T15:35:00Z,2026-04-06T15:30:00Z,2026-04-06T15:28:00Z,2026-04-06T17:10:00Z,2026-04-06T17:13:00Z,2026-04-06T17:10:00Z,-7,0,95,102,-7,7,0,HYD,ISK,7136,0,ATR,VTIYJ,0,0,,DOM,0,0,0,2,1,4,4,1,0,0,,0,0,3,7,0,0,112,112,,15,15,,2026-04-15T21:31:28Z,2026-04-15
30009,1,1199,2026-04-05,1,2026-04-06,2026-04-06T14:45:00Z,2026-04-06T15:35:00Z,2026-04-06T15:30:00Z,2026-04-06T15:28:00Z,2026-04-06T17:10:00Z,2026-04-06T17:13:00Z,2026-04-06T17:10:00Z,-7,0,95,102,-7,7,0,HYD,ISK,7136,0,ATR,VTIYJ,0,0,,DOM,0,0,0,2,1,4,4,1,0,0,,0,0,3,7,0,0,112,112,,15,15,,2026-04-15T21:31:28Z,2026-04-15
67038,2,1199,2026-04-13,1,2026-04-14,2026-04-14T14:40:00Z,2026-04-14T15:35:00Z,2026-04-14T15:25:00Z,2026-04-14T15:27:00Z,2026-04-14T17:10:00Z,2026-04-14T17:12:00Z,2026-04-14T17:10:00Z,-8,0,95,103,-8,8,0,HYD,ISK,7136,0,ATR,VTIYO,0,0,,DOM,0,0,0,6,1,4,4,1,0,0,,0,0,3,7,0,0,112,112,,15,15,,2026-04-15T21:31:28Z,2026-04-15
38323,1,F9271,2026-04-03,1,2026-04-03,2026-04-03T20:50:00Z,2026-04-03T21:50:00Z,2026-04-03T22:00:00Z,2026-04-03T22:06:00Z,2026-04-04T00:05:00Z,2026-04-04T00:07:00Z,2026-04-04T00:11:00Z,16,6,135,125,16,-10,0,DEL,CCU,389,0,321,VTNCZ,0,1,,DOM,0,0,0,1,1,2,,1,1,0,,0,0,0,4,0,0,,,,21,22,,2026-04-15T21:31:28Z,2026-04-15
15088,1,3909,2026-04-03,1,2026-04-03,2026-04-03T10:45:00Z,2026-04-03T11:45:00Z,2026-04-03T11:55:00Z,2026-04-03T11:58:00Z,2026-04-03T14:00:00Z,2026-04-03T14:21:00Z,2026-04-03T14:19:00Z,13,19,135,141,13,6,0,DEL,HYD,884,0,321,VTNCW,0,0,,DOM,0,0,0,1,1,2,2,1,0,0,,0,0,0,3,0,0,150,159,,11,11,,2026-04-15T21:31:28Z,2026-04-15
18481,1,3909,2026-04-15,1,2026-04-15,2026-04-15T10:45:00Z,2026-04-15T11:45:00Z,,2026-04-15T11:43:00Z,2026-04-15T14:00:00Z,2026-04-15T14:13:00Z,2026-04-15T14:14:00Z,-2,14,135,151,-2,16,0,DEL,HYD,884,0,321,VTIWS,0,0,,DOM,0,0,0,9,1,2,2,1,0,0,,0,0,0,3,0,0,150,159,,11,11,1,2026-04-15T21:31:28Z,2026-04-15
18381,1,3909,2026-04-10,1,2026-04-10,2026-04-10T10:45:00Z,2026-04-10T11:45:00Z,,2026-04-10T11:37:00Z,2026-04-10T14:00:00Z,2026-04-10T14:25:00Z,2026-04-10T14:28:00Z,-8,28,135,171,-8,36,0,DEL,HYD,884,0,321,VTNHC,0,0,,DOM,0,0,0,5,1,2,2,1,0,0,,0,0,0,3,0,0,150,159,,11,11,1,2026-04-15T21:31:28Z,2026-04-15
21516,1,3909,2026-04-05,1,2026-04-05,2026-04-05T10:45:00Z,2026-04-05T11:45:00Z,,2026-04-05T11:52:00Z,2026-04-05T14:00:00Z,2026-04-05T14:06:00Z,2026-04-05T14:08:00Z,7,8,135,136,7,1,0,DEL,HYD,884,0,321,VTNCZ,0,0,,DOM,0,0,0,3,1,2,2,1,0,0,,0,0,0,3,0,0,150,159,,11,11,,2026-04-15T21:31:28Z,2026-04-15
43904,2,3909,2026-04-15,1,2026-04-15,2026-04-15T10:45:00Z,2026-04-15T11:45:00Z,,2026-04-15T11:43:00Z,2026-04-15T14:00:00Z,2026-04-15T14:13:00Z,2026-04-15T14:14:00Z,-2,14,135,151,-2,16,0,DEL,HYD,884,0,321,VTIWS,0,0,,DOM,0,0,0,7,1,2,2,1,0,0,,0,0,0,3,0,0,150,159,,11,11,,2026-04-15T21:31:28Z,2026-04-15
13462,1,3909,2026-04-14,1,2026-04-14,2026-04-14T10:45:00Z,2026-04-14T11:45:00Z,,2026-04-14T11:33:00Z,2026-04-14T14:00:00Z,2026-04-14T13:53:00Z,2026-04-14T13:51:00Z,-12,-9,135,138,-12,3,0,DEL,HYD,884,0,321,VTNCP,0,0,,DOM,0,0,0,5,1,2,2,1,0,0,,0,0,0,3,0,0,150,159,,11,11,1,2026-04-15T21:31:28Z,2026-04-15
14318,1,F9271,2026-04-05,1,2026-04-05,2026-04-05T20:50:00Z,2026-04-05T21:50:00Z,,2026-04-05T21:45:00Z,2026-04-06T00:05:00Z,2026-04-05T23:46:00Z,2026-04-05T23:46:00Z,-5,-19,135,121,-5,-14,0,DEL,CCU,389,0,321,VTNHC,0,1,,DOM,0,0,0,1,1,2,,1,1,0,,0,0,0,4,0,0,113,116,,21,21,,2026-04-15T21:31:28Z,2026-04-15
37552,1,F9271,2026-04-08,1,2026-04-08,2026-04-08T20:50:00Z,2026-04-08T21:50:00Z,,2026-04-08T21:49:00Z,2026-04-09T00:05:00Z,2026-04-08T23:39:00Z,2026-04-08T23:42:00Z,-1,-23,135,113,-1,-22,0,DEL,CCU,389,0,321,VTNCE,0,1,,DOM,0,0,0,5,1,2,,1,1,0,,0,0,0,4,0,0,113,116,,21,21,1,2026-04-15T21:31:28Z,2026-04-15
89774,2,F9271,2026-04-08,1,2026-04-08,2026-04-08T20:50:00Z,2026-04-08T21:50:00Z,,2026-04-08T21:49:00Z,2026-04-09T00:05:00Z,2026-04-08T23:39:00Z,2026-04-08T23:42:00Z,-1,-23,135,113,-1,-22,0,DEL,CCU,389,0,321,VTNCE,0,1,,DOM,0,0,0,1,1,2,,1,1,0,,0,0,0,4,0,0,113,116,,21,21,,2026-04-15T21:31:28Z,2026-04-15
69116,2,3909,2026-04-12,1,2026-04-12,2026-04-12T10:45:00Z,2026-04-12T11:45:00Z,,2026-04-12T11:42:00Z,2026-04-12T14:00:00Z,2026-04-12T14:01:00Z,2026-04-12T14:01:00Z,-3,1,135,139,-3,4,0,DEL,HYD,884,0,321,VTNHE,0,0,,DOM,0,0,0,5,1,4,4,1,0,0,,0,0,0,3,0,0,150,159,,11,11,,2026-04-15T21:31:28Z,2026-04-15
22452,1,3909,2026-04-11,1,2026-04-11,2026-04-11T10:45:00Z,2026-04-11T11:45:00Z,,2026-04-11T11:49:00Z,2026-04-11T14:00:00Z,2026-04-11T14:00:00Z,2026-04-11T13:57:00Z,4,-3,135,128,4,-7,0,DEL,HYD,884,0,321,VTICH,0,0,,DOM,0,0,0,4,1,4,4,1,0,0,,0,0,0,3,0,0,150,159,,11,11,1,2026-04-15T21:31:28Z,2026-04-15
39854,1,3909,2026-04-09,1,2026-04-09,2026-04-09T10:45:00Z,2026-04-09T11:45:00Z,,2026-04-09T11:51:00Z,2026-04-09T14:00:00Z,2026-04-09T14:09:00Z,2026-04-09T14:13:00Z,6,13,135,142,6,7,0,DEL,HYD,884,0,321,VTNCD,0,0,,DOM,0,0,0,4,1,4,4,1,0,0,,0,0,0,3,0,0,150,159,,11,11,1,2026-04-15T21:31:28Z,2026-04-15
62973,2,3909,2026-04-07,1,2026-04-07,2026-04-07T10:45:00Z,2026-04-07T11:45:00Z,,2026-04-07T11:36:00Z,2026-04-07T14:00:00Z,2026-04-07T14:24:00Z,2026-04-07T14:25:00Z,-9,25,135,169,-9,34,0,DEL,HYD,884,0,321,VTNCW,0,0,,DOM,0,0,0,3,1,4,4,1,0,0,,0,0,0,3,0,0,150,159,,11,11,,2026-04-15T21:31:28Z,2026-04-15
64998,2,3909,2026-04-04,1,2026-04-04,2026-04-04T10:45:00Z,2026-04-04T11:45:00Z,,2026-04-04T11:46:00Z,2026-04-04T14:00:00Z,2026-04-04T14:23:00Z,2026-04-04T14:23:00Z,1,23,135,157,1,22,0,DEL,HYD,884,0,321,VTICM,0,0,,DOM,0,0,0,1,1,4,4,1,0,0,,0,0,0,3,0,0,150,159,,11,11,,2026-04-15T21:31:28Z,2026-04-15
38327,1,4681,2026-04-16,1,2026-04-16,2026-04-16T07:30:00Z,2026-04-16T08:30:00Z,,,2026-04-16T10:15:00Z,2026-04-16T10:15:00Z,,0,0,105,,-6,3,0,BLR,BOM,5051,0,321,VTNHO,0,1,,DOM,0,0,0,7,1,4,,1,1,0,,0,0,-6,-5,0,0,108,110,,8,8,,2026-04-15T21:31:28Z,2026-04-15
80210,2,1199,2026-04-16,1,2026-04-16,2026-04-16T06:10:00Z,2026-04-16T06:55:00Z,,,2026-04-16T08:10:00Z,2026-04-16T08:05:00Z,,0,-5,75,,-15,-3,0,AMD,IDR,7173,0,ATR,VTIYY,0,0,,DOM,0,0,0,6,1,4,4,1,0,0,,0,0,-15,-13,0,0,72,72,,6,6,,2026-04-15T21:31:28Z,2026-04-15
65977,1,1199,2026-04-16,1,2026-04-16,2026-04-16T06:10:00Z,2026-04-16T06:55:00Z,,,2026-04-16T08:10:00Z,2026-04-16T08:05:00Z,,0,-5,75,,-15,-3,0,AMD,IDR,7173,0,ATR,VTIYY,0,0,,DOM,0,0,0,4,1,4,4,1,0,0,,0,0,-15,-13,0,0,72,72,,6,6,,2026-04-15T21:31:28Z,2026-04-15
71977,2,1199,2026-04-09,1,2026-04-09,2026-04-09T09:40:00Z,2026-04-09T10:25:00Z,,2026-04-09T10:17:00Z,2026-04-09T11:45:00Z,2026-04-09T11:31:00Z,2026-04-09T11:29:00Z,-8,-16,80,72,-8,-8,0,AMD,ISK,7115,0,ATR,VTIRK,0,0,,DOM,0,0,0,4,1,2,2,1,0,0,,0,0,-8,-8,0,0,72,74,,10,10,,2026-04-15T21:31:28Z,2026-04-15
56827,1,1199,2026-04-09,1,2026-04-09,2026-04-09T09:40:00Z,2026-04-09T10:25:00Z,,2026-04-09T10:17:00Z,2026-04-09T11:45:00Z,2026-04-09T11:31:00Z,2026-04-09T11:29:00Z,-8,-16,80,72,-8,-8,0,AMD,ISK,7115,0,ATR,VTIRK,0,0,,DOM,0,0,0,4,1,2,2,1,0,0,,0,0,-8,-8,0,0,72,74,,10,10,1,2026-04-15T21:31:28Z,2026-04-15
35925,1,4681,2026-04-06,1,2026-04-06,2026-04-06T07:30:00Z,2026-04-06T08:30:00Z,,2026-04-06T08:29:00Z,2026-04-06T10:15:00Z,2026-04-06T10:21:00Z,2026-04-06T10:19:00Z,-1,4,105,110,-1,5,0,BLR,BOM,5051,0,321,VTIWT,0,1,,DOM,0,0,0,3,1,4,,1,1,0,,0,0,-6,-5,0,0,108,110,,8,8,,2026-04-15T21:31:28Z,2026-04-15
64269,2,4681,2026-04-11,1,2026-04-11,2026-04-11T07:30:00Z,2026-04-11T08:30:00Z,,2026-04-11T08:24:00Z,2026-04-11T10:15:00Z,2026-04-11T10:15:00Z,2026-04-11T10:14:00Z,-6,-1,105,110,-6,5,0,BLR,BOM,5051,0,321,VTNCX,0,1,,DOM,0,0,0,2,1,4,,1,1,0,,0,0,-6,-5,0,0,108,110,,8,8,,2026-04-15T21:31:28Z,2026-04-15
78919,2,4681,2026-04-06,1,2026-04-06,2026-04-06T07:30:00Z,2026-04-06T08:30:00Z,,2026-04-06T08:29:00Z,2026-04-06T10:15:00Z,2026-04-06T10:21:00Z,2026-04-06T10:19:00Z,-1,4,105,110,-1,5,0,BLR,BOM,5051,0,321,VTIWT,0,1,,DOM,0,0,0,3,1,4,,1,1,0,,0,0,-6,-5,0,0,108,110,,8,8,,2026-04-15T21:31:28Z,2026-04-15
23744,1,4681,2026-04-14,1,2026-04-14,2026-04-14T07:30:00Z,2026-04-14T08:30:00Z,,2026-04-14T08:17:00Z,2026-04-14T10:15:00Z,2026-04-14T10:05:00Z,2026-04-14T10:03:00Z,-13,-12,105,106,-13,1,0,BLR,BOM,5051,0,321,VTNOA,0,1,,DOM,0,0,0,4,1,4,,1,1,0,,0,0,-6,-5,0,0,108,110,,8,8,1,2026-04-15T21:31:28Z,2026-04-15
45594,1,4681,2026-04-11,1,2026-04-11,2026-04-11T07:30:00Z,2026-04-11T08:30:00Z,,2026-04-11T08:24:00Z,2026-04-11T10:15:00Z,2026-04-11T10:15:00Z,2026-04-11T10:14:00Z,-6,-1,105,110,-6,5,0,BLR,BOM,5051,0,321,VTNCX,0,1,,DOM,0,0,0,6,1,4,,1,1,0,,0,0,-6,-5,0,0,108,110,,8,8,1,2026-04-15T21:31:28Z,2026-04-15
90906,2,4681,2026-04-13,1,2026-04-13,2026-04-13T07:30:00Z,2026-04-13T08:30:00Z,,2026-04-13T08:20:00Z,2026-04-13T10:15:00Z,2026-04-13T10:10:00Z,2026-04-13T10:08:00Z,-10,-7,105,108,-10,3,0,BLR,BOM,5051,0,321,VTNCF,0,1,,DOM,0,0,0,7,1,4,,1,1,0,,0,0,-6,-5,0,0,108,110,,8,8,,2026-04-15T21:31:28Z,2026-04-15
80859,1,1199,2026-04-03,1,2026-04-03,2026-04-03T06:10:00Z,2026-04-03T06:55:00Z,,2026-04-03T06:47:00Z,2026-04-03T08:10:00Z,2026-04-03T08:00:00Z,2026-04-03T08:00:00Z,-8,-10,75,73,-8,-2,0,AMD,IDR,7173,0,ATR,VTIRS,0,0,,DOM,0,0,0,1,1,4,4,1,0,0,,0,0,-15,-13,0,0,72,72,,6,6,,2026-04-15T21:31:28Z,2026-04-15
78812,2,1199,2026-04-04,1,2026-04-04,2026-04-04T06:10:00Z,2026-04-04T06:55:00Z,,2026-04-04T06:55:00Z,2026-04-04T08:10:00Z,2026-04-04T08:04:00Z,2026-04-04T08:03:00Z,0,-7,75,68,0,-7,0,AMD,IDR,7173,0,ATR,VTIYX,0,0,,DOM,0,0,0,1,1,4,4,1,0,0,,0,0,-15,-13,0,0,72,72,,6,6,,2026-04-15T21:31:28Z,2026-04-15
30009,1,1199,2026-04-05,1,2026-04-05,2026-04-05T06:10:00Z,2026-04-05T06:55:00Z,,2026-04-05T06:35:00Z,2026-04-05T08:10:00Z,2026-04-05T07:48:00Z,2026-04-05T07:50:00Z,-20,-20,75,75,-20,0,0,AMD,IDR,7173,0,ATR,VTIYG,0,0,,DOM,0,0,0,1,1,4,4,1,0,0,,0,0,-15,-13,0,0,72,72,,6,6,,2026-04-15T21:31:28Z,2026-04-15
76960,2,1199,2026-04-05,1,2026-04-05,2026-04-05T06:10:00Z,2026-04-05T06:55:00Z,,2026-04-05T06:35:00Z,2026-04-05T08:10:00Z,2026-04-05T07:48:00Z,2026-04-05T07:50:00Z,-20,-20,75,75,-20,0,0,AMD,IDR,7173,0,ATR,VTIYG,0,0,,DOM,0,0,0,1,1,4,4,1,0,0,,0,0,-15,-13,0,0,72,72,,6,6,,2026-04-15T21:31:28Z,2026-04-15
88517,2,1199,2026-04-10,1,2026-04-10,2026-04-10T06:10:00Z,2026-04-10T06:55:00Z,,2026-04-10T06:44:00Z,2026-04-10T08:10:00Z,2026-04-10T08:03:00Z,2026-04-10T08:00:00Z,-11,-10,75,76,-11,1,0,AMD,IDR,7173,0,ATR,VTIYF,0,0,,DOM,0,0,0,2,1,4,4,1,0,0,,0,0,-15,-13,0,0,72,72,,6,6,,2026-04-15T21:31:28Z,2026-04-15
89626,2,1199,2026-04-07,1,2026-04-07,2026-04-07T06:10:00Z,2026-04-07T06:55:00Z,,2026-04-07T06:53:00Z,2026-04-07T08:10:00Z,2026-04-07T08:10:00Z,2026-04-07T08:10:00Z,-2,0,75,77,-2,2,0,AMD,IDR,7173,0,ATR,VTIYD,0,0,,DOM,0,0,0,3,1,4,4,1,0,0,,0,0,-15,-13,0,0,72,72,,6,6,,2026-04-15T21:31:28Z,2026-04-15
37566,1,1199,2026-04-07,1,2026-04-07,2026-04-07T06:10:00Z,2026-04-07T06:55:00Z,,2026-04-07T06:53:00Z,2026-04-07T08:10:00Z,2026-04-07T08:10:00Z,2026-04-07T08:10:00Z,-2,0,75,77,-2,2,0,AMD,IDR,7173,0,ATR,VTIYD,0,0,,DOM,0,0,0,3,1,4,4,1,0,0,,0,0,-15,-13,0,0,72,72,,6,6,,2026-04-15T21:31:28Z,2026-04-15
85872,2,1199,2026-04-12,1,2026-04-12,2026-04-12T06:10:00Z,2026-04-12T06:55:00Z,,2026-04-12T06:35:00Z,2026-04-12T08:10:00Z,2026-04-12T07:40:00Z,2026-04-12T07:39:00Z,-20,-31,75,64,-20,-11,0,AMD,IDR,7173,0,ATR,VTIYX,0,0,,DOM,0,0,0,3,1,4,4,1,0,0,,0,0,-15,-13,0,0,72,72,,6,6,,2026-04-15T21:31:28Z,2026-04-15
82998,2,1199,2026-04-11,1,2026-04-11,2026-04-11T06:10:00Z,2026-04-11T06:55:00Z,,2026-04-11T06:43:00Z,2026-04-11T08:10:00Z,2026-04-11T07:49:00Z,2026-04-11T07:47:00Z,-12,-23,75,64,-12,-11,0,AMD,IDR,7173,0,ATR,VTIYE,0,0,,DOM,0,0,0,3,1,4,4,1,0,0,,0,0,-15,-13,0,0,72,72,,6,6,,2026-04-15T21:31:28Z,2026-04-15
88517,2,1199,2026-04-10,1,2026-04-11,2026-04-11T14:50:00Z,2026-04-11T15:35:00Z,,2026-04-11T15:39:00Z,2026-04-11T17:10:00Z,2026-04-11T17:40:00Z,2026-04-11T17:38:00Z,4,28,95,119,4,24,0,HYD,ISK,7136,0,ATR,VTIYO,0,0,,DOM,0,0,0,3,1,4,4,1,0,0,,0,0,3,7,0,0,112,112,,15,15,,2026-04-15T21:31:28Z,2026-04-15
30009,1,1199,2026-04-12,1,2026-04-12,2026-04-12T06:10:00Z,2026-04-12T06:55:00Z,,2026-04-12T06:35:00Z,2026-04-12T08:10:00Z,2026-04-12T07:40:00Z,2026-04-12T07:39:00Z,-20,-31,75,64,-20,-11,0,AMD,IDR,7173,0,ATR,VTIYX,0,0,,DOM,0,0,0,4,1,4,4,1,0,0,,0,0,-15,-13,0,0,72,72,,6,6,1,2026-04-15T21:31:28Z,2026-04-15
49568,1,1199,2026-04-13,1,2026-04-13,2026-04-13T06:10:00Z,2026-04-13T06:55:00Z,,2026-04-13T06:38:00Z,2026-04-13T08:10:00Z,2026-04-13T07:54:00Z,2026-04-13T07:53:00Z,-17,-17,75,75,-17,0,0,AMD,IDR,7173,0,ATR,VTIYO,0,0,,DOM,0,0,0,4,1,4,4,1,0,0,,0,0,-15,-13,0,0,72,72,,6,6,1,2026-04-15T21:31:28Z,2026-04-15
37566,1,1199,2026-04-07,1,2026-04-08,2026-04-08T14:50:00Z,2026-04-08T15:35:00Z,,2026-04-08T15:37:00Z,2026-04-08T17:10:00Z,2026-04-08T17:35:00Z,2026-04-08T17:34:00Z,2,24,95,117,2,22,0,HYD,ISK,7136,0,ATR,VTIYE,0,0,,DOM,0,0,0,4,1,4,4,1,0,0,,0,0,3,7,0,0,112,112,,15,15,1,2026-04-15T21:31:28Z,2026-04-15
82998,2,1199,2026-04-11,1,2026-04-12,2026-04-12T14:50:00Z,2026-04-12T15:35:00Z,,2026-04-12T15:29:00Z,2026-04-12T17:10:00Z,2026-04-12T17:23:00Z,2026-04-12T17:21:00Z,-6,11,95,112,-6,17,0,HYD,ISK,7136,0,ATR,VTIRQ,0,0,,DOM,0,0,0,4,1,4,4,1,0,0,,0,0,3,7,0,0,112,112,,15,15,,2026-04-15T21:31:28Z,2026-04-15
89626,2,1199,2026-04-07,1,2026-04-08,2026-04-08T14:50:00Z,2026-04-08T15:35:00Z,,2026-04-08T15:37:00Z,2026-04-08T17:10:00Z,2026-04-08T17:35:00Z,2026-04-08T17:34:00Z,2,24,95,117,2,22,0,HYD,ISK,7136,0,ATR,VTIYE,0,0,,DOM,0,0,0,4,1,4,4,1,0,0,,0,0,3,7,0,0,112,112,,15,15,,2026-04-15T21:31:28Z,2026-04-15
78812,2,1199,2026-04-14,1,2026-04-14,2026-04-14T06:10:00Z,2026-04-14T06:55:00Z,,2026-04-14T06:35:00Z,2026-04-14T08:10:00Z,2026-04-14T07:39:00Z,2026-04-14T07:36:00Z,-20,-34,75,61,-20,-14,0,AMD,IDR,7173,0,ATR,VTIRO,0,0,,DOM,0,0,0,5,1,4,4,1,0,0,,0,0,-15,-13,0,0,72,72,,6,6,,2026-04-15T21:31:28Z,2026-04-15
67038,2,1199,2026-04-13,1,2026-04-13,2026-04-13T06:10:00Z,2026-04-13T06:55:00Z,,2026-04-13T06:38:00Z,2026-04-13T08:10:00Z,2026-04-13T07:54:00Z,2026-04-13T07:53:00Z,-17,-17,75,75,-17,0,0,AMD,IDR,7173,0,ATR,VTIYO,0,0,,DOM,0,0,0,5,1,4,4,1,0,0,,0,0,-15,-13,0,0,72,72,,6,6,,2026-04-15T21:31:28Z,2026-04-15
71977,2,1199,2026-04-09,1,2026-04-10,2026-04-10T14:50:00Z,2026-04-10T15:35:00Z,,2026-04-10T15:31:00Z,2026-04-10T17:10:00Z,2026-04-10T17:26:00Z,2026-04-10T17:23:00Z,-4,13,95,112,-4,17,0,HYD,ISK,7136,0,ATR,VTIRE,0,0,,DOM,0,0,0,5,1,4,4,1,0,0,,0,0,3,7,0,0,112,112,,15,15,,2026-04-15T21:31:28Z,2026-04-15
56827,1,1199,2026-04-09,1,2026-04-10,2026-04-10T14:50:00Z,2026-04-10T15:35:00Z,,2026-04-10T15:31:00Z,2026-04-10T17:10:00Z,2026-04-10T17:26:00Z,2026-04-10T17:23:00Z,-4,13,95,112,-4,17,0,HYD,ISK,7136,0,ATR,VTIRE,0,0,,DOM,0,0,0,5,1,4,4,1,0,0,,0,0,3,7,0,0,112,112,,15,15,1,2026-04-15T21:31:28Z,2026-04-15
38327,1,4681,2026-04-16,0,2026-04-16,,2026-04-16T16:55:00Z,,,2026-04-16T19:15:00Z,2026-04-16T19:00:00Z,,0,-15,140,,0,-14,-10,AMD,BLR,863,0,320,VTIOH,0,0,0,DOM,0,0,0,7,4,1,1,1,0,0,AMD,0,55,0,0,45,51,126,126,16,16,16,,2026-04-15T21:31:28Z,2026-04-15
64269,2,4681,2026-04-11,0,2026-04-11,,2026-04-11T16:55:00Z,,2026-04-11T16:43:00Z,2026-04-11T19:15:00Z,2026-04-11T18:48:00Z,2026-04-11T18:49:00Z,-12,-26,140,126,0,-14,-2,AMD,BLR,863,0,320,VTIAX,0,0,0,DOM,0,0,0,2,4,1,1,1,0,0,AMD,53,55,0,0,39,41,126,126,15,16,16,,2026-04-15T21:31:28Z,2026-04-15
23744,1,4681,2026-04-14,0,2026-04-14,,2026-04-14T16:55:00Z,,2026-04-14T16:49:00Z,2026-04-14T19:15:00Z,2026-04-14T18:54:00Z,2026-04-14T18:54:00Z,-6,-21,140,125,0,-15,-18,AMD,BLR,863,0,320,VTIWZ,0,0,0,DOM,0,0,0,4,4,1,1,1,0,0,AMD,37,55,0,0,45,51,126,126,16,16,16,1,2026-04-15T21:31:28Z,2026-04-15
45594,1,4681,2026-04-11,0,2026-04-11,,2026-04-11T16:55:00Z,,2026-04-11T16:43:00Z,2026-04-11T19:15:00Z,2026-04-11T18:48:00Z,2026-04-11T18:49:00Z,-12,-26,140,126,0,-14,-2,AMD,BLR,863,0,320,VTIAX,0,0,0,DOM,0,0,0,6,4,1,1,1,0,0,AMD,53,55,0,0,39,41,126,126,15,16,16,1,2026-04-15T21:31:28Z,2026-04-15
90906,2,4681,2026-04-13,0,2026-04-13,,2026-04-13T16:55:00Z,,2026-04-13T16:40:00Z,2026-04-13T19:15:00Z,2026-04-13T18:42:00Z,2026-04-13T18:42:00Z,-15,-33,140,122,0,-18,-18,AMD,BLR,863,0,320,VTIIP,0,0,0,DOM,0,0,0,7,4,1,1,1,0,0,AMD,37,55,0,0,45,51,126,126,16,16,16,,2026-04-15T21:31:28Z,2026-04-15
39854,1,3909,2026-04-09,0,2026-04-09,,2026-04-09T20:00:00Z,,2026-04-09T20:06:00Z,2026-04-09T21:20:00Z,2026-04-09T21:20:00Z,2026-04-09T21:23:00Z,6,3,80,77,0,-3,6,UDR,DEL,6229,0,320,VTIAR,0,0,0,DOM,0,0,0,4,4,1,1,1,0,0,UDR,41,35,0,0,33,33,81,81,19,20,20,1,2026-04-15T21:31:28Z,2026-04-15
30009,1,1199,2026-04-05,0,2026-04-05,,2026-04-05T12:05:00Z,,2026-04-05T11:46:00Z,2026-04-05T13:55:00Z,2026-04-05T13:28:00Z,2026-04-05T13:30:00Z,-19,-25,110,104,0,-6,11,ISK,HYD,7137,0,ATR,VTIYG,0,0,0,DOM,0,0,0,1,4,1,1,1,0,0,ISK,31,20,0,0,26,29,114,115,11,12,11,,2026-04-15T21:31:28Z,2026-04-15
30009,1,1199,2026-04-12,0,2026-04-12,,2026-04-12T12:05:00Z,,2026-04-12T11:56:00Z,2026-04-12T13:55:00Z,2026-04-12T13:42:00Z,2026-04-12T13:42:00Z,-9,-13,110,106,0,-4,3,ISK,HYD,7137,0,ATR,VTIYX,0,0,0,DOM,0,0,0,4,4,1,1,1,0,0,ISK,23,20,0,0,26,29,114,115,11,12,11,1,2026-04-15T21:31:28Z,2026-04-15
78812,2,1199,2026-04-14,0,2026-04-14,,2026-04-14T12:05:00Z,,2026-04-14T11:48:00Z,2026-04-14T13:55:00Z,2026-04-14T13:29:00Z,2026-04-14T13:30:00Z,-17,-25,110,102,0,-8,6,ISK,HYD,7137,0,ATR,VTIRO,0,0,0,DOM,0,0,0,5,4,1,1,1,0,0,ISK,26,20,0,0,26,29,114,115,11,12,11,,2026-04-15T21:31:28Z,2026-04-15
89626,2,1199,2026-04-07,0,2026-04-07,,2026-04-07T12:05:00Z,,2026-04-07T11:54:00Z,2026-04-07T13:55:00Z,2026-04-07T13:49:00Z,2026-04-07T13:48:00Z,-11,-7,110,114,0,4,7,ISK,HYD,7137,0,ATR,VTIYD,0,0,0,DOM,0,0,0,3,4,1,1,1,0,0,ISK,27,20,0,0,26,29,114,115,11,12,11,,2026-04-15T21:31:28Z,2026-04-15
85872,2,1199,2026-04-12,0,2026-04-12,,2026-04-12T12:05:00Z,,2026-04-12T11:56:00Z,2026-04-12T13:55:00Z,2026-04-12T13:42:00Z,2026-04-12T13:42:00Z,-9,-13,110,106,0,-4,3,ISK,HYD,7137,0,ATR,VTIYX,0,0,0,DOM,0,0,0,3,4,1,1,1,0,0,ISK,23,20,0,0,26,29,114,115,11,12,11,,2026-04-15T21:31:28Z,2026-04-15
78812,2,1199,2026-04-04,0,2026-04-04,,2026-04-04T12:05:00Z,,2026-04-04T12:02:00Z,2026-04-04T13:55:00Z,2026-04-04T13:50:00Z,2026-04-04T13:50:00Z,-3,-5,110,108,0,-2,3,ISK,HYD,7137,0,ATR,VTIYX,0,0,0,DOM,0,0,0,1,4,1,1,1,0,0,ISK,23,20,0,0,26,29,,,11,12,12,,2026-04-15T21:31:28Z,2026-04-15
80210,2,1199,2026-04-16,0,2026-04-16,,2026-04-16T12:05:00Z,,,2026-04-16T13:55:00Z,2026-04-16T13:55:00Z,,0,0,110,,0,0,6,ISK,HYD,7137,0,ATR,VTIRS,0,0,0,DOM,0,0,0,6,4,1,1,1,0,0,ISK,0,20,0,0,26,29,,,11,12,12,,2026-04-15T21:31:28Z,2026-04-15
82998,2,1199,2026-04-11,0,2026-04-11,,2026-04-11T12:05:00Z,,2026-04-11T11:57:00Z,2026-04-11T13:55:00Z,2026-04-11T13:39:00Z,2026-04-11T13:38:00Z,-8,-17,110,101,0,-9,3,ISK,HYD,7137,0,ATR,VTIYE,0,0,0,DOM,0,0,0,3,4,1,1,1,0,0,ISK,23,20,0,0,26,29,114,115,11,12,11,,2026-04-15T21:31:28Z,2026-04-15
76960,2,1199,2026-04-05,0,2026-04-05,,2026-04-05T12:05:00Z,,2026-04-05T11:46:00Z,2026-04-05T13:55:00Z,2026-04-05T13:28:00Z,2026-04-05T13:30:00Z,-19,-25,110,104,0,-6,11,ISK,HYD,7137,0,ATR,VTIYG,0,0,0,DOM,0,0,0,1,4,1,1,1,0,0,ISK,31,20,0,0,26,29,114,115,11,12,11,,2026-04-15T21:31:28Z,2026-04-15
67038,2,1199,2026-04-13,0,2026-04-13,,2026-04-13T12:05:00Z,,2026-04-13T11:56:00Z,2026-04-13T13:55:00Z,2026-04-13T13:50:00Z,2026-04-13T13:50:00Z,-9,-5,110,114,0,4,15,ISK,HYD,7137,0,ATR,VTIYO,0,0,0,DOM,0,0,0,5,4,1,1,1,0,0,ISK,35,20,0,0,26,29,114,115,11,12,11,,2026-04-15T21:31:28Z,2026-04-15
37566,1,1199,2026-04-07,0,2026-04-07,,2026-04-07T12:05:00Z,,2026-04-07T11:54:00Z,2026-04-07T13:55:00Z,2026-04-07T13:49:00Z,2026-04-07T13:48:00Z,-11,-7,110,114,0,4,7,ISK,HYD,7137,0,ATR,VTIYD,0,0,0,DOM,0,0,0,3,4,1,1,1,0,0,ISK,27,20,0,0,26,29,114,115,11,12,11,,2026-04-15T21:31:28Z,2026-04-15
49568,1,1199,2026-04-13,0,2026-04-13,,2026-04-13T12:05:00Z,,2026-04-13T11:56:00Z,2026-04-13T13:55:00Z,2026-04-13T13:50:00Z,2026-04-13T13:50:00Z,-9,-5,110,114,0,4,15,ISK,HYD,7137,0,ATR,VTIYO,0,0,0,DOM,0,0,0,4,4,1,1,1,0,0,ISK,35,20,0,0,26,29,114,115,11,12,11,1,2026-04-15T21:31:28Z,2026-04-15
88517,2,1199,2026-04-10,0,2026-04-10,,2026-04-10T12:05:00Z,,2026-04-10T11:59:00Z,2026-04-10T13:55:00Z,2026-04-10T14:04:00Z,2026-04-10T14:03:00Z,-6,8,110,124,0,14,11,ISK,HYD,7137,0,ATR,VTIYF,0,0,0,DOM,0,0,0,2,4,1,1,1,0,0,ISK,31,20,0,0,26,29,114,115,11,12,11,,2026-04-15T21:31:28Z,2026-04-15
80859,1,1199,2026-04-03,0,2026-04-03,,2026-04-03T12:05:00Z,,2026-04-03T11:53:00Z,2026-04-03T13:55:00Z,2026-04-03T13:30:00Z,2026-04-03T13:29:00Z,-12,-26,110,96,0,-14,3,ISK,HYD,7137,0,ATR,VTIRS,0,0,0,DOM,0,0,0,1,4,1,1,1,0,0,ISK,23,20,0,0,26,29,114,115,11,12,11,,2026-04-15T21:31:28Z,2026-04-15
65977,1,1199,2026-04-16,0,2026-04-16,,2026-04-16T12:05:00Z,,,2026-04-16T13:55:00Z,2026-04-16T13:55:00Z,,0,0,110,,0,0,6,ISK,HYD,7137,0,ATR,VTIRS,0,0,0,DOM,0,0,0,4,4,1,1,1,0,0,ISK,0,20,0,0,26,29,,,11,12,12,,2026-04-15T21:31:28Z,2026-04-15
30009,1,1199,2026-04-05,0,2026-04-05,,2026-04-05T10:25:00Z,,2026-04-05T10:07:00Z,2026-04-05T11:45:00Z,2026-04-05T11:16:00Z,2026-04-05T11:15:00Z,-18,-30,80,68,0,-12,3,AMD,ISK,7115,0,ATR,VTIYG,0,0,0,DOM,0,0,0,1,3,2,2,1,0,0,AMD,33,30,0,0,37,37,72,74,9,10,10,,2026-04-15T21:31:28Z,2026-04-15
30009,1,1199,2026-04-12,0,2026-04-12,,2026-04-12T10:25:00Z,,2026-04-12T10:14:00Z,2026-04-12T11:45:00Z,2026-04-12T11:35:00Z,2026-04-12T11:33:00Z,-11,-12,80,79,0,-1,15,AMD,ISK,7115,0,ATR,VTIYX,0,0,0,DOM,0,0,0,4,3,2,2,1,0,0,AMD,45,30,0,0,37,37,72,74,9,10,10,1,2026-04-15T21:31:28Z,2026-04-15
78812,2,1199,2026-04-14,0,2026-04-14,,2026-04-14T10:25:00Z,,2026-04-14T10:12:00Z,2026-04-14T11:45:00Z,2026-04-14T11:22:00Z,2026-04-14T11:22:00Z,-13,-23,80,70,0,-10,12,AMD,ISK,7115,0,ATR,VTIRO,0,0,0,DOM,0,0,0,5,3,2,2,1,0,0,AMD,42,30,0,0,37,37,72,74,9,10,10,,2026-04-15T21:31:28Z,2026-04-15
89626,2,1199,2026-04-07,0,2026-04-07,,2026-04-07T10:25:00Z,,2026-04-07T10:19:00Z,2026-04-07T11:45:00Z,2026-04-07T11:28:00Z,2026-04-07T11:27:00Z,-6,-18,80,68,0,-12,-3,AMD,ISK,7115,0,ATR,VTIYD,0,0,0,DOM,0,0,0,3,3,2,2,1,0,0,AMD,27,30,0,0,37,37,72,74,9,10,10,,2026-04-15T21:31:28Z,2026-04-15
85872,2,1199,2026-04-12,0,2026-04-12,,2026-04-12T10:25:00Z,,2026-04-12T10:14:00Z,2026-04-12T11:45:00Z,2026-04-12T11:35:00Z,2026-04-12T11:33:00Z,-11,-12,80,79,0,-1,15,AMD,ISK,7115,0,ATR,VTIYX,0,0,0,DOM,0,0,0,3,3,2,2,1,0,0,AMD,45,30,0,0,37,37,72,74,9,10,10,,2026-04-15T21:31:28Z,2026-04-15
78812,2,1199,2026-04-04,0,2026-04-04,,2026-04-04T10:25:00Z,,2026-04-04T10:22:00Z,2026-04-04T11:45:00Z,2026-04-04T11:40:00Z,2026-04-04T11:39:00Z,-3,-6,80,77,0,-3,7,AMD,ISK,7115,0,ATR,VTIYX,0,0,0,DOM,0,0,0,1,3,2,2,1,0,0,AMD,37,30,0,0,37,37,72,74,9,10,10,,2026-04-15T21:31:28Z,2026-04-15
82998,2,1199,2026-04-11,0,2026-04-11,,2026-04-11T10:25:00Z,,2026-04-11T10:09:00Z,2026-04-11T11:45:00Z,2026-04-11T11:32:00Z,2026-04-11T11:34:00Z,-16,-11,80,85,0,5,2,AMD,ISK,7115,0,ATR,VTIYE,0,0,0,DOM,0,0,0,3,3,2,2,1,0,0,AMD,32,30,0,0,37,37,72,74,9,10,10,,2026-04-15T21:31:28Z,2026-04-15
76960,2,1199,2026-04-05,0,2026-04-05,,2026-04-05T10:25:00Z,,2026-04-05T10:07:00Z,2026-04-05T11:45:00Z,2026-04-05T11:16:00Z,2026-04-05T11:15:00Z,-18,-30,80,68,0,-12,3,AMD,ISK,7115,0,ATR,VTIYG,0,0,0,DOM,0,0,0,1,3,2,2,1,0,0,AMD,33,30,0,0,37,37,72,74,9,10,10,,2026-04-15T21:31:28Z,2026-04-15
67038,2,1199,2026-04-13,0,2026-04-13,,2026-04-13T10:25:00Z,,2026-04-13T10:12:00Z,2026-04-13T11:45:00Z,2026-04-13T11:23:00Z,2026-04-13T11:21:00Z,-13,-24,80,69,0,-11,7,AMD,ISK,7115,0,ATR,VTIYO,0,0,0,DOM,0,0,0,5,3,2,2,1,0,0,AMD,37,30,0,0,37,37,72,74,9,10,10,,2026-04-15T21:31:28Z,2026-04-15
37566,1,1199,2026-04-07,0,2026-04-07,,2026-04-07T10:25:00Z,,2026-04-07T10:19:00Z,2026-04-07T11:45:00Z,2026-04-07T11:28:00Z,2026-04-07T11:27:00Z,-6,-18,80,68,0,-12,-3,AMD,ISK,7115,0,ATR,VTIYD,0,0,0,DOM,0,0,0,3,3,2,2,1,0,0,AMD,27,30,0,0,37,37,72,74,9,10,10,,2026-04-15T21:31:28Z,2026-04-15
49568,1,1199,2026-04-13,0,2026-04-13,,2026-04-13T10:25:00Z,,2026-04-13T10:12:00Z,2026-04-13T11:45:00Z,2026-04-13T11:23:00Z,2026-04-13T11:21:00Z,-13,-24,80,69,0,-11,7,AMD,ISK,7115,0,ATR,VTIYO,0,0,0,DOM,0,0,0,4,3,2,2,1,0,0,AMD,37,30,0,0,37,37,72,74,9,10,10,1,2026-04-15T21:31:28Z,2026-04-15
88517,2,1199,2026-04-10,0,2026-04-10,,2026-04-10T10:25:00Z,,2026-04-10T10:14:00Z,2026-04-10T11:45:00Z,2026-04-10T11:27:00Z,2026-04-10T11:28:00Z,-11,-17,80,74,0,-6,3,AMD,ISK,7115,0,ATR,VTIYF,0,0,0,DOM,0,0,0,2,3,2,2,1,0,0,AMD,33,30,0,0,37,37,72,74,9,10,10,,2026-04-15T21:31:28Z,2026-04-15
80859,1,1199,2026-04-03,0,2026-04-03,,2026-04-03T10:25:00Z,,2026-04-03T10:04:00Z,2026-04-03T11:45:00Z,2026-04-03T11:33:00Z,2026-04-03T11:30:00Z,-21,-15,80,86,0,6,6,AMD,ISK,7115,0,ATR,VTIRS,0,0,0,DOM,0,0,0,1,3,2,2,1,0,0,AMD,36,30,0,0,37,37,72,74,9,10,10,,2026-04-15T21:31:28Z,2026-04-15
64269,2,4681,2026-04-11,0,2026-04-11,,2026-04-11T13:55:00Z,,2026-04-11T13:42:00Z,2026-04-11T16:00:00Z,2026-04-11T15:50:00Z,2026-04-11T15:50:00Z,-13,-10,125,128,0,3,-2,BLR,AMD,6595,0,320,VTIAX,1,0,0,DOM,0,0,0,2,3,2,2,1,0,0,BLR,58,60,0,0,138,154,131,131,12,13,13,,2026-04-15T21:31:28Z,2026-04-15
23744,1,4681,2026-04-14,0,2026-04-14,,2026-04-14T13:55:00Z,,2026-04-14T13:56:00Z,2026-04-14T16:00:00Z,2026-04-14T16:12:00Z,2026-04-14T16:12:00Z,1,12,125,136,0,11,24,BLR,AMD,6595,0,320,VTIWZ,1,0,0,DOM,0,0,0,4,3,2,2,1,0,0,BLR,84,60,0,0,138,154,131,131,12,13,13,1,2026-04-15T21:31:28Z,2026-04-15
45594,1,4681,2026-04-11,0,2026-04-11,,2026-04-11T13:55:00Z,,2026-04-11T13:42:00Z,2026-04-11T16:00:00Z,2026-04-11T15:50:00Z,2026-04-11T15:50:00Z,-13,-10,125,128,0,3,-2,BLR,AMD,6595,0,320,VTIAX,1,0,0,DOM,0,0,0,6,3,2,2,1,0,0,BLR,58,60,0,0,138,154,131,131,12,13,13,1,2026-04-15T21:31:28Z,2026-04-15
90906,2,4681,2026-04-13,0,2026-04-13,,2026-04-13T13:55:00Z,,2026-04-13T13:58:00Z,2026-04-13T16:00:00Z,2026-04-13T16:01:00Z,2026-04-13T16:03:00Z,3,3,125,125,0,0,16,BLR,AMD,6595,0,320,VTIIP,1,0,0,DOM,0,0,0,7,3,2,2,1,0,0,BLR,76,60,0,0,138,154,131,131,12,13,13,,2026-04-15T21:31:28Z,2026-04-15
39854,1,3909,2026-04-09,0,2026-04-09,,2026-04-09T18:10:00Z,,2026-04-09T18:12:00Z,2026-04-09T19:25:00Z,2026-04-09T19:26:00Z,2026-04-09T19:25:00Z,2,0,75,73,0,-2,-22,DEL,UDR,6228,0,320,VTIAR,1,0,0,DOM,0,0,0,4,3,2,2,1,0,0,DEL,53,75,0,0,100,109,78,83,17,18,18,1,2026-04-15T21:31:28Z,2026-04-15
64998,2,3909,2026-04-04,0,2026-04-04,,2026-04-04T18:10:00Z,,2026-04-04T18:15:00Z,2026-04-04T19:25:00Z,2026-04-04T19:43:00Z,2026-04-04T19:40:00Z,5,15,75,85,0,10,-19,DEL,UDR,6228,0,320,VTIQI,1,0,0,DOM,0,0,0,1,3,2,2,1,0,0,DEL,56,75,0,0,100,109,78,83,17,18,18,,2026-04-15T21:31:28Z,2026-04-15
38327,1,4681,2026-04-16,0,2026-04-16,,2026-04-16T13:55:00Z,,,2026-04-16T16:00:00Z,2026-04-16T16:05:00Z,,0,5,125,,0,6,78,BLR,AMD,6595,0,320,VTIOH,1,0,0,DOM,0,0,0,7,3,2,2,1,0,0,BLR,0,60,0,0,138,154,131,131,12,13,13,,2026-04-15T21:31:28Z,2026-04-15
80210,2,1199,2026-04-16,0,2026-04-16,,2026-04-16T10:25:00Z,,,2026-04-16T11:45:00Z,2026-04-16T11:40:00Z,,0,-5,80,,0,-8,30,AMD,ISK,7115,0,ATR,VTIRS,1,0,0,DOM,0,0,0,6,3,2,2,1,0,0,AMD,0,30,0,0,60,60,72,74,9,10,10,,2026-04-15T21:31:28Z,2026-04-15
65977,1,1199,2026-04-16,0,2026-04-16,,2026-04-16T10:25:00Z,,,2026-04-16T11:45:00Z,2026-04-16T11:40:00Z,,0,-5,80,,0,-8,30,AMD,ISK,7115,0,ATR,VTIRS,1,0,0,DOM,0,0,0,4,3,2,2,1,0,0,AMD,0,30,0,0,60,60,72,74,9,10,10,,2026-04-15T21:31:28Z,2026-04-15
71977,2,1199,2026-04-09,0,2026-04-10,,2026-04-10T17:30:00Z,,2026-04-10T17:43:00Z,2026-04-10T18:40:00Z,2026-04-10T18:58:00Z,2026-04-10T18:58:00Z,13,18,70,75,0,5,0,ISK,AMD,7219,0,ATR,VTIRE,0,0,0,DOM,0,0,0,5,2,3,3,1,0,0,ISK,20,20,0,0,21,21,81,81,17,17,17,,2026-04-15T21:31:28Z,2026-04-15
56827,1,1199,2026-04-09,0,2026-04-10,,2026-04-10T17:30:00Z,,2026-04-10T17:43:00Z,2026-04-10T18:40:00Z,2026-04-10T18:58:00Z,2026-04-10T18:58:00Z,13,18,70,75,0,5,0,ISK,AMD,7219,0,ATR,VTIRE,0,0,0,DOM,0,0,0,5,2,3,3,1,0,0,ISK,20,20,0,0,21,21,81,81,17,17,17,1,2026-04-15T21:31:28Z,2026-04-15
80210,2,1199,2026-04-16,0,2026-04-16,,2026-04-16T08:45:00Z,,,2026-04-16T09:55:00Z,2026-04-16T09:55:00Z,,0,0,70,,0,-7,-3,IDR,AMD,7174,0,ATR,VTIYY,0,0,0,DOM,0,0,0,6,2,3,3,1,0,0,IDR,0,35,0,0,32,35,63,63,8,8,8,,2026-04-15T21:31:28Z,2026-04-15
65977,1,1199,2026-04-16,0,2026-04-16,,2026-04-16T08:45:00Z,,,2026-04-16T09:55:00Z,2026-04-16T09:55:00Z,,0,0,70,,0,-7,-3,IDR,AMD,7174,0,ATR,VTIYY,0,0,0,DOM,0,0,0,4,2,3,3,1,0,0,IDR,0,35,0,0,32,35,63,63,8,8,8,,2026-04-15T21:31:28Z,2026-04-15
89626,2,1199,2026-04-07,0,2026-04-07,,2026-04-07T08:45:00Z,,2026-04-07T08:38:00Z,2026-04-07T09:55:00Z,2026-04-07T09:50:00Z,2026-04-07T09:52:00Z,-7,-3,70,74,0,4,-7,IDR,AMD,7174,0,ATR,VTIYD,0,0,0,DOM,0,0,0,3,2,3,3,1,0,0,IDR,28,35,0,0,32,35,63,63,8,8,8,,2026-04-15T21:31:28Z,2026-04-15
37566,1,1199,2026-04-07,0,2026-04-07,,2026-04-07T08:45:00Z,,2026-04-07T08:38:00Z,2026-04-07T09:55:00Z,2026-04-07T09:50:00Z,2026-04-07T09:52:00Z,-7,-3,70,74,0,4,-7,IDR,AMD,7174,0,ATR,VTIYD,0,0,0,DOM,0,0,0,3,2,3,3,1,0,0,IDR,28,35,0,0,32,35,63,63,8,8,8,,2026-04-15T21:31:28Z,2026-04-15
88517,2,1199,2026-04-10,0,2026-04-10,,2026-04-10T08:45:00Z,,2026-04-10T08:28:00Z,2026-04-10T09:55:00Z,2026-04-10T09:41:00Z,2026-04-10T09:41:00Z,-17,-14,70,73,0,3,-7,IDR,AMD,7174,0,ATR,VTIYF,0,0,0,DOM,0,0,0,2,2,3,3,1,0,0,IDR,28,35,0,0,32,35,63,63,8,8,8,,2026-04-15T21:31:28Z,2026-04-15
30009,1,1199,2026-04-12,0,2026-04-12,,2026-04-12T08:45:00Z,,2026-04-12T08:27:00Z,2026-04-12T09:55:00Z,2026-04-12T09:28:00Z,2026-04-12T09:29:00Z,-18,-26,70,62,0,-8,13,IDR,AMD,7174,0,ATR,VTIYX,0,0,0,DOM,0,0,0,4,2,3,3,1,0,0,IDR,48,35,0,0,44,48,63,63,7,8,8,1,2026-04-15T21:31:28Z,2026-04-15
78812,2,1199,2026-04-14,0,2026-04-14,,2026-04-14T08:45:00Z,,2026-04-14T08:30:00Z,2026-04-14T09:55:00Z,2026-04-14T09:30:00Z,2026-04-14T09:30:00Z,-15,-25,70,60,0,-10,19,IDR,AMD,7174,0,ATR,VTIRO,0,0,0,DOM,0,0,0,5,2,3,3,1,0,0,IDR,54,35,0,0,44,48,63,63,7,8,8,,2026-04-15T21:31:28Z,2026-04-15
85872,2,1199,2026-04-12,0,2026-04-12,,2026-04-12T08:45:00Z,,2026-04-12T08:27:00Z,2026-04-12T09:55:00Z,2026-04-12T09:28:00Z,2026-04-12T09:29:00Z,-18,-26,70,62,0,-8,13,IDR,AMD,7174,0,ATR,VTIYX,0,0,0,DOM,0,0,0,3,2,3,3,1,0,0,IDR,48,35,0,0,44,48,63,63,7,8,8,,2026-04-15T21:31:28Z,2026-04-15
82998,2,1199,2026-04-11,0,2026-04-11,,2026-04-11T08:45:00Z,,2026-04-11T08:28:00Z,2026-04-11T09:55:00Z,2026-04-11T09:37:00Z,2026-04-11T09:37:00Z,-17,-18,70,69,0,-1,6,IDR,AMD,7174,0,ATR,VTIYE,0,0,0,DOM,0,0,0,3,2,3,3,1,0,0,IDR,41,35,0,0,44,48,63,63,7,8,8,,2026-04-15T21:31:28Z,2026-04-15
67038,2,1199,2026-04-13,0,2026-04-13,,2026-04-13T08:45:00Z,,2026-04-13T08:33:00Z,2026-04-13T09:55:00Z,2026-04-13T09:36:00Z,2026-04-13T09:35:00Z,-12,-20,70,62,0,-8,5,IDR,AMD,7174,0,ATR,VTIYO,0,0,0,DOM,0,0,0,5,2,3,3,1,0,0,IDR,40,35,0,0,44,48,63,63,7,8,8,,2026-04-15T21:31:28Z,2026-04-15
49568,1,1199,2026-04-13,0,2026-04-13,,2026-04-13T08:45:00Z,,2026-04-13T08:33:00Z,2026-04-13T09:55:00Z,2026-04-13T09:36:00Z,2026-04-13T09:35:00Z,-12,-20,70,62,0,-8,5,IDR,AMD,7174,0,ATR,VTIYO,0,0,0,DOM,0,0,0,4,2,3,3,1,0,0,IDR,40,35,0,0,44,48,63,63,7,8,8,1,2026-04-15T21:31:28Z,2026-04-15
78812,2,1199,2026-04-04,0,2026-04-04,,2026-04-04T08:45:00Z,,2026-04-04T08:43:00Z,2026-04-04T09:55:00Z,2026-04-04T09:44:00Z,2026-04-04T09:45:00Z,-2,-10,70,62,0,-8,5,IDR,AMD,7174,0,ATR,VTIYX,0,0,0,DOM,0,0,0,1,2,3,3,1,0,0,IDR,40,35,0,0,32,35,63,63,8,8,8,,2026-04-15T21:31:28Z,2026-04-15
80859,1,1199,2026-04-03,0,2026-04-03,,2026-04-03T08:45:00Z,,2026-04-03T08:27:00Z,2026-04-03T09:55:00Z,2026-04-03T09:28:00Z,2026-04-03T09:28:00Z,-18,-27,70,61,0,-9,-8,IDR,AMD,7174,0,ATR,VTIRS,0,0,0,DOM,0,0,0,1,2,3,3,1,0,0,IDR,27,35,0,0,32,35,63,63,8,8,8,,2026-04-15T21:31:28Z,2026-04-15
30009,1,1199,2026-04-05,0,2026-04-05,,2026-04-05T08:45:00Z,,2026-04-05T08:31:00Z,2026-04-05T09:55:00Z,2026-04-05T09:34:00Z,2026-04-05T09:34:00Z,-14,-21,70,63,0,-7,6,IDR,AMD,7174,0,ATR,VTIYG,0,0,0,DOM,0,0,0,1,2,3,3,1,0,0,IDR,41,35,0,0,44,48,63,63,7,8,8,,2026-04-15T21:31:28Z,2026-04-15
76960,2,1199,2026-04-05,0,2026-04-05,,2026-04-05T08:45:00Z,,2026-04-05T08:31:00Z,2026-04-05T09:55:00Z,2026-04-05T09:34:00Z,2026-04-05T09:34:00Z,-14,-21,70,63,0,-7,6,IDR,AMD,7174,0,ATR,VTIYG,0,0,0,DOM,0,0,0,1,2,3,3,1,0,0,IDR,41,35,0,0,44,48,63,63,7,8,8,,2026-04-15T21:31:28Z,2026-04-15
35925,1,4681,2026-04-06,0,2026-04-06,,2026-04-06T11:00:00Z,,2026-04-06T11:03:00Z,2026-04-06T12:55:00Z,2026-04-06T12:49:00Z,2026-04-06T12:57:00Z,3,2,115,114,0,-1,-1,BOM,BLR,5217,0,321,VTIWT,0,0,1,DOM,0,0,0,3,2,3,3,1,0,0,BOM,44,45,0,0,67,67,113,113,10,11,11,,2026-04-15T21:31:28Z,2026-04-15
78919,2,4681,2026-04-06,0,2026-04-06,,2026-04-06T11:00:00Z,,2026-04-06T11:03:00Z,2026-04-06T12:55:00Z,2026-04-06T12:49:00Z,2026-04-06T12:57:00Z,3,2,115,114,0,-1,-1,BOM,BLR,5217,0,321,VTIWT,0,0,1,DOM,0,0,0,3,2,3,3,1,0,0,BOM,44,45,0,0,67,67,113,113,10,11,11,,2026-04-15T21:31:28Z,2026-04-15
64269,2,4681,2026-04-11,0,2026-04-11,,2026-04-11T11:00:00Z,,2026-04-11T11:08:00Z,2026-04-11T12:55:00Z,2026-04-11T12:46:00Z,2026-04-11T12:44:00Z,8,-11,115,96,0,-19,9,BOM,BLR,5217,0,321,VTNCX,0,0,1,DOM,0,0,0,2,2,3,3,1,0,0,BOM,54,45,0,0,67,67,113,113,10,11,11,,2026-04-15T21:31:28Z,2026-04-15
23744,1,4681,2026-04-14,0,2026-04-14,,2026-04-14T11:00:00Z,,2026-04-14T10:55:00Z,2026-04-14T12:55:00Z,2026-04-14T12:33:00Z,2026-04-14T12:32:00Z,-5,-23,115,97,0,-18,7,BOM,BLR,5217,0,321,VTNOA,0,0,1,DOM,0,0,0,4,2,3,3,1,0,0,BOM,52,45,0,0,67,67,109,112,10,11,10,1,2026-04-15T21:31:28Z,2026-04-15
90906,2,4681,2026-04-13,0,2026-04-13,,2026-04-13T11:00:00Z,,2026-04-13T10:47:00Z,2026-04-13T12:55:00Z,2026-04-13T12:33:00Z,2026-04-13T12:42:00Z,-13,-13,115,115,0,0,-6,BOM,BLR,5217,0,321,VTNCF,0,0,1,DOM,0,0,0,7,2,3,3,1,0,0,BOM,39,45,0,0,67,67,109,112,10,11,10,,2026-04-15T21:31:28Z,2026-04-15
45594,1,4681,2026-04-11,0,2026-04-11,,2026-04-11T11:00:00Z,,2026-04-11T11:08:00Z,2026-04-11T12:55:00Z,2026-04-11T12:46:00Z,2026-04-11T12:44:00Z,8,-11,115,96,0,-19,9,BOM,BLR,5217,0,321,VTNCX,0,0,1,DOM,0,0,0,6,2,3,3,1,0,0,BOM,54,45,0,0,67,67,113,113,10,11,11,1,2026-04-15T21:31:28Z,2026-04-15
38327,1,4681,2026-04-16,0,2026-04-16,,2026-04-16T11:00:00Z,,,2026-04-16T12:55:00Z,2026-04-16T12:40:00Z,,0,-15,115,,0,-2,22,BOM,BLR,5217,0,321,VTNHO,0,0,1,DOM,0,0,0,7,2,3,3,1,0,0,BOM,0,45,0,0,67,67,113,113,10,11,11,,2026-04-15T21:31:28Z,2026-04-15
13462,1,3909,2026-04-14,0,2026-04-14,,2026-04-14T14:40:00Z,,2026-04-14T14:49:00Z,2026-04-14T16:55:00Z,2026-04-14T17:07:00Z,2026-04-14T17:27:00Z,9,32,135,158,0,23,18,HYD,DEL,711,0,321,VTNCP,0,0,0,DOM,0,0,0,5,2,1,1,1,0,0,HYD,58,40,0,0,52,57,150,150,13,14,14,1,2026-04-15T21:31:28Z,2026-04-15
14318,1,F9271,2026-04-05,0,2026-04-05,,2026-04-06T04:05:00Z,,2026-04-06T03:55:00Z,2026-04-06T06:30:00Z,2026-04-06T06:08:00Z,2026-04-06T06:08:00Z,-10,-22,145,133,0,-12,9,CCU,DEL,9271,0,321,VTIKW,1,0,1,DOM,0,0,0,1,2,1,1,1,0,0,CCU,249,240,0,0,60,60,,,23,4,3,,2026-04-15T21:31:28Z,2026-04-15
38323,1,F9271,2026-04-03,0,2026-04-03,,2026-04-04T02:05:00Z,,2026-04-04T02:20:00Z,2026-04-04T04:30:00Z,2026-04-04T04:37:00Z,2026-04-04T04:37:00Z,15,7,145,137,0,-8,9,CCU,DEL,9271,0,321,VTIKW,1,0,1,DOM,0,0,0,1,2,1,1,1,0,0,CCU,129,120,0,0,,,151,152,0,2,2,,2026-04-15T21:31:28Z,2026-04-15
71977,2,1199,2026-04-09,0,2026-04-09,,2026-04-09T12:05:00Z,,2026-04-09T11:48:00Z,2026-04-09T13:55:00Z,2026-04-09T13:43:00Z,2026-04-09T13:43:00Z,-17,-12,110,115,0,5,-1,ISK,HYD,7137,0,ATR,VTIRK,0,0,0,DOM,0,0,0,4,2,1,1,1,0,0,ISK,19,20,0,0,26,29,114,115,11,12,11,,2026-04-15T21:31:28Z,2026-04-15
56827,1,1199,2026-04-09,0,2026-04-09,,2026-04-09T12:05:00Z,,2026-04-09T11:48:00Z,2026-04-09T13:55:00Z,2026-04-09T13:43:00Z,2026-04-09T13:43:00Z,-17,-12,110,115,0,5,-1,ISK,HYD,7137,0,ATR,VTIRK,0,0,0,DOM,0,0,0,4,2,1,1,1,0,0,ISK,19,20,0,0,26,29,114,115,11,12,11,1,2026-04-15T21:31:28Z,2026-04-15
88517,2,1199,2026-04-10,0,2026-04-11,,2026-04-11T19:10:00Z,2026-04-11T20:10:00Z,2026-04-11T20:07:00Z,2026-04-11T20:40:00Z,2026-04-11T22:21:00Z,2026-04-11T22:19:00Z,57,99,90,132,0,42,0,AMD,NMI,7018,0,ATR,VTIYO,0,0,0,DOM,0,0,0,3,3,2,2,1,0,0,AMD,30,30,0,0,32,34,132,132,19,19,20,,2026-04-15T20:48:31Z,2026-04-15
71977,2,1199,2026-04-09,0,2026-04-10,,2026-04-10T19:10:00Z,2026-04-10T19:30:00Z,2026-04-10T19:33:00Z,2026-04-10T20:40:00Z,2026-04-10T21:16:00Z,2026-04-10T21:16:00Z,23,36,90,103,0,13,5,AMD,NMI,7018,0,ATR,VTIRE,0,0,0,DOM,0,0,0,5,3,2,2,1,0,0,AMD,35,30,0,0,27,27,103,103,18,19,19,,2026-04-15T20:48:31Z,2026-04-15
49568,1,1199,2026-04-13,0,2026-04-14,,2026-04-14T19:10:00Z,2026-04-14T19:25:00Z,2026-04-14T19:23:00Z,2026-04-14T20:40:00Z,2026-04-14T21:08:00Z,2026-04-14T21:07:00Z,13,27,90,104,0,14,-3,AMD,NMI,7018,0,ATR,VTIYO,0,0,0,DOM,0,0,0,5,3,2,2,1,0,0,AMD,27,30,0,0,27,27,103,103,18,19,19,1,2026-04-15T20:48:31Z,2026-04-15
76960,2,1199,2026-04-05,0,2026-04-06,,2026-04-06T19:10:00Z,2026-04-06T19:25:00Z,2026-04-06T19:11:00Z,2026-04-06T20:40:00Z,2026-04-06T20:54:00Z,2026-04-06T20:53:00Z,1,13,90,102,0,12,-7,AMD,NMI,7018,0,ATR,VTIYJ,0,0,0,DOM,0,0,0,2,3,2,2,1,0,0,AMD,23,30,0,0,27,27,103,103,18,19,19,,2026-04-15T20:48:31Z,2026-04-15
56827,1,1199,2026-04-09,0,2026-04-10,,2026-04-10T19:10:00Z,2026-04-10T19:30:00Z,2026-04-10T19:33:00Z,2026-04-10T20:40:00Z,2026-04-10T21:16:00Z,2026-04-10T21:16:00Z,23,36,90,103,0,13,5,AMD,NMI,7018,0,ATR,VTIRE,0,0,0,DOM,0,0,0,5,3,2,2,1,0,0,AMD,35,30,0,0,27,27,103,103,18,19,19,1,2026-04-15T20:48:31Z,2026-04-15
85872,2,1199,2026-04-12,0,2026-04-13,,2026-04-13T19:10:00Z,2026-04-13T19:20:00Z,2026-04-13T19:13:00Z,2026-04-13T20:40:00Z,2026-04-13T20:51:00Z,2026-04-13T20:55:00Z,3,15,90,102,0,12,-4,AMD,NMI,7018,0,ATR,VTIRO,0,0,0,DOM,0,0,0,4,3,2,2,1,0,0,AMD,26,30,0,0,27,27,103,103,18,19,19,,2026-04-15T20:48:31Z,2026-04-15
30009,1,1199,2026-04-12,0,2026-04-13,,2026-04-13T19:10:00Z,2026-04-13T19:20:00Z,2026-04-13T19:13:00Z,2026-04-13T20:40:00Z,2026-04-13T20:51:00Z,2026-04-13T20:55:00Z,3,15,90,102,0,12,-4,AMD,NMI,7018,0,ATR,VTIRO,0,0,0,DOM,0,0,0,5,3,2,2,1,0,0,AMD,26,30,0,0,27,27,103,103,18,19,19,1,2026-04-15T20:48:31Z,2026-04-15
30009,1,1199,2026-04-05,0,2026-04-06,,2026-04-06T19:10:00Z,2026-04-06T19:25:00Z,2026-04-06T19:11:00Z,2026-04-06T20:40:00Z,2026-04-06T20:54:00Z,2026-04-06T20:53:00Z,1,13,90,102,0,12,-7,AMD,NMI,7018,0,ATR,VTIYJ,0,0,0,DOM,0,0,0,2,3,2,2,1,0,0,AMD,23,30,0,0,27,27,103,103,18,19,19,,2026-04-15T20:48:31Z,2026-04-15
67038,2,1199,2026-04-13,0,2026-04-14,,2026-04-14T19:10:00Z,2026-04-14T19:25:00Z,2026-04-14T19:23:00Z,2026-04-14T20:40:00Z,2026-04-14T21:08:00Z,2026-04-14T21:07:00Z,13,27,90,104,0,14,-3,AMD,NMI,7018,0,ATR,VTIYO,0,0,0,DOM,0,0,0,6,3,2,2,1,0,0,AMD,27,30,0,0,27,27,103,103,18,19,19,,2026-04-15T20:48:31Z,2026-04-15
78812,2,1199,2026-04-04,0,2026-04-05,,2026-04-05T19:10:00Z,2026-04-05T19:55:00Z,2026-04-05T19:49:00Z,2026-04-05T20:40:00Z,2026-04-05T21:32:00Z,2026-04-05T21:30:00Z,39,50,90,101,0,11,-5,AMD,NMI,7018,0,ATR,VTIYJ,0,0,0,DOM,0,0,0,2,3,2,2,1,0,0,AMD,25,30,0,0,32,34,103,103,19,19,19,,2026-04-15T20:48:31Z,2026-04-15
80859,1,1199,2026-04-03,0,2026-04-04,,2026-04-04T19:10:00Z,2026-04-04T19:55:00Z,2026-04-04T19:34:00Z,2026-04-04T20:40:00Z,2026-04-04T21:18:00Z,2026-04-04T21:16:00Z,24,36,90,102,0,12,3,AMD,NMI,7018,0,ATR,VTIYG,0,0,0,DOM,0,0,0,2,3,2,2,1,0,0,AMD,33,30,0,0,32,34,103,103,19,19,19,,2026-04-15T20:48:31Z,2026-04-15
89626,2,1199,2026-04-07,0,2026-04-08,,2026-04-08T19:10:00Z,2026-04-08T19:45:00Z,2026-04-08T19:40:00Z,2026-04-08T20:40:00Z,2026-04-08T21:24:00Z,2026-04-08T21:26:00Z,30,46,90,106,0,16,-8,AMD,NMI,7018,0,ATR,VTIYE,0,0,0,DOM,0,0,0,4,3,2,2,1,0,0,AMD,22,30,0,0,32,34,103,103,19,19,19,,2026-04-15T20:48:31Z,2026-04-15
37566,1,1199,2026-04-07,0,2026-04-08,,2026-04-08T19:10:00Z,2026-04-08T19:45:00Z,2026-04-08T19:40:00Z,2026-04-08T20:40:00Z,2026-04-08T21:24:00Z,2026-04-08T21:26:00Z,30,46,90,106,0,16,-8,AMD,NMI,7018,0,ATR,VTIYE,0,0,0,DOM,0,0,0,4,3,2,2,1,0,0,AMD,22,30,0,0,32,34,103,103,19,19,19,1,2026-04-15T20:48:31Z,2026-04-15
82998,2,1199,2026-04-11,0,2026-04-12,,2026-04-12T19:10:00Z,2026-04-12T19:30:00Z,2026-04-12T19:31:00Z,2026-04-12T20:40:00Z,2026-04-12T21:06:00Z,2026-04-12T21:03:00Z,21,23,90,92,0,2,-4,AMD,NMI,7018,0,ATR,VTIRQ,0,0,0,DOM,0,0,0,4,3,2,2,1,0,0,AMD,26,30,0,0,32,34,103,103,19,19,19,,2026-04-15T20:48:31Z,2026-04-15
71977,2,1199,2026-04-09,0,2026-04-10,,2026-04-10T21:10:00Z,2026-04-10T21:45:00Z,2026-04-10T21:39:00Z,2026-04-10T22:35:00Z,2026-04-10T23:16:00Z,2026-04-10T23:21:00Z,29,46,85,102,0,17,-7,NMI,AMD,7017,0,ATR,VTIRE,0,0,0,DOM,0,0,0,5,4,1,1,1,0,0,NMI,23,30,0,0,28,28,96,102,21,21,21,,2026-04-15T20:48:31Z,2026-04-15
49568,1,1199,2026-04-13,0,2026-04-14,,2026-04-14T21:10:00Z,2026-04-14T21:40:00Z,2026-04-14T21:37:00Z,2026-04-14T22:35:00Z,2026-04-14T23:09:00Z,2026-04-14T23:08:00Z,27,33,85,91,0,6,0,NMI,AMD,7017,0,ATR,VTIYO,0,0,0,DOM,0,0,0,5,4,1,1,1,0,0,NMI,30,30,0,0,28,28,96,102,21,21,21,1,2026-04-15T20:48:31Z,2026-04-15
78812,2,1199,2026-04-04,0,2026-04-05,,2026-04-05T21:10:00Z,2026-04-05T22:00:00Z,2026-04-05T22:01:00Z,2026-04-05T22:35:00Z,2026-04-05T23:37:00Z,2026-04-05T23:48:00Z,51,73,85,107,0,22,1,NMI,AMD,7017,0,ATR,VTIYJ,0,0,0,DOM,0,0,0,2,4,1,1,1,0,0,NMI,31,30,0,0,28,28,104,104,21,21,22,,2026-04-15T20:48:31Z,2026-04-15
80859,1,1199,2026-04-03,0,2026-04-04,,2026-04-04T21:10:00Z,2026-04-04T22:00:00Z,2026-04-04T22:13:00Z,2026-04-04T22:35:00Z,2026-04-04T23:44:00Z,2026-04-04T23:43:00Z,63,68,85,90,0,5,27,NMI,AMD,7017,0,ATR,VTIYG,0,0,0,DOM,0,0,0,2,4,1,1,1,0,0,NMI,57,30,0,0,28,28,104,104,21,21,22,,2026-04-15T20:48:31Z,2026-04-15
89626,2,1199,2026-04-07,0,2026-04-08,,2026-04-08T21:10:00Z,2026-04-08T21:55:00Z,2026-04-08T21:47:00Z,2026-04-08T22:35:00Z,2026-04-08T23:32:00Z,2026-04-08T23:35:00Z,37,60,85,108,0,23,-9,NMI,AMD,7017,0,ATR,VTIYE,0,0,0,DOM,0,0,0,4,4,1,1,1,0,0,NMI,21,30,0,0,28,28,96,102,21,21,21,,2026-04-15T20:48:31Z,2026-04-15
56827,1,1199,2026-04-09,0,2026-04-10,,2026-04-10T21:10:00Z,2026-04-10T21:45:00Z,2026-04-10T21:39:00Z,2026-04-10T22:35:00Z,2026-04-10T23:16:00Z,2026-04-10T23:21:00Z,29,46,85,102,0,17,-7,NMI,AMD,7017,0,ATR,VTIRE,0,0,0,DOM,0,0,0,5,4,1,1,1,0,0,NMI,23,30,0,0,28,28,96,102,21,21,21,1,2026-04-15T20:48:31Z,2026-04-15
37566,1,1199,2026-04-07,0,2026-04-08,,2026-04-08T21:10:00Z,2026-04-08T21:55:00Z,2026-04-08T21:47:00Z,2026-04-08T22:35:00Z,2026-04-08T23:32:00Z,2026-04-08T23:35:00Z,37,60,85,108,0,23,-9,NMI,AMD,7017,0,ATR,VTIYE,0,0,0,DOM,0,0,0,4,4,1,1,1,0,0,NMI,21,30,0,0,28,28,96,102,21,21,21,1,2026-04-15T20:48:31Z,2026-04-15
82998,2,1199,2026-04-11,0,2026-04-12,,2026-04-12T21:10:00Z,2026-04-12T21:40:00Z,2026-04-12T21:31:00Z,2026-04-12T22:35:00Z,2026-04-12T23:07:00Z,2026-04-12T23:07:00Z,21,32,85,96,0,11,-2,NMI,AMD,7017,0,ATR,VTIRQ,0,0,0,DOM,0,0,0,4,4,1,1,1,0,0,NMI,28,30,0,0,28,28,96,102,21,21,21,,2026-04-15T20:48:31Z,2026-04-15
67038,2,1199,2026-04-13,0,2026-04-14,,2026-04-14T21:10:00Z,2026-04-14T21:40:00Z,2026-04-14T21:37:00Z,2026-04-14T22:35:00Z,2026-04-14T23:09:00Z,2026-04-14T23:08:00Z,27,33,85,91,0,6,0,NMI,AMD,7017,0,ATR,VTIYO,0,0,0,DOM,0,0,0,6,4,1,1,1,0,0,NMI,30,30,0,0,28,28,96,102,21,21,21,,2026-04-15T20:48:31Z,2026-04-15
76960,2,1199,2026-04-05,0,2026-04-06,,2026-04-06T21:10:00Z,2026-04-06T21:20:00Z,2026-04-06T21:18:00Z,2026-04-06T22:35:00Z,2026-04-06T22:51:00Z,2026-04-06T22:54:00Z,8,19,85,96,0,11,-5,NMI,AMD,7017,0,ATR,VTIYJ,0,0,0,DOM,0,0,0,2,4,1,1,1,0,0,NMI,25,30,0,0,60,60,96,102,20,21,21,,2026-04-15T20:48:31Z,2026-04-15
85872,2,1199,2026-04-12,0,2026-04-13,,2026-04-13T21:10:00Z,2026-04-13T21:20:00Z,2026-04-13T21:17:00Z,2026-04-13T22:35:00Z,2026-04-13T22:48:00Z,2026-04-13T22:50:00Z,7,15,85,93,0,8,-8,NMI,AMD,7017,0,ATR,VTIRO,0,0,0,DOM,0,0,0,4,4,1,1,1,0,0,NMI,22,30,0,0,60,60,96,102,20,21,21,,2026-04-15T20:48:31Z,2026-04-15
30009,1,1199,2026-04-12,0,2026-04-13,,2026-04-13T21:10:00Z,2026-04-13T21:20:00Z,2026-04-13T21:17:00Z,2026-04-13T22:35:00Z,2026-04-13T22:48:00Z,2026-04-13T22:50:00Z,7,15,85,93,0,8,-8,NMI,AMD,7017,0,ATR,VTIRO,0,0,0,DOM,0,0,0,5,4,1,1,1,0,0,NMI,22,30,0,0,60,60,96,102,20,21,21,1,2026-04-15T20:48:31Z,2026-04-15
30009,1,1199,2026-04-05,0,2026-04-06,,2026-04-06T21:10:00Z,2026-04-06T21:20:00Z,2026-04-06T21:18:00Z,2026-04-06T22:35:00Z,2026-04-06T22:51:00Z,2026-04-06T22:54:00Z,8,19,85,96,0,11,-5,NMI,AMD,7017,0,ATR,VTIYJ,0,0,0,DOM,0,0,0,2,4,1,1,1,0,0,NMI,25,30,0,0,60,60,96,102,20,21,21,,2026-04-15T20:48:31Z,2026-04-15
88517,2,1199,2026-04-10,0,2026-04-11,,2026-04-11T21:10:00Z,2026-04-11T22:50:00Z,2026-04-11T22:51:00Z,2026-04-11T22:35:00Z,2026-04-12T00:28:00Z,2026-04-12T00:35:00Z,101,120,85,104,0,19,2,NMI,AMD,7017,0,ATR,VTIYO,0,0,0,DOM,0,0,0,3,4,1,1,1,0,0,NMI,32,30,0,0,60,60,104,104,22,21,22,,2026-04-15T20:48:31Z,2026-04-15
43904,2,3909,2026-04-15,0,2026-04-15,,2026-04-15T14:40:00Z,2026-04-15T14:55:00Z,2026-04-15T15:07:00Z,2026-04-15T16:55:00Z,2026-04-15T17:21:00Z,2026-04-15T17:23:00Z,27,28,135,136,0,1,13,HYD,DEL,711,0,321,VTIWS,0,0,0,DOM,0,0,0,7,2,1,1,1,0,0,HYD,53,40,0,0,53,54,169,169,14,14,15,,2026-04-15T20:48:31Z,2026-04-15
15088,1,3909,2026-04-03,0,2026-04-03,,2026-04-03T14:40:00Z,2026-04-03T15:00:00Z,2026-04-03T14:58:00Z,2026-04-03T16:55:00Z,2026-04-03T17:04:00Z,2026-04-03T17:07:00Z,18,12,135,129,0,-6,-1,HYD,DEL,711,0,321,VTNCW,0,0,0,DOM,0,0,0,1,2,1,1,1,0,0,HYD,39,40,0,0,53,54,150,150,14,14,14,,2026-04-15T20:48:31Z,2026-04-15
18381,1,3909,2026-04-10,0,2026-04-10,,2026-04-10T14:40:00Z,2026-04-10T15:05:00Z,2026-04-10T15:22:00Z,2026-04-10T16:55:00Z,2026-04-10T17:51:00Z,2026-04-10T17:56:00Z,42,61,135,154,0,19,14,HYD,DEL,711,0,321,VTNHC,0,0,0,DOM,0,0,0,5,2,1,1,1,0,0,HYD,54,40,0,0,53,54,169,169,14,14,15,1,2026-04-15T20:48:31Z,2026-04-15
18481,1,3909,2026-04-15,0,2026-04-15,,2026-04-15T14:40:00Z,2026-04-15T14:55:00Z,2026-04-15T15:07:00Z,2026-04-15T16:55:00Z,2026-04-15T17:21:00Z,2026-04-15T17:23:00Z,27,28,135,136,0,1,13,HYD,DEL,711,0,321,VTIWS,0,0,0,DOM,0,0,0,9,2,1,1,1,0,0,HYD,53,40,0,0,53,54,169,169,14,14,15,1,2026-04-15T20:48:31Z,2026-04-15
21516,1,3909,2026-04-05,0,2026-04-05,,2026-04-05T14:40:00Z,2026-04-05T14:55:00Z,2026-04-05T15:08:00Z,2026-04-05T16:55:00Z,2026-04-05T17:36:00Z,2026-04-05T17:41:00Z,28,46,135,153,0,18,20,HYD,DEL,711,0,321,VTNCZ,0,0,0,DOM,0,0,0,3,2,1,1,1,0,0,HYD,60,40,0,0,53,54,169,169,14,14,15,,2026-04-15T20:48:31Z,2026-04-15
62973,2,3909,2026-04-07,0,2026-04-07,,2026-04-07T20:00:00Z,2026-04-07T21:20:00Z,2026-04-07T21:16:00Z,2026-04-07T21:20:00Z,2026-04-07T23:03:00Z,2026-04-07T23:04:00Z,76,104,80,108,0,28,-9,UDR,DEL,6229,0,320,VTIIA,0,0,0,DOM,0,0,0,3,4,1,1,1,0,0,UDR,26,35,0,0,60,60,,,20,20,21,,2026-04-15T20:48:31Z,2026-04-15
22452,1,3909,2026-04-11,0,2026-04-11,,2026-04-11T20:00:00Z,2026-04-11T20:35:00Z,2026-04-11T20:51:00Z,2026-04-11T21:20:00Z,2026-04-11T22:05:00Z,2026-04-11T22:12:00Z,51,52,80,81,0,1,17,UDR,DEL,6229,0,320,VTIKK,0,0,0,DOM,0,0,0,4,4,1,1,1,0,0,UDR,52,35,0,0,33,36,81,81,19,20,20,1,2026-04-15T20:48:31Z,2026-04-15
64998,2,3909,2026-04-04,0,2026-04-04,,2026-04-04T20:00:00Z,2026-04-04T20:10:00Z,2026-04-04T20:16:00Z,2026-04-04T21:20:00Z,2026-04-04T21:30:00Z,2026-04-04T21:33:00Z,16,13,80,77,0,-3,1,UDR,DEL,6229,0,320,VTIQI,0,0,0,DOM,0,0,0,1,4,1,1,1,0,0,UDR,36,35,0,0,33,36,81,81,19,20,20,,2026-04-15T20:48:31Z,2026-04-15
69116,2,3909,2026-04-12,0,2026-04-12,,2026-04-12T20:00:00Z,2026-04-12T20:25:00Z,2026-04-12T20:24:00Z,2026-04-12T21:20:00Z,2026-04-12T21:41:00Z,2026-04-12T21:45:00Z,24,25,80,81,0,1,1,UDR,DEL,6229,0,320,VTIKK,0,0,0,DOM,0,0,0,5,4,1,1,1,0,0,UDR,36,35,0,0,33,36,81,81,19,20,20,,2026-04-15T20:48:31Z,2026-04-15
78812,2,1199,2026-04-14,0,2026-04-15,,2026-04-15T17:30:00Z,2026-04-15T17:55:00Z,2026-04-15T17:43:00Z,2026-04-15T18:40:00Z,2026-04-15T18:56:00Z,2026-04-15T18:57:00Z,13,17,70,74,0,4,1,ISK,AMD,7219,0,ATR,VTIYP,0,0,0,DOM,0,0,0,6,2,1,1,1,0,0,ISK,21,20,0,0,21,21,81,81,17,17,17,,2026-04-15T20:48:31Z,2026-04-15
35925,1,4681,2026-04-06,0,2026-04-06,,2026-04-06T16:55:00Z,2026-04-06T17:25:00Z,2026-04-06T17:15:00Z,2026-04-06T19:15:00Z,2026-04-06T19:20:00Z,2026-04-06T19:28:00Z,20,13,140,133,0,-7,-13,AMD,BLR,863,0,320,VTIAX,0,0,0,DOM,0,0,0,3,4,1,1,1,0,0,AMD,42,55,0,0,45,51,137,137,16,16,17,,2026-04-15T20:48:31Z,2026-04-15
78919,2,4681,2026-04-06,0,2026-04-06,,2026-04-06T16:55:00Z,2026-04-06T17:25:00Z,2026-04-06T17:15:00Z,2026-04-06T19:15:00Z,2026-04-06T19:20:00Z,2026-04-06T19:28:00Z,20,13,140,133,0,-7,-13,AMD,BLR,863,0,320,VTIAX,0,0,0,DOM,0,0,0,3,4,1,1,1,0,0,AMD,42,55,0,0,45,51,137,137,16,16,17,,2026-04-15T20:48:31Z,2026-04-15
37552,1,F9271,2026-04-08,0,2026-04-08,,2026-04-09T04:00:00Z,2026-04-09T04:35:00Z,2026-04-09T04:32:00Z,2026-04-09T06:05:00Z,2026-04-09T06:58:00Z,2026-04-09T06:58:00Z,32,53,125,146,0,21,55,CCU,DEL,9423,0,321,VTIKW,1,0,1,DOM,0,0,0,5,2,1,1,1,0,0,CCU,290,235,0,0,60,60,146,146,23,4,4,1,2026-04-15T20:48:31Z,2026-04-15
89774,2,F9271,2026-04-08,0,2026-04-08,,2026-04-09T04:00:00Z,2026-04-09T04:35:00Z,2026-04-09T04:32:00Z,2026-04-09T06:05:00Z,2026-04-09T06:58:00Z,2026-04-09T06:58:00Z,32,53,125,146,0,21,55,CCU,DEL,9423,0,321,VTIKW,1,0,1,DOM,0,0,0,1,2,1,1,1,0,0,CCU,290,235,0,0,60,60,146,146,23,4,4,,2026-04-15T20:48:31Z,2026-04-15
22452,1,3909,2026-04-11,0,2026-04-11,,2026-04-11T14:40:00Z,2026-04-11T14:55:00Z,2026-04-11T14:53:00Z,2026-04-11T16:55:00Z,2026-04-11T17:07:00Z,2026-04-11T17:15:00Z,13,20,135,142,0,7,16,HYD,DEL,711,0,321,VTICH,0,0,0,DOM,0,0,0,4,2,3,3,1,0,0,HYD,56,40,0,0,52,57,150,150,13,14,14,1,2026-04-15T20:48:31Z,2026-04-15
39854,1,3909,2026-04-09,0,2026-04-09,,2026-04-09T14:40:00Z,2026-04-09T14:55:00Z,2026-04-09T14:56:00Z,2026-04-09T16:55:00Z,2026-04-09T17:16:00Z,2026-04-09T17:19:00Z,16,24,135,143,0,8,3,HYD,DEL,711,0,321,VTNCD,0,0,0,DOM,0,0,0,4,2,3,3,1,0,0,HYD,43,40,0,0,53,54,150,150,14,14,14,1,2026-04-15T20:48:31Z,2026-04-15
62973,2,3909,2026-04-07,0,2026-04-07,,2026-04-07T14:40:00Z,2026-04-07T15:10:00Z,2026-04-07T15:06:00Z,2026-04-07T16:55:00Z,2026-04-07T17:39:00Z,2026-04-07T17:44:00Z,26,49,135,158,0,23,1,HYD,DEL,711,0,321,VTNCW,0,0,0,DOM,0,0,0,3,2,3,3,1,0,0,HYD,41,40,0,0,53,54,169,169,14,14,15,,2026-04-15T20:48:31Z,2026-04-15
64998,2,3909,2026-04-04,0,2026-04-04,,2026-04-04T14:40:00Z,2026-04-04T15:00:00Z,2026-04-04T15:05:00Z,2026-04-04T16:55:00Z,2026-04-04T17:15:00Z,2026-04-04T17:19:00Z,25,24,135,134,0,-1,2,HYD,DEL,711,0,321,VTICM,0,0,0,DOM,0,0,0,1,2,3,3,1,0,0,HYD,42,40,0,0,53,54,169,169,14,14,15,,2026-04-15T20:48:31Z,2026-04-15
69116,2,3909,2026-04-12,0,2026-04-12,,2026-04-12T14:40:00Z,2026-04-12T15:00:00Z,2026-04-12T14:53:00Z,2026-04-12T16:55:00Z,2026-04-12T17:08:00Z,2026-04-12T17:11:00Z,13,16,135,138,0,3,12,HYD,DEL,711,0,321,VTNHE,0,0,0,DOM,0,0,0,5,2,3,3,1,0,0,HYD,52,40,0,0,53,54,150,150,14,14,14,,2026-04-15T20:48:31Z,2026-04-15
22452,1,3909,2026-04-11,0,2026-04-11,,2026-04-11T18:10:00Z,2026-04-11T18:25:00Z,2026-04-11T18:36:00Z,2026-04-11T19:25:00Z,2026-04-11T20:02:00Z,2026-04-11T19:59:00Z,26,34,75,83,0,8,6,DEL,UDR,6228,0,320,VTIKK,1,0,0,DOM,0,0,0,4,3,2,2,1,0,0,DEL,81,75,0,0,100,109,78,83,17,18,18,1,2026-04-15T20:48:31Z,2026-04-15
62973,2,3909,2026-04-07,0,2026-04-07,,2026-04-07T18:10:00Z,2026-04-07T19:00:00Z,2026-04-07T19:19:00Z,2026-04-07T19:25:00Z,2026-04-07T20:52:00Z,2026-04-07T20:50:00Z,69,85,75,91,0,16,20,DEL,UDR,6228,0,320,VTIIA,1,0,0,DOM,0,0,0,3,3,2,2,1,0,0,DEL,95,75,0,0,100,109,,,17,18,19,,2026-04-15T20:48:31Z,2026-04-15
69116,2,3909,2026-04-12,0,2026-04-12,,2026-04-12T18:10:00Z,2026-04-12T18:40:00Z,2026-04-12T18:36:00Z,2026-04-12T19:25:00Z,2026-04-12T19:50:00Z,2026-04-12T19:48:00Z,26,23,75,72,0,-3,10,DEL,UDR,6228,0,320,VTIKK,1,0,0,DOM,0,0,0,5,3,2,2,1,0,0,DEL,85,75,0,0,100,109,78,83,17,18,18,,2026-04-15T20:48:31Z,2026-04-15
35925,1,4681,2026-04-06,0,2026-04-06,,2026-04-06T13:55:00Z,2026-04-06T14:05:00Z,2026-04-06T14:15:00Z,2026-04-06T16:00:00Z,2026-04-06T16:33:00Z,2026-04-06T16:33:00Z,20,33,125,138,0,13,18,BLR,AMD,6595,0,320,VTIAX,1,0,0,DOM,0,0,0,3,3,2,2,1,0,0,BLR,78,60,0,0,138,154,140,140,12,13,14,,2026-04-15T20:48:31Z,2026-04-15
78919,2,4681,2026-04-06,0,2026-04-06,,2026-04-06T13:55:00Z,2026-04-06T14:05:00Z,2026-04-06T14:15:00Z,2026-04-06T16:00:00Z,2026-04-06T16:33:00Z,2026-04-06T16:33:00Z,20,33,125,138,0,13,18,BLR,AMD,6595,0,320,VTIAX,1,0,0,DOM,0,0,0,3,3,2,2,1,0,0,BLR,78,60,0,0,138,154,140,140,12,13,14,,2026-04-15T20:48:31Z,2026-04-15
49568,1,1199,2026-04-13,0,2026-04-14,,2026-04-14T17:30:00Z,2026-04-14T17:30:00Z,2026-04-14T17:40:00Z,2026-04-14T18:40:00Z,2026-04-14T18:56:00Z,2026-04-14T18:56:00Z,10,16,70,76,0,6,10,ISK,AMD,7219,0,ATR,VTIYO,0,0,0,DOM,0,0,0,5,2,3,3,1,0,0,ISK,30,20,0,0,21,21,81,81,17,17,17,1,2026-04-15T20:48:31Z,2026-04-15
80859,1,1199,2026-04-03,0,2026-04-04,,2026-04-04T17:30:00Z,2026-04-04T17:50:00Z,2026-04-04T17:48:00Z,2026-04-04T18:40:00Z,2026-04-04T19:02:00Z,2026-04-04T19:01:00Z,18,21,70,73,0,3,-1,ISK,AMD,7219,0,ATR,VTIYG,0,0,0,DOM,0,0,0,2,2,3,3,1,0,0,ISK,19,20,0,0,21,21,81,81,17,17,17,,2026-04-15T20:48:31Z,2026-04-15
76960,2,1199,2026-04-05,0,2026-04-06,,2026-04-06T17:30:00Z,2026-04-06T17:40:00Z,2026-04-06T17:31:00Z,2026-04-06T18:40:00Z,2026-04-06T18:48:00Z,2026-04-06T18:48:00Z,1,8,70,77,0,7,1,ISK,AMD,7219,0,ATR,VTIYJ,0,0,0,DOM,0,0,0,2,2,3,3,1,0,0,ISK,21,20,0,0,21,21,81,81,17,17,17,,2026-04-15T20:48:31Z,2026-04-15
89626,2,1199,2026-04-07,0,2026-04-08,,2026-04-08T17:30:00Z,2026-04-08T17:50:00Z,2026-04-08T17:51:00Z,2026-04-08T18:40:00Z,2026-04-08T19:16:00Z,2026-04-08T19:18:00Z,21,38,70,87,0,17,-3,ISK,AMD,7219,0,ATR,VTIYE,0,0,0,DOM,0,0,0,4,2,3,3,1,0,0,ISK,17,20,0,0,21,21,81,81,17,17,17,,2026-04-15T20:48:31Z,2026-04-15
85872,2,1199,2026-04-12,0,2026-04-13,,2026-04-13T17:30:00Z,2026-04-13T17:35:00Z,2026-04-13T17:30:00Z,2026-04-13T18:40:00Z,2026-04-13T18:48:00Z,2026-04-13T18:47:00Z,0,7,70,77,0,7,1,ISK,AMD,7219,0,ATR,VTIRO,0,0,0,DOM,0,0,0,4,2,3,3,1,0,0,ISK,21,20,0,0,21,21,81,81,17,17,17,,2026-04-15T20:48:31Z,2026-04-15
37566,1,1199,2026-04-07,0,2026-04-08,,2026-04-08T17:30:00Z,2026-04-08T17:50:00Z,2026-04-08T17:51:00Z,2026-04-08T18:40:00Z,2026-04-08T19:16:00Z,2026-04-08T19:18:00Z,21,38,70,87,0,17,-3,ISK,AMD,7219,0,ATR,VTIYE,0,0,0,DOM,0,0,0,4,2,3,3,1,0,0,ISK,17,20,0,0,21,21,81,81,17,17,17,1,2026-04-15T20:48:31Z,2026-04-15
82998,2,1199,2026-04-11,0,2026-04-12,,2026-04-12T17:30:00Z,2026-04-12T17:45:00Z,2026-04-12T17:44:00Z,2026-04-12T18:40:00Z,2026-04-12T19:04:00Z,2026-04-12T19:05:00Z,14,25,70,81,0,11,3,ISK,AMD,7219,0,ATR,VTIRQ,0,0,0,DOM,0,0,0,4,2,3,3,1,0,0,ISK,23,20,0,0,21,21,81,81,17,17,17,,2026-04-15T20:48:31Z,2026-04-15
30009,1,1199,2026-04-12,0,2026-04-13,,2026-04-13T17:30:00Z,2026-04-13T17:35:00Z,2026-04-13T17:30:00Z,2026-04-13T18:40:00Z,2026-04-13T18:48:00Z,2026-04-13T18:47:00Z,0,7,70,77,0,7,1,ISK,AMD,7219,0,ATR,VTIRO,0,0,0,DOM,0,0,0,5,2,3,3,1,0,0,ISK,21,20,0,0,21,21,81,81,17,17,17,1,2026-04-15T20:48:31Z,2026-04-15
30009,1,1199,2026-04-05,0,2026-04-06,,2026-04-06T17:30:00Z,2026-04-06T17:40:00Z,2026-04-06T17:31:00Z,2026-04-06T18:40:00Z,2026-04-06T18:48:00Z,2026-04-06T18:48:00Z,1,8,70,77,0,7,1,ISK,AMD,7219,0,ATR,VTIYJ,0,0,0,DOM,0,0,0,2,2,3,3,1,0,0,ISK,21,20,0,0,21,21,81,81,17,17,17,,2026-04-15T20:48:31Z,2026-04-15
67038,2,1199,2026-04-13,0,2026-04-14,,2026-04-14T17:30:00Z,2026-04-14T17:30:00Z,2026-04-14T17:40:00Z,2026-04-14T18:40:00Z,2026-04-14T18:56:00Z,2026-04-14T18:56:00Z,10,16,70,76,0,6,10,ISK,AMD,7219,0,ATR,VTIYO,0,0,0,DOM,0,0,0,6,2,3,3,1,0,0,ISK,30,20,0,0,21,21,81,81,17,17,17,,2026-04-15T20:48:31Z,2026-04-15
78812,2,1199,2026-04-04,0,2026-04-05,,2026-04-05T17:30:00Z,2026-04-05T18:05:00Z,2026-04-05T18:06:00Z,2026-04-05T18:40:00Z,2026-04-05T19:22:00Z,2026-04-05T19:24:00Z,36,44,70,78,0,8,2,ISK,AMD,7219,0,ATR,VTIYJ,0,0,0,DOM,0,0,0,2,2,3,3,1,0,0,ISK,22,20,0,0,21,21,87,87,17,17,18,,2026-04-15T20:48:31Z,2026-04-15
88517,2,1199,2026-04-10,0,2026-04-11,,2026-04-11T17:30:00Z,2026-04-11T18:00:00Z,2026-04-11T18:10:00Z,2026-04-11T18:40:00Z,2026-04-11T19:38:00Z,2026-04-11T19:37:00Z,40,57,70,87,0,17,12,ISK,AMD,7219,0,ATR,VTIYO,0,0,0,DOM,0,0,0,3,2,3,3,1,0,0,ISK,32,20,0,0,21,21,87,87,17,17,18,,2026-04-15T20:48:31Z,2026-04-15
78812,2,1199,2026-04-14,1,2026-04-15,2026-04-15T14:50:00Z,2026-04-15T15:35:00Z,2026-04-15T15:45:00Z,2026-04-15T15:42:00Z,2026-04-15T17:10:00Z,2026-04-15T17:24:00Z,2026-04-15T17:22:00Z,7,12,95,100,7,5,0,HYD,ISK,7136,0,ATR,VTIYP,0,0,,DOM,0,0,0,6,1,2,2,1,0,0,,0,0,3,7,0,0,112,112,,15,15,,2026-04-15T20:48:31Z,2026-04-15
78812,2,1199,2026-04-04,1,2026-04-05,2026-04-05T14:40:00Z,2026-04-05T15:35:00Z,2026-04-05T15:25:00Z,2026-04-05T15:35:00Z,2026-04-05T17:10:00Z,2026-04-05T17:43:00Z,2026-04-05T17:44:00Z,0,34,95,129,0,34,0,HYD,ISK,7136,0,ATR,VTIYJ,0,0,,DOM,0,0,0,2,1,4,4,1,0,0,,0,0,3,7,0,0,112,112,,15,15,,2026-04-15T20:48:31Z,2026-04-15
80859,1,1199,2026-04-03,1,2026-04-04,2026-04-04T14:40:00Z,2026-04-04T15:35:00Z,2026-04-04T15:25:00Z,2026-04-04T15:34:00Z,2026-04-04T17:10:00Z,2026-04-04T17:31:00Z,2026-04-04T17:29:00Z,-1,19,95,115,-1,20,0,HYD,ISK,7136,0,ATR,VTIYG,0,0,,DOM,0,0,0,2,1,4,4,1,0,0,,0,0,3,7,0,0,112,112,,15,15,,2026-04-15T20:48:31Z,2026-04-15
76960,2,1199,2026-04-05,1,2026-04-06,2026-04-06T14:45:00Z,2026-04-06T15:35:00Z,2026-04-06T15:30:00Z,2026-04-06T15:28:00Z,2026-04-06T17:10:00Z,2026-04-06T17:13:00Z,2026-04-06T17:10:00Z,-7,0,95,102,-7,7,0,HYD,ISK,7136,0,ATR,VTIYJ,0,0,,DOM,0,0,0,2,1,4,4,1,0,0,,0,0,3,7,0,0,112,112,,15,15,,2026-04-15T20:48:31Z,2026-04-15
30009,1,1199,2026-04-05,1,2026-04-06,2026-04-06T14:45:00Z,2026-04-06T15:35:00Z,2026-04-06T15:30:00Z,2026-04-06T15:28:00Z,2026-04-06T17:10:00Z,2026-04-06T17:13:00Z,2026-04-06T17:10:00Z,-7,0,95,102,-7,7,0,HYD,ISK,7136,0,ATR,VTIYJ,0,0,,DOM,0,0,0,2,1,4,4,1,0,0,,0,0,3,7,0,0,112,112,,15,15,,2026-04-15T20:48:31Z,2026-04-15
49568,1,1199,2026-04-13,1,2026-04-14,2026-04-14T14:40:00Z,2026-04-14T15:35:00Z,2026-04-14T15:25:00Z,2026-04-14T15:27:00Z,2026-04-14T17:10:00Z,2026-04-14T17:12:00Z,2026-04-14T17:10:00Z,-8,0,95,103,-8,8,0,HYD,ISK,7136,0,ATR,VTIYO,0,0,,DOM,0,0,0,5,1,4,4,1,0,0,,0,0,3,7,0,0,112,112,,15,15,1,2026-04-15T20:48:31Z,2026-04-15
85872,2,1199,2026-04-12,1,2026-04-13,2026-04-13T14:40:00Z,2026-04-13T15:35:00Z,2026-04-13T15:25:00Z,2026-04-13T15:24:00Z,2026-04-13T17:10:00Z,2026-04-13T17:09:00Z,2026-04-13T17:09:00Z,-11,-1,95,105,-11,10,0,HYD,ISK,7136,0,ATR,VTIRO,0,0,,DOM,0,0,0,4,1,4,4,1,0,0,,0,0,3,7,0,0,112,112,,15,15,,2026-04-15T20:48:31Z,2026-04-15
30009,1,1199,2026-04-12,1,2026-04-13,2026-04-13T14:40:00Z,2026-04-13T15:35:00Z,2026-04-13T15:25:00Z,2026-04-13T15:24:00Z,2026-04-13T17:10:00Z,2026-04-13T17:09:00Z,2026-04-13T17:09:00Z,-11,-1,95,105,-11,10,0,HYD,ISK,7136,0,ATR,VTIRO,0,0,,DOM,0,0,0,5,1,4,4,1,0,0,,0,0,3,7,0,0,112,112,,15,15,1,2026-04-15T20:48:31Z,2026-04-15
67038,2,1199,2026-04-13,1,2026-04-14,2026-04-14T14:40:00Z,2026-04-14T15:35:00Z,2026-04-14T15:25:00Z,2026-04-14T15:27:00Z,2026-04-14T17:10:00Z,2026-04-14T17:12:00Z,2026-04-14T17:10:00Z,-8,0,95,103,-8,8,0,HYD,ISK,7136,0,ATR,VTIYO,0,0,,DOM,0,0,0,6,1,4,4,1,0,0,,0,0,3,7,0,0,112,112,,15,15,,2026-04-15T20:48:31Z,2026-04-15
38323,1,F9271,2026-04-03,1,2026-04-03,2026-04-03T20:50:00Z,2026-04-03T21:50:00Z,2026-04-03T22:00:00Z,2026-04-03T22:06:00Z,2026-04-04T00:05:00Z,2026-04-04T00:07:00Z,2026-04-04T00:11:00Z,16,6,135,125,16,-10,0,DEL,CCU,389,0,321,VTNCZ,0,1,,DOM,0,0,0,1,1,2,,1,1,0,,0,0,0,4,0,0,,,,21,22,,2026-04-15T20:48:31Z,2026-04-15
15088,1,3909,2026-04-03,1,2026-04-03,2026-04-03T10:45:00Z,2026-04-03T11:45:00Z,2026-04-03T11:55:00Z,2026-04-03T11:58:00Z,2026-04-03T14:00:00Z,2026-04-03T14:21:00Z,2026-04-03T14:19:00Z,13,19,135,141,13,6,0,DEL,HYD,884,0,321,VTNCW,0,0,,DOM,0,0,0,1,1,2,2,1,0,0,,0,0,0,3,0,0,150,159,,11,11,,2026-04-15T20:48:31Z,2026-04-15
43904,2,3909,2026-04-15,1,2026-04-15,2026-04-15T10:45:00Z,2026-04-15T11:45:00Z,,2026-04-15T11:43:00Z,2026-04-15T14:00:00Z,2026-04-15T14:13:00Z,2026-04-15T14:14:00Z,-2,14,135,151,-2,16,0,DEL,HYD,884,0,321,VTIWS,0,0,,DOM,0,0,0,7,1,2,2,1,0,0,,0,0,0,3,0,0,150,159,,11,11,,2026-04-15T20:48:31Z,2026-04-15
18381,1,3909,2026-04-10,1,2026-04-10,2026-04-10T10:45:00Z,2026-04-10T11:45:00Z,,2026-04-10T11:37:00Z,2026-04-10T14:00:00Z,2026-04-10T14:25:00Z,2026-04-10T14:28:00Z,-8,28,135,171,-8,36,0,DEL,HYD,884,0,321,VTNHC,0,0,,DOM,0,0,0,5,1,2,2,1,0,0,,0,0,0,3,0,0,150,159,,11,11,1,2026-04-15T20:48:31Z,2026-04-15
18481,1,3909,2026-04-15,1,2026-04-15,2026-04-15T10:45:00Z,2026-04-15T11:45:00Z,,2026-04-15T11:43:00Z,2026-04-15T14:00:00Z,2026-04-15T14:13:00Z,2026-04-15T14:14:00Z,-2,14,135,151,-2,16,0,DEL,HYD,884,0,321,VTIWS,0,0,,DOM,0,0,0,9,1,2,2,1,0,0,,0,0,0,3,0,0,150,159,,11,11,1,2026-04-15T20:48:31Z,2026-04-15
21516,1,3909,2026-04-05,1,2026-04-05,2026-04-05T10:45:00Z,2026-04-05T11:45:00Z,,2026-04-05T11:52:00Z,2026-04-05T14:00:00Z,2026-04-05T14:06:00Z,2026-04-05T14:08:00Z,7,8,135,136,7,1,0,DEL,HYD,884,0,321,VTNCZ,0,0,,DOM,0,0,0,3,1,2,2,1,0,0,,0,0,0,3,0,0,150,159,,11,11,,2026-04-15T20:48:31Z,2026-04-15
13462,1,3909,2026-04-14,1,2026-04-14,2026-04-14T10:45:00Z,2026-04-14T11:45:00Z,,2026-04-14T11:33:00Z,2026-04-14T14:00:00Z,2026-04-14T13:53:00Z,2026-04-14T13:51:00Z,-12,-9,135,138,-12,3,0,DEL,HYD,884,0,321,VTNCP,0,0,,DOM,0,0,0,5,1,2,2,1,0,0,,0,0,0,3,0,0,150,159,,11,11,1,2026-04-15T20:48:31Z,2026-04-15
14318,1,F9271,2026-04-05,1,2026-04-05,2026-04-05T20:50:00Z,2026-04-05T21:50:00Z,,2026-04-05T21:45:00Z,2026-04-06T00:05:00Z,2026-04-05T23:46:00Z,2026-04-05T23:46:00Z,-5,-19,135,121,-5,-14,0,DEL,CCU,389,0,321,VTNHC,0,1,,DOM,0,0,0,1,1,2,,1,1,0,,0,0,0,4,0,0,113,116,,21,21,,2026-04-15T20:48:31Z,2026-04-15
37552,1,F9271,2026-04-08,1,2026-04-08,2026-04-08T20:50:00Z,2026-04-08T21:50:00Z,,2026-04-08T21:49:00Z,2026-04-09T00:05:00Z,2026-04-08T23:39:00Z,2026-04-08T23:42:00Z,-1,-23,135,113,-1,-22,0,DEL,CCU,389,0,321,VTNCE,0,1,,DOM,0,0,0,5,1,2,,1,1,0,,0,0,0,4,0,0,113,116,,21,21,1,2026-04-15T20:48:31Z,2026-04-15
89774,2,F9271,2026-04-08,1,2026-04-08,2026-04-08T20:50:00Z,2026-04-08T21:50:00Z,,2026-04-08T21:49:00Z,2026-04-09T00:05:00Z,2026-04-08T23:39:00Z,2026-04-08T23:42:00Z,-1,-23,135,113,-1,-22,0,DEL,CCU,389,0,321,VTNCE,0,1,,DOM,0,0,0,1,1,2,,1,1,0,,0,0,0,4,0,0,113,116,,21,21,,2026-04-15T20:48:31Z,2026-04-15
69116,2,3909,2026-04-12,1,2026-04-12,2026-04-12T10:45:00Z,2026-04-12T11:45:00Z,,2026-04-12T11:42:00Z,2026-04-12T14:00:00Z,2026-04-12T14:01:00Z,2026-04-12T14:01:00Z,-3,1,135,139,-3,4,0,DEL,HYD,884,0,321,VTNHE,0,0,,DOM,0,0,0,5,1,4,4,1,0,0,,0,0,0,3,0,0,150,159,,11,11,,2026-04-15T20:48:31Z,2026-04-15
22452,1,3909,2026-04-11,1,2026-04-11,2026-04-11T10:45:00Z,2026-04-11T11:45:00Z,,2026-04-11T11:49:00Z,2026-04-11T14:00:00Z,2026-04-11T14:00:00Z,2026-04-11T13:57:00Z,4,-3,135,128,4,-7,0,DEL,HYD,884,0,321,VTICH,0,0,,DOM,0,0,0,4,1,4,4,1,0,0,,0,0,0,3,0,0,150,159,,11,11,1,2026-04-15T20:48:31Z,2026-04-15
39854,1,3909,2026-04-09,1,2026-04-09,2026-04-09T10:45:00Z,2026-04-09T11:45:00Z,,2026-04-09T11:51:00Z,2026-04-09T14:00:00Z,2026-04-09T14:09:00Z,2026-04-09T14:13:00Z,6,13,135,142,6,7,0,DEL,HYD,884,0,321,VTNCD,0,0,,DOM,0,0,0,4,1,4,4,1,0,0,,0,0,0,3,0,0,150,159,,11,11,1,2026-04-15T20:48:31Z,2026-04-15
62973,2,3909,2026-04-07,1,2026-04-07,2026-04-07T10:45:00Z,2026-04-07T11:45:00Z,,2026-04-07T11:36:00Z,2026-04-07T14:00:00Z,2026-04-07T14:24:00Z,2026-04-07T14:25:00Z,-9,25,135,169,-9,34,0,DEL,HYD,884,0,321,VTNCW,0,0,,DOM,0,0,0,3,1,4,4,1,0,0,,0,0,0,3,0,0,150,159,,11,11,,2026-04-15T20:48:31Z,2026-04-15
64998,2,3909,2026-04-04,1,2026-04-04,2026-04-04T10:45:00Z,2026-04-04T11:45:00Z,,2026-04-04T11:46:00Z,2026-04-04T14:00:00Z,2026-04-04T14:23:00Z,2026-04-04T14:23:00Z,1,23,135,157,1,22,0,DEL,HYD,884,0,321,VTICM,0,0,,DOM,0,0,0,1,1,4,4,1,0,0,,0,0,0,3,0,0,150,159,,11,11,,2026-04-15T20:48:31Z,2026-04-15
38327,1,4681,2026-04-16,1,2026-04-16,2026-04-16T07:30:00Z,2026-04-16T08:30:00Z,,,2026-04-16T10:15:00Z,2026-04-16T10:15:00Z,,0,0,105,,-6,3,0,BLR,BOM,5051,0,321,VTNHO,0,1,,DOM,0,0,0,7,1,4,,1,1,0,,0,0,-6,-5,0,0,108,110,,8,8,,2026-04-15T20:48:31Z,2026-04-15
65977,1,1199,2026-04-16,1,2026-04-16,2026-04-16T06:10:00Z,2026-04-16T06:55:00Z,,,2026-04-16T08:10:00Z,2026-04-16T08:05:00Z,,0,-5,75,,-15,-3,0,AMD,IDR,7173,0,ATR,VTIYY,0,0,,DOM,0,0,0,4,1,4,4,1,0,0,,0,0,-15,-13,0,0,72,72,,6,6,,2026-04-15T20:48:31Z,2026-04-15
80210,2,1199,2026-04-16,1,2026-04-16,2026-04-16T06:10:00Z,2026-04-16T06:55:00Z,,,2026-04-16T08:10:00Z,2026-04-16T08:05:00Z,,0,-5,75,,-15,-3,0,AMD,IDR,7173,0,ATR,VTIYY,0,0,,DOM,0,0,0,6,1,4,4,1,0,0,,0,0,-15,-13,0,0,72,72,,6,6,,2026-04-15T20:48:31Z,2026-04-15
56827,1,1199,2026-04-09,1,2026-04-09,2026-04-09T09:40:00Z,2026-04-09T10:25:00Z,,2026-04-09T10:17:00Z,2026-04-09T11:45:00Z,2026-04-09T11:31:00Z,2026-04-09T11:29:00Z,-8,-16,80,72,-8,-8,0,AMD,ISK,7115,0,ATR,VTIRK,0,0,,DOM,0,0,0,4,1,2,2,1,0,0,,0,0,-8,-8,0,0,72,74,,10,10,1,2026-04-15T20:48:31Z,2026-04-15
71977,2,1199,2026-04-09,1,2026-04-09,2026-04-09T09:40:00Z,2026-04-09T10:25:00Z,,2026-04-09T10:17:00Z,2026-04-09T11:45:00Z,2026-04-09T11:31:00Z,2026-04-09T11:29:00Z,-8,-16,80,72,-8,-8,0,AMD,ISK,7115,0,ATR,VTIRK,0,0,,DOM,0,0,0,4,1,2,2,1,0,0,,0,0,-8,-8,0,0,72,74,,10,10,,2026-04-15T20:48:31Z,2026-04-15
45594,1,4681,2026-04-11,1,2026-04-11,2026-04-11T07:30:00Z,2026-04-11T08:30:00Z,,2026-04-11T08:24:00Z,2026-04-11T10:15:00Z,2026-04-11T10:15:00Z,2026-04-11T10:14:00Z,-6,-1,105,110,-6,5,0,BLR,BOM,5051,0,321,VTNCX,0,1,,DOM,0,0,0,6,1,4,,1,1,0,,0,0,-6,-5,0,0,108,110,,8,8,1,2026-04-15T20:48:31Z,2026-04-15
90906,2,4681,2026-04-13,1,2026-04-13,2026-04-13T07:30:00Z,2026-04-13T08:30:00Z,,2026-04-13T08:20:00Z,2026-04-13T10:15:00Z,2026-04-13T10:10:00Z,2026-04-13T10:08:00Z,-10,-7,105,108,-10,3,0,BLR,BOM,5051,0,321,VTNCF,0,1,,DOM,0,0,0,7,1,4,,1,1,0,,0,0,-6,-5,0,0,108,110,,8,8,,2026-04-15T20:48:31Z,2026-04-15
35925,1,4681,2026-04-06,1,2026-04-06,2026-04-06T07:30:00Z,2026-04-06T08:30:00Z,,2026-04-06T08:29:00Z,2026-04-06T10:15:00Z,2026-04-06T10:21:00Z,2026-04-06T10:19:00Z,-1,4,105,110,-1,5,0,BLR,BOM,5051,0,321,VTIWT,0,1,,DOM,0,0,0,3,1,4,,1,1,0,,0,0,-6,-5,0,0,108,110,,8,8,,2026-04-15T20:48:31Z,2026-04-15
64269,2,4681,2026-04-11,1,2026-04-11,2026-04-11T07:30:00Z,2026-04-11T08:30:00Z,,2026-04-11T08:24:00Z,2026-04-11T10:15:00Z,2026-04-11T10:15:00Z,2026-04-11T10:14:00Z,-6,-1,105,110,-6,5,0,BLR,BOM,5051,0,321,VTNCX,0,1,,DOM,0,0,0,2,1,4,,1,1,0,,0,0,-6,-5,0,0,108,110,,8,8,,2026-04-15T20:48:31Z,2026-04-15
78919,2,4681,2026-04-06,1,2026-04-06,2026-04-06T07:30:00Z,2026-04-06T08:30:00Z,,2026-04-06T08:29:00Z,2026-04-06T10:15:00Z,2026-04-06T10:21:00Z,2026-04-06T10:19:00Z,-1,4,105,110,-1,5,0,BLR,BOM,5051,0,321,VTIWT,0,1,,DOM,0,0,0,3,1,4,,1,1,0,,0,0,-6,-5,0,0,108,110,,8,8,,2026-04-15T20:48:31Z,2026-04-15
23744,1,4681,2026-04-14,1,2026-04-14,2026-04-14T07:30:00Z,2026-04-14T08:30:00Z,,2026-04-14T08:17:00Z,2026-04-14T10:15:00Z,2026-04-14T10:05:00Z,2026-04-14T10:03:00Z,-13,-12,105,106,-13,1,0,BLR,BOM,5051,0,321,VTNOA,0,1,,DOM,0,0,0,4,1,4,,1,1,0,,0,0,-6,-5,0,0,108,110,,8,8,1,2026-04-15T20:48:31Z,2026-04-15
80859,1,1199,2026-04-03,1,2026-04-03,2026-04-03T06:10:00Z,2026-04-03T06:55:00Z,,2026-04-03T06:47:00Z,2026-04-03T08:10:00Z,2026-04-03T08:00:00Z,2026-04-03T08:00:00Z,-8,-10,75,73,-8,-2,0,AMD,IDR,7173,0,ATR,VTIRS,0,0,,DOM,0,0,0,1,1,4,4,1,0,0,,0,0,-15,-13,0,0,72,72,,6,6,,2026-04-15T20:48:31Z,2026-04-15
78812,2,1199,2026-04-04,1,2026-04-04,2026-04-04T06:10:00Z,2026-04-04T06:55:00Z,,2026-04-04T06:55:00Z,2026-04-04T08:10:00Z,2026-04-04T08:04:00Z,2026-04-04T08:03:00Z,0,-7,75,68,0,-7,0,AMD,IDR,7173,0,ATR,VTIYX,0,0,,DOM,0,0,0,1,1,4,4,1,0,0,,0,0,-15,-13,0,0,72,72,,6,6,,2026-04-15T20:48:31Z,2026-04-15
30009,1,1199,2026-04-05,1,2026-04-05,2026-04-05T06:10:00Z,2026-04-05T06:55:00Z,,2026-04-05T06:35:00Z,2026-04-05T08:10:00Z,2026-04-05T07:48:00Z,2026-04-05T07:50:00Z,-20,-20,75,75,-20,0,0,AMD,IDR,7173,0,ATR,VTIYG,0,0,,DOM,0,0,0,1,1,4,4,1,0,0,,0,0,-15,-13,0,0,72,72,,6,6,,2026-04-15T20:48:31Z,2026-04-15
76960,2,1199,2026-04-05,1,2026-04-05,2026-04-05T06:10:00Z,2026-04-05T06:55:00Z,,2026-04-05T06:35:00Z,2026-04-05T08:10:00Z,2026-04-05T07:48:00Z,2026-04-05T07:50:00Z,-20,-20,75,75,-20,0,0,AMD,IDR,7173,0,ATR,VTIYG,0,0,,DOM,0,0,0,1,1,4,4,1,0,0,,0,0,-15,-13,0,0,72,72,,6,6,,2026-04-15T20:48:31Z,2026-04-15
88517,2,1199,2026-04-10,1,2026-04-10,2026-04-10T06:10:00Z,2026-04-10T06:55:00Z,,2026-04-10T06:44:00Z,2026-04-10T08:10:00Z,2026-04-10T08:03:00Z,2026-04-10T08:00:00Z,-11,-10,75,76,-11,1,0,AMD,IDR,7173,0,ATR,VTIYF,0,0,,DOM,0,0,0,2,1,4,4,1,0,0,,0,0,-15,-13,0,0,72,72,,6,6,,2026-04-15T20:48:31Z,2026-04-15
37566,1,1199,2026-04-07,1,2026-04-07,2026-04-07T06:10:00Z,2026-04-07T06:55:00Z,,2026-04-07T06:53:00Z,2026-04-07T08:10:00Z,2026-04-07T08:10:00Z,2026-04-07T08:10:00Z,-2,0,75,77,-2,2,0,AMD,IDR,7173,0,ATR,VTIYD,0,0,,DOM,0,0,0,3,1,4,4,1,0,0,,0,0,-15,-13,0,0,72,72,,6,6,,2026-04-15T20:48:31Z,2026-04-15
89626,2,1199,2026-04-07,1,2026-04-07,2026-04-07T06:10:00Z,2026-04-07T06:55:00Z,,2026-04-07T06:53:00Z,2026-04-07T08:10:00Z,2026-04-07T08:10:00Z,2026-04-07T08:10:00Z,-2,0,75,77,-2,2,0,AMD,IDR,7173,0,ATR,VTIYD,0,0,,DOM,0,0,0,3,1,4,4,1,0,0,,0,0,-15,-13,0,0,72,72,,6,6,,2026-04-15T20:48:31Z,2026-04-15
85872,2,1199,2026-04-12,1,2026-04-12,2026-04-12T06:10:00Z,2026-04-12T06:55:00Z,,2026-04-12T06:35:00Z,2026-04-12T08:10:00Z,2026-04-12T07:40:00Z,2026-04-12T07:39:00Z,-20,-31,75,64,-20,-11,0,AMD,IDR,7173,0,ATR,VTIYX,0,0,,DOM,0,0,0,3,1,4,4,1,0,0,,0,0,-15,-13,0,0,72,72,,6,6,,2026-04-15T20:48:31Z,2026-04-15
82998,2,1199,2026-04-11,1,2026-04-11,2026-04-11T06:10:00Z,2026-04-11T06:55:00Z,,2026-04-11T06:43:00Z,2026-04-11T08:10:00Z,2026-04-11T07:49:00Z,2026-04-11T07:47:00Z,-12,-23,75,64,-12,-11,0,AMD,IDR,7173,0,ATR,VTIYE,0,0,,DOM,0,0,0,3,1,4,4,1,0,0,,0,0,-15,-13,0,0,72,72,,6,6,,2026-04-15T20:48:31Z,2026-04-15
88517,2,1199,2026-04-10,1,2026-04-11,2026-04-11T14:50:00Z,2026-04-11T15:35:00Z,,2026-04-11T15:39:00Z,2026-04-11T17:10:00Z,2026-04-11T17:40:00Z,2026-04-11T17:38:00Z,4,28,95,119,4,24,0,HYD,ISK,7136,0,ATR,VTIYO,0,0,,DOM,0,0,0,3,1,4,4,1,0,0,,0,0,3,7,0,0,112,112,,15,15,,2026-04-15T20:48:31Z,2026-04-15
30009,1,1199,2026-04-12,1,2026-04-12,2026-04-12T06:10:00Z,2026-04-12T06:55:00Z,,2026-04-12T06:35:00Z,2026-04-12T08:10:00Z,2026-04-12T07:40:00Z,2026-04-12T07:39:00Z,-20,-31,75,64,-20,-11,0,AMD,IDR,7173,0,ATR,VTIYX,0,0,,DOM,0,0,0,4,1,4,4,1,0,0,,0,0,-15,-13,0,0,72,72,,6,6,1,2026-04-15T20:48:31Z,2026-04-15
49568,1,1199,2026-04-13,1,2026-04-13,2026-04-13T06:10:00Z,2026-04-13T06:55:00Z,,2026-04-13T06:38:00Z,2026-04-13T08:10:00Z,2026-04-13T07:54:00Z,2026-04-13T07:53:00Z,-17,-17,75,75,-17,0,0,AMD,IDR,7173,0,ATR,VTIYO,0,0,,DOM,0,0,0,4,1,4,4,1,0,0,,0,0,-15,-13,0,0,72,72,,6,6,1,2026-04-15T20:48:31Z,2026-04-15
89626,2,1199,2026-04-07,1,2026-04-08,2026-04-08T14:50:00Z,2026-04-08T15:35:00Z,,2026-04-08T15:37:00Z,2026-04-08T17:10:00Z,2026-04-08T17:35:00Z,2026-04-08T17:34:00Z,2,24,95,117,2,22,0,HYD,ISK,7136,0,ATR,VTIYE,0,0,,DOM,0,0,0,4,1,4,4,1,0,0,,0,0,3,7,0,0,112,112,,15,15,,2026-04-15T20:48:31Z,2026-04-15
37566,1,1199,2026-04-07,1,2026-04-08,2026-04-08T14:50:00Z,2026-04-08T15:35:00Z,,2026-04-08T15:37:00Z,2026-04-08T17:10:00Z,2026-04-08T17:35:00Z,2026-04-08T17:34:00Z,2,24,95,117,2,22,0,HYD,ISK,7136,0,ATR,VTIYE,0,0,,DOM,0,0,0,4,1,4,4,1,0,0,,0,0,3,7,0,0,112,112,,15,15,1,2026-04-15T20:48:31Z,2026-04-15
82998,2,1199,2026-04-11,1,2026-04-12,2026-04-12T14:50:00Z,2026-04-12T15:35:00Z,,2026-04-12T15:29:00Z,2026-04-12T17:10:00Z,2026-04-12T17:23:00Z,2026-04-12T17:21:00Z,-6,11,95,112,-6,17,0,HYD,ISK,7136,0,ATR,VTIRQ,0,0,,DOM,0,0,0,4,1,4,4,1,0,0,,0,0,3,7,0,0,112,112,,15,15,,2026-04-15T20:48:31Z,2026-04-15
71977,2,1199,2026-04-09,1,2026-04-10,2026-04-10T14:50:00Z,2026-04-10T15:35:00Z,,2026-04-10T15:31:00Z,2026-04-10T17:10:00Z,2026-04-10T17:26:00Z,2026-04-10T17:23:00Z,-4,13,95,112,-4,17,0,HYD,ISK,7136,0,ATR,VTIRE,0,0,,DOM,0,0,0,5,1,4,4,1,0,0,,0,0,3,7,0,0,112,112,,15,15,,2026-04-15T20:48:31Z,2026-04-15
67038,2,1199,2026-04-13,1,2026-04-13,2026-04-13T06:10:00Z,2026-04-13T06:55:00Z,,2026-04-13T06:38:00Z,2026-04-13T08:10:00Z,2026-04-13T07:54:00Z,2026-04-13T07:53:00Z,-17,-17,75,75,-17,0,0,AMD,IDR,7173,0,ATR,VTIYO,0,0,,DOM,0,0,0,5,1,4,4,1,0,0,,0,0,-15,-13,0,0,72,72,,6,6,,2026-04-15T20:48:31Z,2026-04-15
78812,2,1199,2026-04-14,1,2026-04-14,2026-04-14T06:10:00Z,2026-04-14T06:55:00Z,,2026-04-14T06:35:00Z,2026-04-14T08:10:00Z,2026-04-14T07:39:00Z,2026-04-14T07:36:00Z,-20,-34,75,61,-20,-14,0,AMD,IDR,7173,0,ATR,VTIRO,0,0,,DOM,0,0,0,5,1,4,4,1,0,0,,0,0,-15,-13,0,0,72,72,,6,6,,2026-04-15T20:48:31Z,2026-04-15
56827,1,1199,2026-04-09,1,2026-04-10,2026-04-10T14:50:00Z,2026-04-10T15:35:00Z,,2026-04-10T15:31:00Z,2026-04-10T17:10:00Z,2026-04-10T17:26:00Z,2026-04-10T17:23:00Z,-4,13,95,112,-4,17,0,HYD,ISK,7136,0,ATR,VTIRE,0,0,,DOM,0,0,0,5,1,4,4,1,0,0,,0,0,3,7,0,0,112,112,,15,15,1,2026-04-15T20:48:31Z,2026-04-15
38327,1,4681,2026-04-16,0,2026-04-16,,2026-04-16T16:55:00Z,,,2026-04-16T19:15:00Z,2026-04-16T19:00:00Z,,0,-15,140,,0,-14,-10,AMD,BLR,863,0,320,VTIOH,0,0,0,DOM,0,0,0,7,4,1,1,1,0,0,AMD,0,55,0,0,45,51,126,126,16,16,16,,2026-04-15T20:48:31Z,2026-04-15
45594,1,4681,2026-04-11,0,2026-04-11,,2026-04-11T16:55:00Z,,2026-04-11T16:43:00Z,2026-04-11T19:15:00Z,2026-04-11T18:48:00Z,2026-04-11T18:49:00Z,-12,-26,140,126,0,-14,-2,AMD,BLR,863,0,320,VTIAX,0,0,0,DOM,0,0,0,6,4,1,1,1,0,0,AMD,53,55,0,0,39,41,126,126,15,16,16,1,2026-04-15T20:48:31Z,2026-04-15
90906,2,4681,2026-04-13,0,2026-04-13,,2026-04-13T16:55:00Z,,2026-04-13T16:40:00Z,2026-04-13T19:15:00Z,2026-04-13T18:42:00Z,2026-04-13T18:42:00Z,-15,-33,140,122,0,-18,-18,AMD,BLR,863,0,320,VTIIP,0,0,0,DOM,0,0,0,7,4,1,1,1,0,0,AMD,37,55,0,0,45,51,126,126,16,16,16,,2026-04-15T20:48:31Z,2026-04-15
64269,2,4681,2026-04-11,0,2026-04-11,,2026-04-11T16:55:00Z,,2026-04-11T16:43:00Z,2026-04-11T19:15:00Z,2026-04-11T18:48:00Z,2026-04-11T18:49:00Z,-12,-26,140,126,0,-14,-2,AMD,BLR,863,0,320,VTIAX,0,0,0,DOM,0,0,0,2,4,1,1,1,0,0,AMD,53,55,0,0,39,41,126,126,15,16,16,,2026-04-15T20:48:31Z,2026-04-15
23744,1,4681,2026-04-14,0,2026-04-14,,2026-04-14T16:55:00Z,,2026-04-14T16:49:00Z,2026-04-14T19:15:00Z,2026-04-14T18:54:00Z,2026-04-14T18:54:00Z,-6,-21,140,125,0,-15,-18,AMD,BLR,863,0,320,VTIWZ,0,0,0,DOM,0,0,0,4,4,1,1,1,0,0,AMD,37,55,0,0,45,51,126,126,16,16,16,1,2026-04-15T20:48:31Z,2026-04-15
39854,1,3909,2026-04-09,0,2026-04-09,,2026-04-09T20:00:00Z,,2026-04-09T20:06:00Z,2026-04-09T21:20:00Z,2026-04-09T21:20:00Z,2026-04-09T21:23:00Z,6,3,80,77,0,-3,6,UDR,DEL,6229,0,320,VTIAR,0,0,0,DOM,0,0,0,4,4,1,1,1,0,0,UDR,41,35,0,0,33,36,81,81,19,20,20,1,2026-04-15T20:48:31Z,2026-04-15
65977,1,1199,2026-04-16,0,2026-04-16,,2026-04-16T12:05:00Z,,,2026-04-16T13:55:00Z,2026-04-16T13:55:00Z,,0,0,110,,0,0,6,ISK,HYD,7137,0,ATR,VTIRS,0,0,0,DOM,0,0,0,4,4,1,1,1,0,0,ISK,0,20,0,0,26,29,,,11,12,12,,2026-04-15T20:48:31Z,2026-04-15
80210,2,1199,2026-04-16,0,2026-04-16,,2026-04-16T12:05:00Z,,,2026-04-16T13:55:00Z,2026-04-16T13:55:00Z,,0,0,110,,0,0,6,ISK,HYD,7137,0,ATR,VTIRS,0,0,0,DOM,0,0,0,6,4,1,1,1,0,0,ISK,0,20,0,0,26,29,,,11,12,12,,2026-04-15T20:48:31Z,2026-04-15
30009,1,1199,2026-04-05,0,2026-04-05,,2026-04-05T12:05:00Z,,2026-04-05T11:46:00Z,2026-04-05T13:55:00Z,2026-04-05T13:28:00Z,2026-04-05T13:30:00Z,-19,-25,110,104,0,-6,11,ISK,HYD,7137,0,ATR,VTIYG,0,0,0,DOM,0,0,0,1,4,1,1,1,0,0,ISK,31,20,0,0,26,29,114,115,11,12,11,,2026-04-15T20:48:31Z,2026-04-15
76960,2,1199,2026-04-05,0,2026-04-05,,2026-04-05T12:05:00Z,,2026-04-05T11:46:00Z,2026-04-05T13:55:00Z,2026-04-05T13:28:00Z,2026-04-05T13:30:00Z,-19,-25,110,104,0,-6,11,ISK,HYD,7137,0,ATR,VTIYG,0,0,0,DOM,0,0,0,1,4,1,1,1,0,0,ISK,31,20,0,0,26,29,114,115,11,12,11,,2026-04-15T20:48:31Z,2026-04-15
88517,2,1199,2026-04-10,0,2026-04-10,,2026-04-10T12:05:00Z,,2026-04-10T11:59:00Z,2026-04-10T13:55:00Z,2026-04-10T14:04:00Z,2026-04-10T14:03:00Z,-6,8,110,124,0,14,11,ISK,HYD,7137,0,ATR,VTIYF,0,0,0,DOM,0,0,0,2,4,1,1,1,0,0,ISK,31,20,0,0,26,29,114,115,11,12,11,,2026-04-15T20:48:31Z,2026-04-15
67038,2,1199,2026-04-13,0,2026-04-13,,2026-04-13T12:05:00Z,,2026-04-13T11:56:00Z,2026-04-13T13:55:00Z,2026-04-13T13:50:00Z,2026-04-13T13:50:00Z,-9,-5,110,114,0,4,15,ISK,HYD,7137,0,ATR,VTIYO,0,0,0,DOM,0,0,0,5,4,1,1,1,0,0,ISK,35,20,0,0,26,29,114,115,11,12,11,,2026-04-15T20:48:31Z,2026-04-15
49568,1,1199,2026-04-13,0,2026-04-13,,2026-04-13T12:05:00Z,,2026-04-13T11:56:00Z,2026-04-13T13:55:00Z,2026-04-13T13:50:00Z,2026-04-13T13:50:00Z,-9,-5,110,114,0,4,15,ISK,HYD,7137,0,ATR,VTIYO,0,0,0,DOM,0,0,0,4,4,1,1,1,0,0,ISK,35,20,0,0,26,29,114,115,11,12,11,1,2026-04-15T20:48:31Z,2026-04-15
78812,2,1199,2026-04-14,0,2026-04-14,,2026-04-14T12:05:00Z,,2026-04-14T11:48:00Z,2026-04-14T13:55:00Z,2026-04-14T13:29:00Z,2026-04-14T13:30:00Z,-17,-25,110,102,0,-8,6,ISK,HYD,7137,0,ATR,VTIRO,0,0,0,DOM,0,0,0,5,4,1,1,1,0,0,ISK,26,20,0,0,26,29,114,115,11,12,11,,2026-04-15T20:48:31Z,2026-04-15
37566,1,1199,2026-04-07,0,2026-04-07,,2026-04-07T12:05:00Z,,2026-04-07T11:54:00Z,2026-04-07T13:55:00Z,2026-04-07T13:49:00Z,2026-04-07T13:48:00Z,-11,-7,110,114,0,4,7,ISK,HYD,7137,0,ATR,VTIYD,0,0,0,DOM,0,0,0,3,4,1,1,1,0,0,ISK,27,20,0,0,26,29,114,115,11,12,11,,2026-04-15T20:48:31Z,2026-04-15
89626,2,1199,2026-04-07,0,2026-04-07,,2026-04-07T12:05:00Z,,2026-04-07T11:54:00Z,2026-04-07T13:55:00Z,2026-04-07T13:49:00Z,2026-04-07T13:48:00Z,-11,-7,110,114,0,4,7,ISK,HYD,7137,0,ATR,VTIYD,0,0,0,DOM,0,0,0,3,4,1,1,1,0,0,ISK,27,20,0,0,26,29,114,115,11,12,11,,2026-04-15T20:48:31Z,2026-04-15
30009,1,1199,2026-04-12,0,2026-04-12,,2026-04-12T12:05:00Z,,2026-04-12T11:56:00Z,2026-04-12T13:55:00Z,2026-04-12T13:42:00Z,2026-04-12T13:42:00Z,-9,-13,110,106,0,-4,3,ISK,HYD,7137,0,ATR,VTIYX,0,0,0,DOM,0,0,0,4,4,1,1,1,0,0,ISK,23,20,0,0,26,29,114,115,11,12,11,1,2026-04-15T20:48:31Z,2026-04-15
80859,1,1199,2026-04-03,0,2026-04-03,,2026-04-03T12:05:00Z,,2026-04-03T11:53:00Z,2026-04-03T13:55:00Z,2026-04-03T13:30:00Z,2026-04-03T13:29:00Z,-12,-26,110,96,0,-14,3,ISK,HYD,7137,0,ATR,VTIRS,0,0,0,DOM,0,0,0,1,4,1,1,1,0,0,ISK,23,20,0,0,26,29,114,115,11,12,11,,2026-04-15T20:48:31Z,2026-04-15
85872,2,1199,2026-04-12,0,2026-04-12,,2026-04-12T12:05:00Z,,2026-04-12T11:56:00Z,2026-04-12T13:55:00Z,2026-04-12T13:42:00Z,2026-04-12T13:42:00Z,-9,-13,110,106,0,-4,3,ISK,HYD,7137,0,ATR,VTIYX,0,0,0,DOM,0,0,0,3,4,1,1,1,0,0,ISK,23,20,0,0,26,29,114,115,11,12,11,,2026-04-15T20:48:31Z,2026-04-15
78812,2,1199,2026-04-04,0,2026-04-04,,2026-04-04T12:05:00Z,,2026-04-04T12:02:00Z,2026-04-04T13:55:00Z,2026-04-04T13:50:00Z,2026-04-04T13:50:00Z,-3,-5,110,108,0,-2,3,ISK,HYD,7137,0,ATR,VTIYX,0,0,0,DOM,0,0,0,1,4,1,1,1,0,0,ISK,23,20,0,0,26,29,,,11,12,12,,2026-04-15T20:48:31Z,2026-04-15
82998,2,1199,2026-04-11,0,2026-04-11,,2026-04-11T12:05:00Z,,2026-04-11T11:57:00Z,2026-04-11T13:55:00Z,2026-04-11T13:39:00Z,2026-04-11T13:38:00Z,-8,-17,110,101,0,-9,3,ISK,HYD,7137,0,ATR,VTIYE,0,0,0,DOM,0,0,0,3,4,1,1,1,0,0,ISK,23,20,0,0,26,29,114,115,11,12,11,,2026-04-15T20:48:31Z,2026-04-15
30009,1,1199,2026-04-05,0,2026-04-05,,2026-04-05T10:25:00Z,,2026-04-05T10:07:00Z,2026-04-05T11:45:00Z,2026-04-05T11:16:00Z,2026-04-05T11:15:00Z,-18,-30,80,68,0,-12,3,AMD,ISK,7115,0,ATR,VTIYG,0,0,0,DOM,0,0,0,1,3,2,2,1,0,0,AMD,33,30,0,0,37,37,72,74,9,10,10,,2026-04-15T20:48:31Z,2026-04-15
30009,1,1199,2026-04-12,0,2026-04-12,,2026-04-12T10:25:00Z,,2026-04-12T10:14:00Z,2026-04-12T11:45:00Z,2026-04-12T11:35:00Z,2026-04-12T11:33:00Z,-11,-12,80,79,0,-1,15,AMD,ISK,7115,0,ATR,VTIYX,0,0,0,DOM,0,0,0,4,3,2,2,1,0,0,AMD,45,30,0,0,37,37,72,74,9,10,10,1,2026-04-15T20:48:31Z,2026-04-15
67038,2,1199,2026-04-13,0,2026-04-13,,2026-04-13T10:25:00Z,,2026-04-13T10:12:00Z,2026-04-13T11:45:00Z,2026-04-13T11:23:00Z,2026-04-13T11:21:00Z,-13,-24,80,69,0,-11,7,AMD,ISK,7115,0,ATR,VTIYO,0,0,0,DOM,0,0,0,5,3,2,2,1,0,0,AMD,37,30,0,0,37,37,72,74,9,10,10,,2026-04-15T20:48:31Z,2026-04-15
37566,1,1199,2026-04-07,0,2026-04-07,,2026-04-07T10:25:00Z,,2026-04-07T10:19:00Z,2026-04-07T11:45:00Z,2026-04-07T11:28:00Z,2026-04-07T11:27:00Z,-6,-18,80,68,0,-12,-3,AMD,ISK,7115,0,ATR,VTIYD,0,0,0,DOM,0,0,0,3,3,2,2,1,0,0,AMD,27,30,0,0,37,37,72,74,9,10,10,,2026-04-15T20:48:31Z,2026-04-15
78812,2,1199,2026-04-14,0,2026-04-14,,2026-04-14T10:25:00Z,,2026-04-14T10:12:00Z,2026-04-14T11:45:00Z,2026-04-14T11:22:00Z,2026-04-14T11:22:00Z,-13,-23,80,70,0,-10,12,AMD,ISK,7115,0,ATR,VTIRO,0,0,0,DOM,0,0,0,5,3,2,2,1,0,0,AMD,42,30,0,0,37,37,72,74,9,10,10,,2026-04-15T20:48:31Z,2026-04-15
49568,1,1199,2026-04-13,0,2026-04-13,,2026-04-13T10:25:00Z,,2026-04-13T10:12:00Z,2026-04-13T11:45:00Z,2026-04-13T11:23:00Z,2026-04-13T11:21:00Z,-13,-24,80,69,0,-11,7,AMD,ISK,7115,0,ATR,VTIYO,0,0,0,DOM,0,0,0,4,3,2,2,1,0,0,AMD,37,30,0,0,37,37,72,74,9,10,10,1,2026-04-15T20:48:31Z,2026-04-15
89626,2,1199,2026-04-07,0,2026-04-07,,2026-04-07T10:25:00Z,,2026-04-07T10:19:00Z,2026-04-07T11:45:00Z,2026-04-07T11:28:00Z,2026-04-07T11:27:00Z,-6,-18,80,68,0,-12,-3,AMD,ISK,7115,0,ATR,VTIYD,0,0,0,DOM,0,0,0,3,3,2,2,1,0,0,AMD,27,30,0,0,37,37,72,74,9,10,10,,2026-04-15T20:48:31Z,2026-04-15
88517,2,1199,2026-04-10,0,2026-04-10,,2026-04-10T10:25:00Z,,2026-04-10T10:14:00Z,2026-04-10T11:45:00Z,2026-04-10T11:27:00Z,2026-04-10T11:28:00Z,-11,-17,80,74,0,-6,3,AMD,ISK,7115,0,ATR,VTIYF,0,0,0,DOM,0,0,0,2,3,2,2,1,0,0,AMD,33,30,0,0,37,37,72,74,9,10,10,,2026-04-15T20:48:31Z,2026-04-15
80859,1,1199,2026-04-03,0,2026-04-03,,2026-04-03T10:25:00Z,,2026-04-03T10:04:00Z,2026-04-03T11:45:00Z,2026-04-03T11:33:00Z,2026-04-03T11:30:00Z,-21,-15,80,86,0,6,6,AMD,ISK,7115,0,ATR,VTIRS,0,0,0,DOM,0,0,0,1,3,2,2,1,0,0,AMD,36,30,0,0,37,37,72,74,9,10,10,,2026-04-15T20:48:31Z,2026-04-15
85872,2,1199,2026-04-12,0,2026-04-12,,2026-04-12T10:25:00Z,,2026-04-12T10:14:00Z,2026-04-12T11:45:00Z,2026-04-12T11:35:00Z,2026-04-12T11:33:00Z,-11,-12,80,79,0,-1,15,AMD,ISK,7115,0,ATR,VTIYX,0,0,0,DOM,0,0,0,3,3,2,2,1,0,0,AMD,45,30,0,0,37,37,72,74,9,10,10,,2026-04-15T20:48:31Z,2026-04-15
78812,2,1199,2026-04-04,0,2026-04-04,,2026-04-04T10:25:00Z,,2026-04-04T10:22:00Z,2026-04-04T11:45:00Z,2026-04-04T11:40:00Z,2026-04-04T11:39:00Z,-3,-6,80,77,0,-3,7,AMD,ISK,7115,0,ATR,VTIYX,0,0,0,DOM,0,0,0,1,3,2,2,1,0,0,AMD,37,30,0,0,37,37,72,74,9,10,10,,2026-04-15T20:48:31Z,2026-04-15
82998,2,1199,2026-04-11,0,2026-04-11,,2026-04-11T10:25:00Z,,2026-04-11T10:09:00Z,2026-04-11T11:45:00Z,2026-04-11T11:32:00Z,2026-04-11T11:34:00Z,-16,-11,80,85,0,5,2,AMD,ISK,7115,0,ATR,VTIYE,0,0,0,DOM,0,0,0,3,3,2,2,1,0,0,AMD,32,30,0,0,37,37,72,74,9,10,10,,2026-04-15T20:48:31Z,2026-04-15
76960,2,1199,2026-04-05,0,2026-04-05,,2026-04-05T10:25:00Z,,2026-04-05T10:07:00Z,2026-04-05T11:45:00Z,2026-04-05T11:16:00Z,2026-04-05T11:15:00Z,-18,-30,80,68,0,-12,3,AMD,ISK,7115,0,ATR,VTIYG,0,0,0,DOM,0,0,0,1,3,2,2,1,0,0,AMD,33,30,0,0,37,37,72,74,9,10,10,,2026-04-15T20:48:31Z,2026-04-15
45594,1,4681,2026-04-11,0,2026-04-11,,2026-04-11T13:55:00Z,,2026-04-11T13:42:00Z,2026-04-11T16:00:00Z,2026-04-11T15:50:00Z,2026-04-11T15:50:00Z,-13,-10,125,128,0,3,-2,BLR,AMD,6595,0,320,VTIAX,1,0,0,DOM,0,0,0,6,3,2,2,1,0,0,BLR,58,60,0,0,138,154,131,131,12,13,13,1,2026-04-15T20:48:31Z,2026-04-15
90906,2,4681,2026-04-13,0,2026-04-13,,2026-04-13T13:55:00Z,,2026-04-13T13:58:00Z,2026-04-13T16:00:00Z,2026-04-13T16:01:00Z,2026-04-13T16:03:00Z,3,3,125,125,0,0,16,BLR,AMD,6595,0,320,VTIIP,1,0,0,DOM,0,0,0,7,3,2,2,1,0,0,BLR,76,60,0,0,138,154,131,131,12,13,13,,2026-04-15T20:48:31Z,2026-04-15
64269,2,4681,2026-04-11,0,2026-04-11,,2026-04-11T13:55:00Z,,2026-04-11T13:42:00Z,2026-04-11T16:00:00Z,2026-04-11T15:50:00Z,2026-04-11T15:50:00Z,-13,-10,125,128,0,3,-2,BLR,AMD,6595,0,320,VTIAX,1,0,0,DOM,0,0,0,2,3,2,2,1,0,0,BLR,58,60,0,0,138,154,131,131,12,13,13,,2026-04-15T20:48:31Z,2026-04-15
23744,1,4681,2026-04-14,0,2026-04-14,,2026-04-14T13:55:00Z,,2026-04-14T13:56:00Z,2026-04-14T16:00:00Z,2026-04-14T16:12:00Z,2026-04-14T16:12:00Z,1,12,125,136,0,11,24,BLR,AMD,6595,0,320,VTIWZ,1,0,0,DOM,0,0,0,4,3,2,2,1,0,0,BLR,84,60,0,0,138,154,131,131,12,13,13,1,2026-04-15T20:48:31Z,2026-04-15
39854,1,3909,2026-04-09,0,2026-04-09,,2026-04-09T18:10:00Z,,2026-04-09T18:12:00Z,2026-04-09T19:25:00Z,2026-04-09T19:26:00Z,2026-04-09T19:25:00Z,2,0,75,73,0,-2,-22,DEL,UDR,6228,0,320,VTIAR,1,0,0,DOM,0,0,0,4,3,2,2,1,0,0,DEL,53,75,0,0,100,109,78,83,17,18,18,1,2026-04-15T20:48:31Z,2026-04-15
64998,2,3909,2026-04-04,0,2026-04-04,,2026-04-04T18:10:00Z,,2026-04-04T18:15:00Z,2026-04-04T19:25:00Z,2026-04-04T19:43:00Z,2026-04-04T19:40:00Z,5,15,75,85,0,10,-19,DEL,UDR,6228,0,320,VTIQI,1,0,0,DOM,0,0,0,1,3,2,2,1,0,0,DEL,56,75,0,0,100,109,78,83,17,18,18,,2026-04-15T20:48:31Z,2026-04-15
38327,1,4681,2026-04-16,0,2026-04-16,,2026-04-16T13:55:00Z,,,2026-04-16T16:00:00Z,2026-04-16T16:05:00Z,,0,5,125,,0,6,78,BLR,AMD,6595,0,320,VTIOH,1,0,0,DOM,0,0,0,7,3,2,2,1,0,0,BLR,0,60,0,0,138,154,131,131,12,13,13,,2026-04-15T20:48:31Z,2026-04-15
65977,1,1199,2026-04-16,0,2026-04-16,,2026-04-16T10:25:00Z,,,2026-04-16T11:45:00Z,2026-04-16T11:40:00Z,,0,-5,80,,0,-8,30,AMD,ISK,7115,0,ATR,VTIRS,1,0,0,DOM,0,0,0,4,3,2,2,1,0,0,AMD,0,30,0,0,60,60,72,74,9,10,10,,2026-04-15T20:48:31Z,2026-04-15
80210,2,1199,2026-04-16,0,2026-04-16,,2026-04-16T10:25:00Z,,,2026-04-16T11:45:00Z,2026-04-16T11:40:00Z,,0,-5,80,,0,-8,30,AMD,ISK,7115,0,ATR,VTIRS,1,0,0,DOM,0,0,0,6,3,2,2,1,0,0,AMD,0,30,0,0,60,60,72,74,9,10,10,,2026-04-15T20:48:31Z,2026-04-15
35925,1,4681,2026-04-06,0,2026-04-06,,2026-04-06T11:00:00Z,,2026-04-06T11:03:00Z,2026-04-06T12:55:00Z,2026-04-06T12:49:00Z,2026-04-06T12:57:00Z,3,2,115,114,0,-1,-1,BOM,BLR,5217,0,321,VTIWT,0,0,1,DOM,0,0,0,3,2,3,3,1,0,0,BOM,44,45,0,0,67,67,113,113,10,11,11,,2026-04-15T20:48:31Z,2026-04-15
78919,2,4681,2026-04-06,0,2026-04-06,,2026-04-06T11:00:00Z,,2026-04-06T11:03:00Z,2026-04-06T12:55:00Z,2026-04-06T12:49:00Z,2026-04-06T12:57:00Z,3,2,115,114,0,-1,-1,BOM,BLR,5217,0,321,VTIWT,0,0,1,DOM,0,0,0,3,2,3,3,1,0,0,BOM,44,45,0,0,67,67,113,113,10,11,11,,2026-04-15T20:48:31Z,2026-04-15
64269,2,4681,2026-04-11,0,2026-04-11,,2026-04-11T11:00:00Z,,2026-04-11T11:08:00Z,2026-04-11T12:55:00Z,2026-04-11T12:46:00Z,2026-04-11T12:44:00Z,8,-11,115,96,0,-19,9,BOM,BLR,5217,0,321,VTNCX,0,0,1,DOM,0,0,0,2,2,3,3,1,0,0,BOM,54,45,0,0,67,67,113,113,10,11,11,,2026-04-15T20:48:31Z,2026-04-15
23744,1,4681,2026-04-14,0,2026-04-14,,2026-04-14T11:00:00Z,,2026-04-14T10:55:00Z,2026-04-14T12:55:00Z,2026-04-14T12:33:00Z,2026-04-14T12:32:00Z,-5,-23,115,97,0,-18,7,BOM,BLR,5217,0,321,VTNOA,0,0,1,DOM,0,0,0,4,2,3,3,1,0,0,BOM,52,45,0,0,67,67,109,112,10,11,10,1,2026-04-15T20:48:31Z,2026-04-15
90906,2,4681,2026-04-13,0,2026-04-13,,2026-04-13T11:00:00Z,,2026-04-13T10:47:00Z,2026-04-13T12:55:00Z,2026-04-13T12:33:00Z,2026-04-13T12:42:00Z,-13,-13,115,115,0,0,-6,BOM,BLR,5217,0,321,VTNCF,0,0,1,DOM,0,0,0,7,2,3,3,1,0,0,BOM,39,45,0,0,67,67,109,112,10,11,10,,2026-04-15T20:48:31Z,2026-04-15
45594,1,4681,2026-04-11,0,2026-04-11,,2026-04-11T11:00:00Z,,2026-04-11T11:08:00Z,2026-04-11T12:55:00Z,2026-04-11T12:46:00Z,2026-04-11T12:44:00Z,8,-11,115,96,0,-19,9,BOM,BLR,5217,0,321,VTNCX,0,0,1,DOM,0,0,0,6,2,3,3,1,0,0,BOM,54,45,0,0,67,67,113,113,10,11,11,1,2026-04-15T20:48:31Z,2026-04-15
38327,1,4681,2026-04-16,0,2026-04-16,,2026-04-16T11:00:00Z,,,2026-04-16T12:55:00Z,2026-04-16T12:40:00Z,,0,-15,115,,0,-2,22,BOM,BLR,5217,0,321,VTNHO,0,0,1,DOM,0,0,0,7,2,3,3,1,0,0,BOM,0,45,0,0,67,67,113,113,10,11,11,,2026-04-15T20:48:31Z,2026-04-15
65977,1,1199,2026-04-16,0,2026-04-16,,2026-04-16T08:45:00Z,,,2026-04-16T09:55:00Z,2026-04-16T09:55:00Z,,0,0,70,,0,-7,-3,IDR,AMD,7174,0,ATR,VTIYY,0,0,0,DOM,0,0,0,4,2,3,3,1,0,0,IDR,0,35,0,0,32,35,63,63,8,8,8,,2026-04-15T20:48:31Z,2026-04-15
80210,2,1199,2026-04-16,0,2026-04-16,,2026-04-16T08:45:00Z,,,2026-04-16T09:55:00Z,2026-04-16T09:55:00Z,,0,0,70,,0,-7,-3,IDR,AMD,7174,0,ATR,VTIYY,0,0,0,DOM,0,0,0,6,2,3,3,1,0,0,IDR,0,35,0,0,32,35,63,63,8,8,8,,2026-04-15T20:48:31Z,2026-04-15
30009,1,1199,2026-04-12,0,2026-04-12,,2026-04-12T08:45:00Z,,2026-04-12T08:27:00Z,2026-04-12T09:55:00Z,2026-04-12T09:28:00Z,2026-04-12T09:29:00Z,-18,-26,70,62,0,-8,13,IDR,AMD,7174,0,ATR,VTIYX,0,0,0,DOM,0,0,0,4,2,3,3,1,0,0,IDR,48,35,0,0,44,48,63,63,7,8,8,1,2026-04-15T20:48:31Z,2026-04-15
67038,2,1199,2026-04-13,0,2026-04-13,,2026-04-13T08:45:00Z,,2026-04-13T08:33:00Z,2026-04-13T09:55:00Z,2026-04-13T09:36:00Z,2026-04-13T09:35:00Z,-12,-20,70,62,0,-8,5,IDR,AMD,7174,0,ATR,VTIYO,0,0,0,DOM,0,0,0,5,2,3,3,1,0,0,IDR,40,35,0,0,44,48,63,63,7,8,8,,2026-04-15T20:48:31Z,2026-04-15
37566,1,1199,2026-04-07,0,2026-04-07,,2026-04-07T08:45:00Z,,2026-04-07T08:38:00Z,2026-04-07T09:55:00Z,2026-04-07T09:50:00Z,2026-04-07T09:52:00Z,-7,-3,70,74,0,4,-7,IDR,AMD,7174,0,ATR,VTIYD,0,0,0,DOM,0,0,0,3,2,3,3,1,0,0,IDR,28,35,0,0,32,35,63,63,8,8,8,,2026-04-15T20:48:31Z,2026-04-15
78812,2,1199,2026-04-14,0,2026-04-14,,2026-04-14T08:45:00Z,,2026-04-14T08:30:00Z,2026-04-14T09:55:00Z,2026-04-14T09:30:00Z,2026-04-14T09:30:00Z,-15,-25,70,60,0,-10,19,IDR,AMD,7174,0,ATR,VTIRO,0,0,0,DOM,0,0,0,5,2,3,3,1,0,0,IDR,54,35,0,0,44,48,63,63,7,8,8,,2026-04-15T20:48:31Z,2026-04-15
49568,1,1199,2026-04-13,0,2026-04-13,,2026-04-13T08:45:00Z,,2026-04-13T08:33:00Z,2026-04-13T09:55:00Z,2026-04-13T09:36:00Z,2026-04-13T09:35:00Z,-12,-20,70,62,0,-8,5,IDR,AMD,7174,0,ATR,VTIYO,0,0,0,DOM,0,0,0,4,2,3,3,1,0,0,IDR,40,35,0,0,44,48,63,63,7,8,8,1,2026-04-15T20:48:31Z,2026-04-15
89626,2,1199,2026-04-07,0,2026-04-07,,2026-04-07T08:45:00Z,,2026-04-07T08:38:00Z,2026-04-07T09:55:00Z,2026-04-07T09:50:00Z,2026-04-07T09:52:00Z,-7,-3,70,74,0,4,-7,IDR,AMD,7174,0,ATR,VTIYD,0,0,0,DOM,0,0,0,3,2,3,3,1,0,0,IDR,28,35,0,0,32,35,63,63,8,8,8,,2026-04-15T20:48:31Z,2026-04-15
88517,2,1199,2026-04-10,0,2026-04-10,,2026-04-10T08:45:00Z,,2026-04-10T08:28:00Z,2026-04-10T09:55:00Z,2026-04-10T09:41:00Z,2026-04-10T09:41:00Z,-17,-14,70,73,0,3,-7,IDR,AMD,7174,0,ATR,VTIYF,0,0,0,DOM,0,0,0,2,2,3,3,1,0,0,IDR,28,35,0,0,32,35,63,63,8,8,8,,2026-04-15T20:48:31Z,2026-04-15
85872,2,1199,2026-04-12,0,2026-04-12,,2026-04-12T08:45:00Z,,2026-04-12T08:27:00Z,2026-04-12T09:55:00Z,2026-04-12T09:28:00Z,2026-04-12T09:29:00Z,-18,-26,70,62,0,-8,13,IDR,AMD,7174,0,ATR,VTIYX,0,0,0,DOM,0,0,0,3,2,3,3,1,0,0,IDR,48,35,0,0,44,48,63,63,7,8,8,,2026-04-15T20:48:31Z,2026-04-15
82998,2,1199,2026-04-11,0,2026-04-11,,2026-04-11T08:45:00Z,,2026-04-11T08:28:00Z,2026-04-11T09:55:00Z,2026-04-11T09:37:00Z,2026-04-11T09:37:00Z,-17,-18,70,69,0,-1,6,IDR,AMD,7174,0,ATR,VTIYE,0,0,0,DOM,0,0,0,3,2,3,3,1,0,0,IDR,41,35,0,0,44,48,63,63,7,8,8,,2026-04-15T20:48:31Z,2026-04-15
30009,1,1199,2026-04-05,0,2026-04-05,,2026-04-05T08:45:00Z,,2026-04-05T08:31:00Z,2026-04-05T09:55:00Z,2026-04-05T09:34:00Z,2026-04-05T09:34:00Z,-14,-21,70,63,0,-7,6,IDR,AMD,7174,0,ATR,VTIYG,0,0,0,DOM,0,0,0,1,2,3,3,1,0,0,IDR,41,35,0,0,44,48,63,63,7,8,8,,2026-04-15T20:48:31Z,2026-04-15
80859,1,1199,2026-04-03,0,2026-04-03,,2026-04-03T08:45:00Z,,2026-04-03T08:27:00Z,2026-04-03T09:55:00Z,2026-04-03T09:28:00Z,2026-04-03T09:28:00Z,-18,-27,70,61,0,-9,-8,IDR,AMD,7174,0,ATR,VTIRS,0,0,0,DOM,0,0,0,1,2,3,3,1,0,0,IDR,27,35,0,0,32,35,63,63,8,8,8,,2026-04-15T20:48:31Z,2026-04-15
78812,2,1199,2026-04-04,0,2026-04-04,,2026-04-04T08:45:00Z,,2026-04-04T08:43:00Z,2026-04-04T09:55:00Z,2026-04-04T09:44:00Z,2026-04-04T09:45:00Z,-2,-10,70,62,0,-8,5,IDR,AMD,7174,0,ATR,VTIYX,0,0,0,DOM,0,0,0,1,2,3,3,1,0,0,IDR,40,35,0,0,32,35,63,63,8,8,8,,2026-04-15T20:48:31Z,2026-04-15
76960,2,1199,2026-04-05,0,2026-04-05,,2026-04-05T08:45:00Z,,2026-04-05T08:31:00Z,2026-04-05T09:55:00Z,2026-04-05T09:34:00Z,2026-04-05T09:34:00Z,-14,-21,70,63,0,-7,6,IDR,AMD,7174,0,ATR,VTIYG,0,0,0,DOM,0,0,0,1,2,3,3,1,0,0,IDR,41,35,0,0,44,48,63,63,7,8,8,,2026-04-15T20:48:31Z,2026-04-15
71977,2,1199,2026-04-09,0,2026-04-10,,2026-04-10T17:30:00Z,,2026-04-10T17:43:00Z,2026-04-10T18:40:00Z,2026-04-10T18:58:00Z,2026-04-10T18:58:00Z,13,18,70,75,0,5,0,ISK,AMD,7219,0,ATR,VTIRE,0,0,0,DOM,0,0,0,5,2,3,3,1,0,0,ISK,20,20,0,0,21,21,81,81,17,17,17,,2026-04-15T20:48:31Z,2026-04-15
56827,1,1199,2026-04-09,0,2026-04-10,,2026-04-10T17:30:00Z,,2026-04-10T17:43:00Z,2026-04-10T18:40:00Z,2026-04-10T18:58:00Z,2026-04-10T18:58:00Z,13,18,70,75,0,5,0,ISK,AMD,7219,0,ATR,VTIRE,0,0,0,DOM,0,0,0,5,2,3,3,1,0,0,ISK,20,20,0,0,21,21,81,81,17,17,17,1,2026-04-15T20:48:31Z,2026-04-15
13462,1,3909,2026-04-14,0,2026-04-14,,2026-04-14T14:40:00Z,,2026-04-14T14:49:00Z,2026-04-14T16:55:00Z,2026-04-14T17:07:00Z,2026-04-14T17:27:00Z,9,32,135,158,0,23,18,HYD,DEL,711,0,321,VTNCP,0,0,0,DOM,0,0,0,5,2,1,1,1,0,0,HYD,58,40,0,0,52,57,150,150,13,14,14,1,2026-04-15T20:48:31Z,2026-04-15
14318,1,F9271,2026-04-05,0,2026-04-05,,2026-04-06T04:05:00Z,,2026-04-06T03:55:00Z,2026-04-06T06:30:00Z,2026-04-06T06:08:00Z,2026-04-06T06:08:00Z,-10,-22,145,133,0,-12,9,CCU,DEL,9271,0,321,VTIKW,1,0,1,DOM,0,0,0,1,2,1,1,1,0,0,CCU,249,240,0,0,60,60,,,23,4,3,,2026-04-15T20:48:31Z,2026-04-15
38323,1,F9271,2026-04-03,0,2026-04-03,,2026-04-04T02:05:00Z,,2026-04-04T02:20:00Z,2026-04-04T04:30:00Z,2026-04-04T04:37:00Z,2026-04-04T04:37:00Z,15,7,145,137,0,-8,9,CCU,DEL,9271,0,321,VTIKW,1,0,1,DOM,0,0,0,1,2,1,1,1,0,0,CCU,129,120,0,0,,,151,152,0,2,2,,2026-04-15T20:48:31Z,2026-04-15
56827,1,1199,2026-04-09,0,2026-04-09,,2026-04-09T12:05:00Z,,2026-04-09T11:48:00Z,2026-04-09T13:55:00Z,2026-04-09T13:43:00Z,2026-04-09T13:43:00Z,-17,-12,110,115,0,5,-1,ISK,HYD,7137,0,ATR,VTIRK,0,0,0,DOM,0,0,0,4,2,1,1,1,0,0,ISK,19,20,0,0,26,29,114,115,11,12,11,1,2026-04-15T20:48:31Z,2026-04-15
71977,2,1199,2026-04-09,0,2026-04-09,,2026-04-09T12:05:00Z,,2026-04-09T11:48:00Z,2026-04-09T13:55:00Z,2026-04-09T13:43:00Z,2026-04-09T13:43:00Z,-17,-12,110,115,0,5,-1,ISK,HYD,7137,0,ATR,VTIRK,0,0,0,DOM,0,0,0,4,2,1,1,1,0,0,ISK,19,20,0,0,26,29,114,115,11,12,11,,2026-04-15T20:48:31Z,2026-04-15
76960,2,1199,2026-04-05,0,2026-04-06,,2026-04-06T21:10:00Z,2026-04-06T21:20:00Z,2026-04-06T21:18:00Z,2026-04-06T22:35:00Z,2026-04-06T22:51:00Z,2026-04-06T22:54:00Z,8,19,85,96,0,11,-5,NMI,AMD,7017,0,ATR,VTIYJ,0,0,0,DOM,0,0,0,2,4,1,1,1,0,0,NMI,25,30,0,0,60,60,96,102,20,21,21,,2026-04-15T19:01:32Z,2026-04-15
85872,2,1199,2026-04-12,0,2026-04-13,,2026-04-13T21:10:00Z,2026-04-13T21:20:00Z,2026-04-13T21:17:00Z,2026-04-13T22:35:00Z,2026-04-13T22:48:00Z,2026-04-13T22:50:00Z,7,15,85,93,0,8,-8,NMI,AMD,7017,0,ATR,VTIRO,0,0,0,DOM,0,0,0,4,4,1,1,1,0,0,NMI,22,30,0,0,60,60,96,102,20,21,21,,2026-04-15T19:01:32Z,2026-04-15
30009,1,1199,2026-04-12,0,2026-04-13,,2026-04-13T21:10:00Z,2026-04-13T21:20:00Z,2026-04-13T21:17:00Z,2026-04-13T22:35:00Z,2026-04-13T22:48:00Z,2026-04-13T22:50:00Z,7,15,85,93,0,8,-8,NMI,AMD,7017,0,ATR,VTIRO,0,0,0,DOM,0,0,0,5,4,1,1,1,0,0,NMI,22,30,0,0,60,60,96,102,20,21,21,1,2026-04-15T19:01:32Z,2026-04-15
30009,1,1199,2026-04-05,0,2026-04-06,,2026-04-06T21:10:00Z,2026-04-06T21:20:00Z,2026-04-06T21:18:00Z,2026-04-06T22:35:00Z,2026-04-06T22:51:00Z,2026-04-06T22:54:00Z,8,19,85,96,0,11,-5,NMI,AMD,7017,0,ATR,VTIYJ,0,0,0,DOM,0,0,0,2,4,1,1,1,0,0,NMI,25,30,0,0,60,60,96,102,20,21,21,,2026-04-15T19:01:32Z,2026-04-15
88517,2,1199,2026-04-10,0,2026-04-11,,2026-04-11T21:10:00Z,2026-04-11T22:50:00Z,2026-04-11T22:51:00Z,2026-04-11T22:35:00Z,2026-04-12T00:28:00Z,2026-04-12T00:35:00Z,101,120,85,104,0,19,2,NMI,AMD,7017,0,ATR,VTIYO,0,0,0,DOM,0,0,0,3,4,1,1,1,0,0,NMI,32,30,0,0,60,60,104,104,22,21,22,,2026-04-15T19:01:32Z,2026-04-15
71977,2,1199,2026-04-09,0,2026-04-10,,2026-04-10T21:10:00Z,2026-04-10T21:45:00Z,2026-04-10T21:39:00Z,2026-04-10T22:35:00Z,2026-04-10T23:16:00Z,2026-04-10T23:21:00Z,29,46,85,102,0,17,-7,NMI,AMD,7017,0,ATR,VTIRE,0,0,0,DOM,0,0,0,5,4,1,1,1,0,0,NMI,23,30,0,0,28,28,96,102,21,21,21,,2026-04-15T19:01:32Z,2026-04-15
49568,1,1199,2026-04-13,0,2026-04-14,,2026-04-14T21:10:00Z,2026-04-14T21:40:00Z,2026-04-14T21:37:00Z,2026-04-14T22:35:00Z,2026-04-14T23:09:00Z,2026-04-14T23:08:00Z,27,33,85,91,0,6,0,NMI,AMD,7017,0,ATR,VTIYO,0,0,0,DOM,0,0,0,5,4,1,1,1,0,0,NMI,30,30,0,0,28,28,96,102,21,21,21,1,2026-04-15T19:01:32Z,2026-04-15
78812,2,1199,2026-04-04,0,2026-04-05,,2026-04-05T21:10:00Z,2026-04-05T22:00:00Z,2026-04-05T22:01:00Z,2026-04-05T22:35:00Z,2026-04-05T23:37:00Z,2026-04-05T23:48:00Z,51,73,85,107,0,22,1,NMI,AMD,7017,0,ATR,VTIYJ,0,0,0,DOM,0,0,0,2,4,1,1,1,0,0,NMI,31,30,0,0,28,28,104,104,21,21,22,,2026-04-15T19:01:32Z,2026-04-15
80859,1,1199,2026-04-03,0,2026-04-04,,2026-04-04T21:10:00Z,2026-04-04T22:00:00Z,2026-04-04T22:13:00Z,2026-04-04T22:35:00Z,2026-04-04T23:44:00Z,2026-04-04T23:43:00Z,63,68,85,90,0,5,27,NMI,AMD,7017,0,ATR,VTIYG,0,0,0,DOM,0,0,0,2,4,1,1,1,0,0,NMI,57,30,0,0,28,28,104,104,21,21,22,,2026-04-15T19:01:32Z,2026-04-15
89626,2,1199,2026-04-07,0,2026-04-08,,2026-04-08T21:10:00Z,2026-04-08T21:55:00Z,2026-04-08T21:47:00Z,2026-04-08T22:35:00Z,2026-04-08T23:32:00Z,2026-04-08T23:35:00Z,37,60,85,108,0,23,-9,NMI,AMD,7017,0,ATR,VTIYE,0,0,0,DOM,0,0,0,4,4,1,1,1,0,0,NMI,21,30,0,0,28,28,96,102,21,21,21,,2026-04-15T19:01:32Z,2026-04-15
56827,1,1199,2026-04-09,0,2026-04-10,,2026-04-10T21:10:00Z,2026-04-10T21:45:00Z,2026-04-10T21:39:00Z,2026-04-10T22:35:00Z,2026-04-10T23:16:00Z,2026-04-10T23:21:00Z,29,46,85,102,0,17,-7,NMI,AMD,7017,0,ATR,VTIRE,0,0,0,DOM,0,0,0,5,4,1,1,1,0,0,NMI,23,30,0,0,28,28,96,102,21,21,21,1,2026-04-15T19:01:32Z,2026-04-15
37566,1,1199,2026-04-07,0,2026-04-08,,2026-04-08T21:10:00Z,2026-04-08T21:55:00Z,2026-04-08T21:47:00Z,2026-04-08T22:35:00Z,2026-04-08T23:32:00Z,2026-04-08T23:35:00Z,37,60,85,108,0,23,-9,NMI,AMD,7017,0,ATR,VTIYE,0,0,0,DOM,0,0,0,4,4,1,1,1,0,0,NMI,21,30,0,0,28,28,96,102,21,21,21,1,2026-04-15T19:01:32Z,2026-04-15
82998,2,1199,2026-04-11,0,2026-04-12,,2026-04-12T21:10:00Z,2026-04-12T21:40:00Z,2026-04-12T21:31:00Z,2026-04-12T22:35:00Z,2026-04-12T23:07:00Z,2026-04-12T23:07:00Z,21,32,85,96,0,11,-2,NMI,AMD,7017,0,ATR,VTIRQ,0,0,0,DOM,0,0,0,4,4,1,1,1,0,0,NMI,28,30,0,0,28,28,96,102,21,21,21,,2026-04-15T19:01:32Z,2026-04-15
67038,2,1199,2026-04-13,0,2026-04-14,,2026-04-14T21:10:00Z,2026-04-14T21:40:00Z,2026-04-14T21:37:00Z,2026-04-14T22:35:00Z,2026-04-14T23:09:00Z,2026-04-14T23:08:00Z,27,33,85,91,0,6,0,NMI,AMD,7017,0,ATR,VTIYO,0,0,0,DOM,0,0,0,6,4,1,1,1,0,0,NMI,30,30,0,0,28,28,96,102,21,21,21,,2026-04-15T19:01:32Z,2026-04-15
78812,2,1199,2026-04-04,0,2026-04-05,,2026-04-05T19:10:00Z,2026-04-05T19:55:00Z,2026-04-05T19:49:00Z,2026-04-05T20:40:00Z,2026-04-05T21:32:00Z,2026-04-05T21:30:00Z,39,50,90,101,0,11,-5,AMD,NMI,7018,0,ATR,VTIYJ,0,0,0,DOM,0,0,0,2,3,2,2,1,0,0,AMD,25,30,0,0,32,34,103,103,19,19,19,,2026-04-15T19:01:32Z,2026-04-15
80859,1,1199,2026-04-03,0,2026-04-04,,2026-04-04T19:10:00Z,2026-04-04T19:55:00Z,2026-04-04T19:34:00Z,2026-04-04T20:40:00Z,2026-04-04T21:18:00Z,2026-04-04T21:16:00Z,24,36,90,102,0,12,3,AMD,NMI,7018,0,ATR,VTIYG,0,0,0,DOM,0,0,0,2,3,2,2,1,0,0,AMD,33,30,0,0,32,34,103,103,19,19,19,,2026-04-15T19:01:32Z,2026-04-15
89626,2,1199,2026-04-07,0,2026-04-08,,2026-04-08T19:10:00Z,2026-04-08T19:45:00Z,2026-04-08T19:40:00Z,2026-04-08T20:40:00Z,2026-04-08T21:24:00Z,2026-04-08T21:26:00Z,30,46,90,106,0,16,-8,AMD,NMI,7018,0,ATR,VTIYE,0,0,0,DOM,0,0,0,4,3,2,2,1,0,0,AMD,22,30,0,0,32,34,103,103,19,19,19,,2026-04-15T19:01:32Z,2026-04-15
37566,1,1199,2026-04-07,0,2026-04-08,,2026-04-08T19:10:00Z,2026-04-08T19:45:00Z,2026-04-08T19:40:00Z,2026-04-08T20:40:00Z,2026-04-08T21:24:00Z,2026-04-08T21:26:00Z,30,46,90,106,0,16,-8,AMD,NMI,7018,0,ATR,VTIYE,0,0,0,DOM,0,0,0,4,3,2,2,1,0,0,AMD,22,30,0,0,32,34,103,103,19,19,19,1,2026-04-15T19:01:32Z,2026-04-15
82998,2,1199,2026-04-11,0,2026-04-12,,2026-04-12T19:10:00Z,2026-04-12T19:30:00Z,2026-04-12T19:31:00Z,2026-04-12T20:40:00Z,2026-04-12T21:06:00Z,2026-04-12T21:03:00Z,21,23,90,92,0,2,-4,AMD,NMI,7018,0,ATR,VTIRQ,0,0,0,DOM,0,0,0,4,3,2,2,1,0,0,AMD,26,30,0,0,32,34,103,103,19,19,19,,2026-04-15T19:01:32Z,2026-04-15
88517,2,1199,2026-04-10,0,2026-04-11,,2026-04-11T19:10:00Z,2026-04-11T20:10:00Z,2026-04-11T20:07:00Z,2026-04-11T20:40:00Z,2026-04-11T22:21:00Z,2026-04-11T22:19:00Z,57,99,90,132,0,42,0,AMD,NMI,7018,0,ATR,VTIYO,0,0,0,DOM,0,0,0,3,3,2,2,1,0,0,AMD,30,30,0,0,32,34,132,132,19,19,20,,2026-04-15T19:01:32Z,2026-04-15
71977,2,1199,2026-04-09,0,2026-04-10,,2026-04-10T19:10:00Z,2026-04-10T19:30:00Z,2026-04-10T19:33:00Z,2026-04-10T20:40:00Z,2026-04-10T21:16:00Z,2026-04-10T21:16:00Z,23,36,90,103,0,13,5,AMD,NMI,7018,0,ATR,VTIRE,0,0,0,DOM,0,0,0,5,3,2,2,1,0,0,AMD,35,30,0,0,27,27,103,103,18,19,19,,2026-04-15T19:01:32Z,2026-04-15
49568,1,1199,2026-04-13,0,2026-04-14,,2026-04-14T19:10:00Z,2026-04-14T19:25:00Z,2026-04-14T19:23:00Z,2026-04-14T20:40:00Z,2026-04-14T21:08:00Z,2026-04-14T21:07:00Z,13,27,90,104,0,14,-3,AMD,NMI,7018,0,ATR,VTIYO,0,0,0,DOM,0,0,0,5,3,2,2,1,0,0,AMD,27,30,0,0,27,27,103,103,18,19,19,1,2026-04-15T19:01:32Z,2026-04-15
76960,2,1199,2026-04-05,0,2026-04-06,,2026-04-06T19:10:00Z,2026-04-06T19:25:00Z,2026-04-06T19:11:00Z,2026-04-06T20:40:00Z,2026-04-06T20:54:00Z,2026-04-06T20:53:00Z,1,13,90,102,0,12,-7,AMD,NMI,7018,0,ATR,VTIYJ,0,0,0,DOM,0,0,0,2,3,2,2,1,0,0,AMD,23,30,0,0,27,27,103,103,18,19,19,,2026-04-15T19:01:32Z,2026-04-15
56827,1,1199,2026-04-09,0,2026-04-10,,2026-04-10T19:10:00Z,2026-04-10T19:30:00Z,2026-04-10T19:33:00Z,2026-04-10T20:40:00Z,2026-04-10T21:16:00Z,2026-04-10T21:16:00Z,23,36,90,103,0,13,5,AMD,NMI,7018,0,ATR,VTIRE,0,0,0,DOM,0,0,0,5,3,2,2,1,0,0,AMD,35,30,0,0,27,27,103,103,18,19,19,1,2026-04-15T19:01:32Z,2026-04-15
85872,2,1199,2026-04-12,0,2026-04-13,,2026-04-13T19:10:00Z,2026-04-13T19:20:00Z,2026-04-13T19:13:00Z,2026-04-13T20:40:00Z,2026-04-13T20:51:00Z,2026-04-13T20:55:00Z,3,15,90,102,0,12,-4,AMD,NMI,7018,0,ATR,VTIRO,0,0,0,DOM,0,0,0,4,3,2,2,1,0,0,AMD,26,30,0,0,27,27,103,103,18,19,19,,2026-04-15T19:01:32Z,2026-04-15
30009,1,1199,2026-04-12,0,2026-04-13,,2026-04-13T19:10:00Z,2026-04-13T19:20:00Z,2026-04-13T19:13:00Z,2026-04-13T20:40:00Z,2026-04-13T20:51:00Z,2026-04-13T20:55:00Z,3,15,90,102,0,12,-4,AMD,NMI,7018,0,ATR,VTIRO,0,0,0,DOM,0,0,0,5,3,2,2,1,0,0,AMD,26,30,0,0,27,27,103,103,18,19,19,1,2026-04-15T19:01:32Z,2026-04-15
30009,1,1199,2026-04-05,0,2026-04-06,,2026-04-06T19:10:00Z,2026-04-06T19:25:00Z,2026-04-06T19:11:00Z,2026-04-06T20:40:00Z,2026-04-06T20:54:00Z,2026-04-06T20:53:00Z,1,13,90,102,0,12,-7,AMD,NMI,7018,0,ATR,VTIYJ,0,0,0,DOM,0,0,0,2,3,2,2,1,0,0,AMD,23,30,0,0,27,27,103,103,18,19,19,,2026-04-15T19:01:32Z,2026-04-15
67038,2,1199,2026-04-13,0,2026-04-14,,2026-04-14T19:10:00Z,2026-04-14T19:25:00Z,2026-04-14T19:23:00Z,2026-04-14T20:40:00Z,2026-04-14T21:08:00Z,2026-04-14T21:07:00Z,13,27,90,104,0,14,-3,AMD,NMI,7018,0,ATR,VTIYO,0,0,0,DOM,0,0,0,6,3,2,2,1,0,0,AMD,27,30,0,0,27,27,103,103,18,19,19,,2026-04-15T19:01:32Z,2026-04-15
39854,1,3909,2026-04-09,0,2026-04-09,,2026-04-09T14:40:00Z,2026-04-09T14:55:00Z,2026-04-09T14:56:00Z,2026-04-09T16:55:00Z,2026-04-09T17:16:00Z,2026-04-09T17:19:00Z,16,24,135,143,0,8,3,HYD,DEL,711,0,321,VTNCD,0,0,0,DOM,0,0,0,4,2,3,3,1,0,0,HYD,43,40,0,0,53,54,150,150,14,14,14,1,2026-04-15T19:01:32Z,2026-04-15
62973,2,3909,2026-04-07,0,2026-04-07,,2026-04-07T14:40:00Z,2026-04-07T15:10:00Z,2026-04-07T15:06:00Z,2026-04-07T16:55:00Z,2026-04-07T17:39:00Z,2026-04-07T17:44:00Z,26,49,135,158,0,23,1,HYD,DEL,711,0,321,VTNCW,0,0,0,DOM,0,0,0,3,2,3,3,1,0,0,HYD,41,40,0,0,53,54,169,169,14,14,15,,2026-04-15T19:01:32Z,2026-04-15
64998,2,3909,2026-04-04,0,2026-04-04,,2026-04-04T14:40:00Z,2026-04-04T15:00:00Z,2026-04-04T15:05:00Z,2026-04-04T16:55:00Z,2026-04-04T17:15:00Z,2026-04-04T17:19:00Z,25,24,135,134,0,-1,2,HYD,DEL,711,0,321,VTICM,0,0,0,DOM,0,0,0,1,2,3,3,1,0,0,HYD,42,40,0,0,53,54,169,169,14,14,15,,2026-04-15T19:01:32Z,2026-04-15
69116,2,3909,2026-04-12,0,2026-04-12,,2026-04-12T14:40:00Z,2026-04-12T15:00:00Z,2026-04-12T14:53:00Z,2026-04-12T16:55:00Z,2026-04-12T17:08:00Z,2026-04-12T17:11:00Z,13,16,135,138,0,3,12,HYD,DEL,711,0,321,VTNHE,0,0,0,DOM,0,0,0,5,2,3,3,1,0,0,HYD,52,40,0,0,53,54,150,150,14,14,14,,2026-04-15T19:01:32Z,2026-04-15
22452,1,3909,2026-04-11,0,2026-04-11,,2026-04-11T14:40:00Z,2026-04-11T14:55:00Z,2026-04-11T14:53:00Z,2026-04-11T16:55:00Z,2026-04-11T17:07:00Z,2026-04-11T17:15:00Z,13,20,135,142,0,7,16,HYD,DEL,711,0,321,VTICH,0,0,0,DOM,0,0,0,4,2,3,3,1,0,0,HYD,56,40,0,0,52,57,150,150,13,14,14,1,2026-04-15T19:01:32Z,2026-04-15
43904,2,3909,2026-04-15,0,2026-04-15,,2026-04-15T14:40:00Z,2026-04-15T14:55:00Z,2026-04-15T15:07:00Z,2026-04-15T16:55:00Z,2026-04-15T17:21:00Z,2026-04-15T17:23:00Z,27,28,135,136,0,1,13,HYD,DEL,711,0,321,VTIWS,0,0,0,DOM,0,0,0,7,2,1,1,1,0,0,HYD,53,40,0,0,53,54,169,169,14,14,15,,2026-04-15T19:01:32Z,2026-04-15
15088,1,3909,2026-04-03,0,2026-04-03,,2026-04-03T14:40:00Z,2026-04-03T15:00:00Z,2026-04-03T14:58:00Z,2026-04-03T16:55:00Z,2026-04-03T17:04:00Z,2026-04-03T17:07:00Z,18,12,135,129,0,-6,-1,HYD,DEL,711,0,321,VTNCW,0,0,0,DOM,0,0,0,1,2,1,1,1,0,0,HYD,39,40,0,0,53,54,150,150,14,14,14,,2026-04-15T19:01:32Z,2026-04-15
18381,1,3909,2026-04-10,0,2026-04-10,,2026-04-10T14:40:00Z,2026-04-10T15:05:00Z,2026-04-10T15:22:00Z,2026-04-10T16:55:00Z,2026-04-10T17:51:00Z,2026-04-10T17:56:00Z,42,61,135,154,0,19,14,HYD,DEL,711,0,321,VTNHC,0,0,0,DOM,0,0,0,5,2,1,1,1,0,0,HYD,54,40,0,0,53,54,169,169,14,14,15,1,2026-04-15T19:01:32Z,2026-04-15
18481,1,3909,2026-04-15,0,2026-04-15,,2026-04-15T14:40:00Z,2026-04-15T14:55:00Z,2026-04-15T15:07:00Z,2026-04-15T16:55:00Z,2026-04-15T17:21:00Z,2026-04-15T17:23:00Z,27,28,135,136,0,1,13,HYD,DEL,711,0,321,VTIWS,0,0,0,DOM,0,0,0,9,2,1,1,1,0,0,HYD,53,40,0,0,53,54,169,169,14,14,15,1,2026-04-15T19:01:32Z,2026-04-15
21516,1,3909,2026-04-05,0,2026-04-05,,2026-04-05T14:40:00Z,2026-04-05T14:55:00Z,2026-04-05T15:08:00Z,2026-04-05T16:55:00Z,2026-04-05T17:36:00Z,2026-04-05T17:41:00Z,28,46,135,153,0,18,20,HYD,DEL,711,0,321,VTNCZ,0,0,0,DOM,0,0,0,3,2,1,1,1,0,0,HYD,60,40,0,0,53,54,169,169,14,14,15,,2026-04-15T19:01:32Z,2026-04-15
37552,1,F9271,2026-04-08,0,2026-04-08,,2026-04-09T04:00:00Z,2026-04-09T04:35:00Z,2026-04-09T04:32:00Z,2026-04-09T06:05:00Z,2026-04-09T06:58:00Z,2026-04-09T06:58:00Z,32,53,125,146,0,21,55,CCU,DEL,9423,0,321,VTIKW,1,0,1,DOM,0,0,0,5,2,1,1,1,0,0,CCU,290,235,0,0,60,60,146,146,23,4,4,1,2026-04-15T19:01:32Z,2026-04-15
89774,2,F9271,2026-04-08,0,2026-04-08,,2026-04-09T04:00:00Z,2026-04-09T04:35:00Z,2026-04-09T04:32:00Z,2026-04-09T06:05:00Z,2026-04-09T06:58:00Z,2026-04-09T06:58:00Z,32,53,125,146,0,21,55,CCU,DEL,9423,0,321,VTIKW,1,0,1,DOM,0,0,0,1,2,1,1,1,0,0,CCU,290,235,0,0,60,60,146,146,23,4,4,,2026-04-15T19:01:32Z,2026-04-15
35925,1,4681,2026-04-06,0,2026-04-06,,2026-04-06T16:55:00Z,2026-04-06T17:25:00Z,2026-04-06T17:15:00Z,2026-04-06T19:15:00Z,2026-04-06T19:20:00Z,2026-04-06T19:28:00Z,20,13,140,133,0,-7,-13,AMD,BLR,863,0,320,VTIAX,0,0,0,DOM,0,0,0,3,4,1,1,1,0,0,AMD,42,55,0,0,45,51,137,137,16,16,17,,2026-04-15T19:01:32Z,2026-04-15
78919,2,4681,2026-04-06,0,2026-04-06,,2026-04-06T16:55:00Z,2026-04-06T17:25:00Z,2026-04-06T17:15:00Z,2026-04-06T19:15:00Z,2026-04-06T19:20:00Z,2026-04-06T19:28:00Z,20,13,140,133,0,-7,-13,AMD,BLR,863,0,320,VTIAX,0,0,0,DOM,0,0,0,3,4,1,1,1,0,0,AMD,42,55,0,0,45,51,137,137,16,16,17,,2026-04-15T19:01:32Z,2026-04-15
78812,2,1199,2026-04-14,0,2026-04-15,,2026-04-15T17:30:00Z,2026-04-15T17:55:00Z,2026-04-15T17:43:00Z,2026-04-15T18:40:00Z,2026-04-15T18:59:00Z,,13,19,70,,0,6,1,ISK,AMD,7219,0,ATR,VTIYP,0,0,0,DOM,0,0,0,6,2,1,1,1,0,0,ISK,21,20,0,0,21,23,81,86,17,17,17,,2026-04-15T19:01:32Z,2026-04-15
62973,2,3909,2026-04-07,0,2026-04-07,,2026-04-07T20:00:00Z,2026-04-07T21:20:00Z,2026-04-07T21:16:00Z,2026-04-07T21:20:00Z,2026-04-07T23:03:00Z,2026-04-07T23:04:00Z,76,104,80,108,0,28,-9,UDR,DEL,6229,0,320,VTIIA,0,0,0,DOM,0,0,0,3,4,1,1,1,0,0,UDR,26,35,0,0,60,60,,,20,20,21,,2026-04-15T19:01:32Z,2026-04-15
22452,1,3909,2026-04-11,0,2026-04-11,,2026-04-11T20:00:00Z,2026-04-11T20:35:00Z,2026-04-11T20:51:00Z,2026-04-11T21:20:00Z,2026-04-11T22:05:00Z,2026-04-11T22:12:00Z,51,52,80,81,0,1,17,UDR,DEL,6229,0,320,VTIKK,0,0,0,DOM,0,0,0,4,4,1,1,1,0,0,UDR,52,35,0,0,33,36,81,81,19,20,20,1,2026-04-15T19:01:32Z,2026-04-15
64998,2,3909,2026-04-04,0,2026-04-04,,2026-04-04T20:00:00Z,2026-04-04T20:10:00Z,2026-04-04T20:16:00Z,2026-04-04T21:20:00Z,2026-04-04T21:30:00Z,2026-04-04T21:33:00Z,16,13,80,77,0,-3,1,UDR,DEL,6229,0,320,VTIQI,0,0,0,DOM,0,0,0,1,4,1,1,1,0,0,UDR,36,35,0,0,33,36,81,81,19,20,20,,2026-04-15T19:01:32Z,2026-04-15
69116,2,3909,2026-04-12,0,2026-04-12,,2026-04-12T20:00:00Z,2026-04-12T20:25:00Z,2026-04-12T20:24:00Z,2026-04-12T21:20:00Z,2026-04-12T21:41:00Z,2026-04-12T21:45:00Z,24,25,80,81,0,1,1,UDR,DEL,6229,0,320,VTIKK,0,0,0,DOM,0,0,0,5,4,1,1,1,0,0,UDR,36,35,0,0,33,36,81,81,19,20,20,,2026-04-15T19:01:32Z,2026-04-15
22452,1,3909,2026-04-11,0,2026-04-11,,2026-04-11T18:10:00Z,2026-04-11T18:25:00Z,2026-04-11T18:36:00Z,2026-04-11T19:25:00Z,2026-04-11T20:02:00Z,2026-04-11T19:59:00Z,26,34,75,83,0,8,6,DEL,UDR,6228,0,320,VTIKK,1,0,0,DOM,0,0,0,4,3,2,2,1,0,0,DEL,81,75,0,0,108,110,83,83,17,18,18,1,2026-04-15T19:01:32Z,2026-04-15
62973,2,3909,2026-04-07,0,2026-04-07,,2026-04-07T18:10:00Z,2026-04-07T19:00:00Z,2026-04-07T19:19:00Z,2026-04-07T19:25:00Z,2026-04-07T20:52:00Z,2026-04-07T20:50:00Z,69,85,75,91,0,16,20,DEL,UDR,6228,0,320,VTIIA,1,0,0,DOM,0,0,0,3,3,2,2,1,0,0,DEL,95,75,0,0,108,110,,,17,18,19,,2026-04-15T19:01:32Z,2026-04-15
69116,2,3909,2026-04-12,0,2026-04-12,,2026-04-12T18:10:00Z,2026-04-12T18:40:00Z,2026-04-12T18:36:00Z,2026-04-12T19:25:00Z,2026-04-12T19:50:00Z,2026-04-12T19:48:00Z,26,23,75,72,0,-3,10,DEL,UDR,6228,0,320,VTIKK,1,0,0,DOM,0,0,0,5,3,2,2,1,0,0,DEL,85,75,0,0,108,110,83,83,17,18,18,,2026-04-15T19:01:32Z,2026-04-15
35925,1,4681,2026-04-06,0,2026-04-06,,2026-04-06T13:55:00Z,2026-04-06T14:05:00Z,2026-04-06T14:15:00Z,2026-04-06T16:00:00Z,2026-04-06T16:33:00Z,2026-04-06T16:33:00Z,20,33,125,138,0,13,18,BLR,AMD,6595,0,320,VTIAX,1,0,0,DOM,0,0,0,3,3,2,2,1,0,0,BLR,78,60,0,0,138,154,140,140,12,13,14,,2026-04-15T19:01:32Z,2026-04-15
78919,2,4681,2026-04-06,0,2026-04-06,,2026-04-06T13:55:00Z,2026-04-06T14:05:00Z,2026-04-06T14:15:00Z,2026-04-06T16:00:00Z,2026-04-06T16:33:00Z,2026-04-06T16:33:00Z,20,33,125,138,0,13,18,BLR,AMD,6595,0,320,VTIAX,1,0,0,DOM,0,0,0,3,3,2,2,1,0,0,BLR,78,60,0,0,138,154,140,140,12,13,14,,2026-04-15T19:01:32Z,2026-04-15
49568,1,1199,2026-04-13,0,2026-04-14,,2026-04-14T17:30:00Z,2026-04-14T17:30:00Z,2026-04-14T17:40:00Z,2026-04-14T18:40:00Z,2026-04-14T18:56:00Z,2026-04-14T18:56:00Z,10,16,70,76,0,6,10,ISK,AMD,7219,0,ATR,VTIYO,0,0,0,DOM,0,0,0,5,2,3,3,1,0,0,ISK,30,20,0,0,21,23,81,86,17,17,17,1,2026-04-15T19:01:32Z,2026-04-15
80859,1,1199,2026-04-03,0,2026-04-04,,2026-04-04T17:30:00Z,2026-04-04T17:50:00Z,2026-04-04T17:48:00Z,2026-04-04T18:40:00Z,2026-04-04T19:02:00Z,2026-04-04T19:01:00Z,18,21,70,73,0,3,-1,ISK,AMD,7219,0,ATR,VTIYG,0,0,0,DOM,0,0,0,2,2,3,3,1,0,0,ISK,19,20,0,0,21,23,81,86,17,17,17,,2026-04-15T19:01:32Z,2026-04-15
76960,2,1199,2026-04-05,0,2026-04-06,,2026-04-06T17:30:00Z,2026-04-06T17:40:00Z,2026-04-06T17:31:00Z,2026-04-06T18:40:00Z,2026-04-06T18:48:00Z,2026-04-06T18:48:00Z,1,8,70,77,0,7,1,ISK,AMD,7219,0,ATR,VTIYJ,0,0,0,DOM,0,0,0,2,2,3,3,1,0,0,ISK,21,20,0,0,21,23,81,86,17,17,17,,2026-04-15T19:01:32Z,2026-04-15
89626,2,1199,2026-04-07,0,2026-04-08,,2026-04-08T17:30:00Z,2026-04-08T17:50:00Z,2026-04-08T17:51:00Z,2026-04-08T18:40:00Z,2026-04-08T19:16:00Z,2026-04-08T19:18:00Z,21,38,70,87,0,17,-3,ISK,AMD,7219,0,ATR,VTIYE,0,0,0,DOM,0,0,0,4,2,3,3,1,0,0,ISK,17,20,0,0,21,23,81,86,17,17,17,,2026-04-15T19:01:32Z,2026-04-15
85872,2,1199,2026-04-12,0,2026-04-13,,2026-04-13T17:30:00Z,2026-04-13T17:35:00Z,2026-04-13T17:30:00Z,2026-04-13T18:40:00Z,2026-04-13T18:48:00Z,2026-04-13T18:47:00Z,0,7,70,77,0,7,1,ISK,AMD,7219,0,ATR,VTIRO,0,0,0,DOM,0,0,0,4,2,3,3,1,0,0,ISK,21,20,0,0,21,23,81,86,17,17,17,,2026-04-15T19:01:32Z,2026-04-15
37566,1,1199,2026-04-07,0,2026-04-08,,2026-04-08T17:30:00Z,2026-04-08T17:50:00Z,2026-04-08T17:51:00Z,2026-04-08T18:40:00Z,2026-04-08T19:16:00Z,2026-04-08T19:18:00Z,21,38,70,87,0,17,-3,ISK,AMD,7219,0,ATR,VTIYE,0,0,0,DOM,0,0,0,4,2,3,3,1,0,0,ISK,17,20,0,0,21,23,81,86,17,17,17,1,2026-04-15T19:01:32Z,2026-04-15
82998,2,1199,2026-04-11,0,2026-04-12,,2026-04-12T17:30:00Z,2026-04-12T17:45:00Z,2026-04-12T17:44:00Z,2026-04-12T18:40:00Z,2026-04-12T19:04:00Z,2026-04-12T19:05:00Z,14,25,70,81,0,11,3,ISK,AMD,7219,0,ATR,VTIRQ,0,0,0,DOM,0,0,0,4,2,3,3,1,0,0,ISK,23,20,0,0,21,23,81,86,17,17,17,,2026-04-15T19:01:32Z,2026-04-15
30009,1,1199,2026-04-12,0,2026-04-13,,2026-04-13T17:30:00Z,2026-04-13T17:35:00Z,2026-04-13T17:30:00Z,2026-04-13T18:40:00Z,2026-04-13T18:48:00Z,2026-04-13T18:47:00Z,0,7,70,77,0,7,1,ISK,AMD,7219,0,ATR,VTIRO,0,0,0,DOM,0,0,0,5,2,3,3,1,0,0,ISK,21,20,0,0,21,23,81,86,17,17,17,1,2026-04-15T19:01:32Z,2026-04-15
30009,1,1199,2026-04-05,0,2026-04-06,,2026-04-06T17:30:00Z,2026-04-06T17:40:00Z,2026-04-06T17:31:00Z,2026-04-06T18:40:00Z,2026-04-06T18:48:00Z,2026-04-06T18:48:00Z,1,8,70,77,0,7,1,ISK,AMD,7219,0,ATR,VTIYJ,0,0,0,DOM,0,0,0,2,2,3,3,1,0,0,ISK,21,20,0,0,21,23,81,86,17,17,17,,2026-04-15T19:01:32Z,2026-04-15
67038,2,1199,2026-04-13,0,2026-04-14,,2026-04-14T17:30:00Z,2026-04-14T17:30:00Z,2026-04-14T17:40:00Z,2026-04-14T18:40:00Z,2026-04-14T18:56:00Z,2026-04-14T18:56:00Z,10,16,70,76,0,6,10,ISK,AMD,7219,0,ATR,VTIYO,0,0,0,DOM,0,0,0,6,2,3,3,1,0,0,ISK,30,20,0,0,21,23,81,86,17,17,17,,2026-04-15T19:01:32Z,2026-04-15
78812,2,1199,2026-04-04,0,2026-04-05,,2026-04-05T17:30:00Z,2026-04-05T18:05:00Z,2026-04-05T18:06:00Z,2026-04-05T18:40:00Z,2026-04-05T19:22:00Z,2026-04-05T19:24:00Z,36,44,70,78,0,8,2,ISK,AMD,7219,0,ATR,VTIYJ,0,0,0,DOM,0,0,0,2,2,3,3,1,0,0,ISK,22,20,0,0,21,23,87,87,17,17,18,,2026-04-15T19:01:32Z,2026-04-15
88517,2,1199,2026-04-10,0,2026-04-11,,2026-04-11T17:30:00Z,2026-04-11T18:00:00Z,2026-04-11T18:10:00Z,2026-04-11T18:40:00Z,2026-04-11T19:38:00Z,2026-04-11T19:37:00Z,40,57,70,87,0,17,12,ISK,AMD,7219,0,ATR,VTIYO,0,0,0,DOM,0,0,0,3,2,3,3,1,0,0,ISK,32,20,0,0,21,23,87,87,17,17,18,,2026-04-15T19:01:32Z,2026-04-15
49568,1,1199,2026-04-13,1,2026-04-14,2026-04-14T14:40:00Z,2026-04-14T15:35:00Z,2026-04-14T15:25:00Z,2026-04-14T15:27:00Z,2026-04-14T17:10:00Z,2026-04-14T17:12:00Z,2026-04-14T17:10:00Z,-8,0,95,103,-8,8,0,HYD,ISK,7136,0,ATR,VTIYO,0,0,,DOM,0,0,0,5,1,4,4,1,0,0,,0,0,3,7,0,0,112,112,,15,15,1,2026-04-15T19:01:32Z,2026-04-15
78812,2,1199,2026-04-04,1,2026-04-05,2026-04-05T14:40:00Z,2026-04-05T15:35:00Z,2026-04-05T15:25:00Z,2026-04-05T15:35:00Z,2026-04-05T17:10:00Z,2026-04-05T17:43:00Z,2026-04-05T17:44:00Z,0,34,95,129,0,34,0,HYD,ISK,7136,0,ATR,VTIYJ,0,0,,DOM,0,0,0,2,1,4,4,1,0,0,,0,0,3,7,0,0,112,112,,15,15,,2026-04-15T19:01:32Z,2026-04-15
80859,1,1199,2026-04-03,1,2026-04-04,2026-04-04T14:40:00Z,2026-04-04T15:35:00Z,2026-04-04T15:25:00Z,2026-04-04T15:34:00Z,2026-04-04T17:10:00Z,2026-04-04T17:31:00Z,2026-04-04T17:29:00Z,-1,19,95,115,-1,20,0,HYD,ISK,7136,0,ATR,VTIYG,0,0,,DOM,0,0,0,2,1,4,4,1,0,0,,0,0,3,7,0,0,112,112,,15,15,,2026-04-15T19:01:32Z,2026-04-15
76960,2,1199,2026-04-05,1,2026-04-06,2026-04-06T14:45:00Z,2026-04-06T15:35:00Z,2026-04-06T15:30:00Z,2026-04-06T15:28:00Z,2026-04-06T17:10:00Z,2026-04-06T17:13:00Z,2026-04-06T17:10:00Z,-7,0,95,102,-7,7,0,HYD,ISK,7136,0,ATR,VTIYJ,0,0,,DOM,0,0,0,2,1,4,4,1,0,0,,0,0,3,7,0,0,112,112,,15,15,,2026-04-15T19:01:32Z,2026-04-15
78812,2,1199,2026-04-14,1,2026-04-15,2026-04-15T14:50:00Z,2026-04-15T15:35:00Z,2026-04-15T15:45:00Z,2026-04-15T15:42:00Z,2026-04-15T17:10:00Z,2026-04-15T17:24:00Z,2026-04-15T17:22:00Z,7,12,95,100,7,5,0,HYD,ISK,7136,0,ATR,VTIYP,0,0,,DOM,0,0,0,6,1,2,2,1,0,0,,0,0,3,7,0,0,112,112,,15,15,,2026-04-15T19:01:32Z,2026-04-15
85872,2,1199,2026-04-12,1,2026-04-13,2026-04-13T14:40:00Z,2026-04-13T15:35:00Z,2026-04-13T15:25:00Z,2026-04-13T15:24:00Z,2026-04-13T17:10:00Z,2026-04-13T17:09:00Z,2026-04-13T17:09:00Z,-11,-1,95,105,-11,10,0,HYD,ISK,7136,0,ATR,VTIRO,0,0,,DOM,0,0,0,4,1,4,4,1,0,0,,0,0,3,7,0,0,112,112,,15,15,,2026-04-15T19:01:32Z,2026-04-15
30009,1,1199,2026-04-12,1,2026-04-13,2026-04-13T14:40:00Z,2026-04-13T15:35:00Z,2026-04-13T15:25:00Z,2026-04-13T15:24:00Z,2026-04-13T17:10:00Z,2026-04-13T17:09:00Z,2026-04-13T17:09:00Z,-11,-1,95,105,-11,10,0,HYD,ISK,7136,0,ATR,VTIRO,0,0,,DOM,0,0,0,5,1,4,4,1,0,0,,0,0,3,7,0,0,112,112,,15,15,1,2026-04-15T19:01:32Z,2026-04-15
30009,1,1199,2026-04-05,1,2026-04-06,2026-04-06T14:45:00Z,2026-04-06T15:35:00Z,2026-04-06T15:30:00Z,2026-04-06T15:28:00Z,2026-04-06T17:10:00Z,2026-04-06T17:13:00Z,2026-04-06T17:10:00Z,-7,0,95,102,-7,7,0,HYD,ISK,7136,0,ATR,VTIYJ,0,0,,DOM,0,0,0,2,1,4,4,1,0,0,,0,0,3,7,0,0,112,112,,15,15,,2026-04-15T19:01:32Z,2026-04-15
67038,2,1199,2026-04-13,1,2026-04-14,2026-04-14T14:40:00Z,2026-04-14T15:35:00Z,2026-04-14T15:25:00Z,2026-04-14T15:27:00Z,2026-04-14T17:10:00Z,2026-04-14T17:12:00Z,2026-04-14T17:10:00Z,-8,0,95,103,-8,8,0,HYD,ISK,7136,0,ATR,VTIYO,0,0,,DOM,0,0,0,6,1,4,4,1,0,0,,0,0,3,7,0,0,112,112,,15,15,,2026-04-15T19:01:32Z,2026-04-15
38323,1,F9271,2026-04-03,1,2026-04-03,2026-04-03T20:50:00Z,2026-04-03T21:50:00Z,2026-04-03T22:00:00Z,2026-04-03T22:06:00Z,2026-04-04T00:05:00Z,2026-04-04T00:07:00Z,2026-04-04T00:11:00Z,16,6,135,125,16,-10,0,DEL,CCU,389,0,321,VTNCZ,0,1,,DOM,0,0,0,1,1,2,,1,1,0,,0,0,0,4,0,0,,,,21,22,,2026-04-15T19:01:32Z,2026-04-15
15088,1,3909,2026-04-03,1,2026-04-03,2026-04-03T10:45:00Z,2026-04-03T11:45:00Z,2026-04-03T11:55:00Z,2026-04-03T11:58:00Z,2026-04-03T14:00:00Z,2026-04-03T14:21:00Z,2026-04-03T14:19:00Z,13,19,135,141,13,6,0,DEL,HYD,884,0,321,VTNCW,0,0,,DOM,0,0,0,1,1,2,2,1,0,0,,0,0,0,3,0,0,150,159,,11,11,,2026-04-15T19:01:32Z,2026-04-15
43904,2,3909,2026-04-15,1,2026-04-15,2026-04-15T10:45:00Z,2026-04-15T11:45:00Z,,2026-04-15T11:43:00Z,2026-04-15T14:00:00Z,2026-04-15T14:13:00Z,2026-04-15T14:14:00Z,-2,14,135,151,-2,16,0,DEL,HYD,884,0,321,VTIWS,0,0,,DOM,0,0,0,7,1,2,2,1,0,0,,0,0,0,3,0,0,150,159,,11,11,,2026-04-15T19:01:32Z,2026-04-15
18381,1,3909,2026-04-10,1,2026-04-10,2026-04-10T10:45:00Z,2026-04-10T11:45:00Z,,2026-04-10T11:37:00Z,2026-04-10T14:00:00Z,2026-04-10T14:25:00Z,2026-04-10T14:28:00Z,-8,28,135,171,-8,36,0,DEL,HYD,884,0,321,VTNHC,0,0,,DOM,0,0,0,5,1,2,2,1,0,0,,0,0,0,3,0,0,150,159,,11,11,1,2026-04-15T19:01:32Z,2026-04-15
18481,1,3909,2026-04-15,1,2026-04-15,2026-04-15T10:45:00Z,2026-04-15T11:45:00Z,,2026-04-15T11:43:00Z,2026-04-15T14:00:00Z,2026-04-15T14:13:00Z,2026-04-15T14:14:00Z,-2,14,135,151,-2,16,0,DEL,HYD,884,0,321,VTIWS,0,0,,DOM,0,0,0,9,1,2,2,1,0,0,,0,0,0,3,0,0,150,159,,11,11,1,2026-04-15T19:01:32Z,2026-04-15
21516,1,3909,2026-04-05,1,2026-04-05,2026-04-05T10:45:00Z,2026-04-05T11:45:00Z,,2026-04-05T11:52:00Z,2026-04-05T14:00:00Z,2026-04-05T14:06:00Z,2026-04-05T14:08:00Z,7,8,135,136,7,1,0,DEL,HYD,884,0,321,VTNCZ,0,0,,DOM,0,0,0,3,1,2,2,1,0,0,,0,0,0,3,0,0,150,159,,11,11,,2026-04-15T19:01:32Z,2026-04-15
13462,1,3909,2026-04-14,1,2026-04-14,2026-04-14T10:45:00Z,2026-04-14T11:45:00Z,,2026-04-14T11:33:00Z,2026-04-14T14:00:00Z,2026-04-14T13:53:00Z,2026-04-14T13:51:00Z,-12,-9,135,138,-12,3,0,DEL,HYD,884,0,321,VTNCP,0,0,,DOM,0,0,0,5,1,2,2,1,0,0,,0,0,0,3,0,0,150,159,,11,11,1,2026-04-15T19:01:32Z,2026-04-15
14318,1,F9271,2026-04-05,1,2026-04-05,2026-04-05T20:50:00Z,2026-04-05T21:50:00Z,,2026-04-05T21:45:00Z,2026-04-06T00:05:00Z,2026-04-05T23:46:00Z,2026-04-05T23:46:00Z,-5,-19,135,121,-5,-14,0,DEL,CCU,389,0,321,VTNHC,0,1,,DOM,0,0,0,1,1,2,,1,1,0,,0,0,0,4,0,0,113,116,,21,21,,2026-04-15T19:01:32Z,2026-04-15
37552,1,F9271,2026-04-08,1,2026-04-08,2026-04-08T20:50:00Z,2026-04-08T21:50:00Z,,2026-04-08T21:49:00Z,2026-04-09T00:05:00Z,2026-04-08T23:39:00Z,2026-04-08T23:42:00Z,-1,-23,135,113,-1,-22,0,DEL,CCU,389,0,321,VTNCE,0,1,,DOM,0,0,0,5,1,2,,1,1,0,,0,0,0,4,0,0,113,116,,21,21,1,2026-04-15T19:01:32Z,2026-04-15
89774,2,F9271,2026-04-08,1,2026-04-08,2026-04-08T20:50:00Z,2026-04-08T21:50:00Z,,2026-04-08T21:49:00Z,2026-04-09T00:05:00Z,2026-04-08T23:39:00Z,2026-04-08T23:42:00Z,-1,-23,135,113,-1,-22,0,DEL,CCU,389,0,321,VTNCE,0,1,,DOM,0,0,0,1,1,2,,1,1,0,,0,0,0,4,0,0,113,116,,21,21,,2026-04-15T19:01:32Z,2026-04-15
69116,2,3909,2026-04-12,1,2026-04-12,2026-04-12T10:45:00Z,2026-04-12T11:45:00Z,,2026-04-12T11:42:00Z,2026-04-12T14:00:00Z,2026-04-12T14:01:00Z,2026-04-12T14:01:00Z,-3,1,135,139,-3,4,0,DEL,HYD,884,0,321,VTNHE,0,0,,DOM,0,0,0,5,1,4,4,1,0,0,,0,0,0,3,0,0,150,159,,11,11,,2026-04-15T19:01:32Z,2026-04-15
22452,1,3909,2026-04-11,1,2026-04-11,2026-04-11T10:45:00Z,2026-04-11T11:45:00Z,,2026-04-11T11:49:00Z,2026-04-11T14:00:00Z,2026-04-11T14:00:00Z,2026-04-11T13:57:00Z,4,-3,135,128,4,-7,0,DEL,HYD,884,0,321,VTICH,0,0,,DOM,0,0,0,4,1,4,4,1,0,0,,0,0,0,3,0,0,150,159,,11,11,1,2026-04-15T19:01:32Z,2026-04-15
39854,1,3909,2026-04-09,1,2026-04-09,2026-04-09T10:45:00Z,2026-04-09T11:45:00Z,,2026-04-09T11:51:00Z,2026-04-09T14:00:00Z,2026-04-09T14:09:00Z,2026-04-09T14:13:00Z,6,13,135,142,6,7,0,DEL,HYD,884,0,321,VTNCD,0,0,,DOM,0,0,0,4,1,4,4,1,0,0,,0,0,0,3,0,0,150,159,,11,11,1,2026-04-15T19:01:32Z,2026-04-15
62973,2,3909,2026-04-07,1,2026-04-07,2026-04-07T10:45:00Z,2026-04-07T11:45:00Z,,2026-04-07T11:36:00Z,2026-04-07T14:00:00Z,2026-04-07T14:24:00Z,2026-04-07T14:25:00Z,-9,25,135,169,-9,34,0,DEL,HYD,884,0,321,VTNCW,0,0,,DOM,0,0,0,3,1,4,4,1,0,0,,0,0,0,3,0,0,150,159,,11,11,,2026-04-15T19:01:32Z,2026-04-15
64998,2,3909,2026-04-04,1,2026-04-04,2026-04-04T10:45:00Z,2026-04-04T11:45:00Z,,2026-04-04T11:46:00Z,2026-04-04T14:00:00Z,2026-04-04T14:23:00Z,2026-04-04T14:23:00Z,1,23,135,157,1,22,0,DEL,HYD,884,0,321,VTICM,0,0,,DOM,0,0,0,1,1,4,4,1,0,0,,0,0,0,3,0,0,150,159,,11,11,,2026-04-15T19:01:32Z,2026-04-15
38327,1,4681,2026-04-16,1,2026-04-16,2026-04-16T07:30:00Z,2026-04-16T08:30:00Z,,,2026-04-16T10:15:00Z,2026-04-16T10:15:00Z,,0,0,105,,-6,3,0,BLR,BOM,5051,0,321,VTNHO,0,1,,DOM,0,0,0,7,1,4,,1,1,0,,0,0,-6,-5,0,0,108,110,,8,8,,2026-04-15T19:01:32Z,2026-04-15
65977,1,1199,2026-04-16,1,2026-04-16,2026-04-16T06:10:00Z,2026-04-16T06:55:00Z,,,2026-04-16T08:10:00Z,2026-04-16T08:05:00Z,,0,-5,75,,-15,-3,0,AMD,IDR,7173,0,ATR,VTIYY,0,0,,DOM,0,0,0,4,1,4,4,1,0,0,,0,0,-15,-13,0,0,72,72,,6,6,,2026-04-15T19:01:32Z,2026-04-15
80210,2,1199,2026-04-16,1,2026-04-16,2026-04-16T06:10:00Z,2026-04-16T06:55:00Z,,,2026-04-16T08:10:00Z,2026-04-16T08:05:00Z,,0,-5,75,,-15,-3,0,AMD,IDR,7173,0,ATR,VTIYY,0,0,,DOM,0,0,0,6,1,4,4,1,0,0,,0,0,-15,-13,0,0,72,72,,6,6,,2026-04-15T19:01:32Z,2026-04-15
56827,1,1199,2026-04-09,1,2026-04-09,2026-04-09T09:40:00Z,2026-04-09T10:25:00Z,,2026-04-09T10:17:00Z,2026-04-09T11:45:00Z,2026-04-09T11:31:00Z,2026-04-09T11:29:00Z,-8,-16,80,72,-8,-8,0,AMD,ISK,7115,0,ATR,VTIRK,0,0,,DOM,0,0,0,4,1,2,2,1,0,0,,0,0,-8,-8,0,0,72,74,,10,10,1,2026-04-15T19:01:32Z,2026-04-15
71977,2,1199,2026-04-09,1,2026-04-09,2026-04-09T09:40:00Z,2026-04-09T10:25:00Z,,2026-04-09T10:17:00Z,2026-04-09T11:45:00Z,2026-04-09T11:31:00Z,2026-04-09T11:29:00Z,-8,-16,80,72,-8,-8,0,AMD,ISK,7115,0,ATR,VTIRK,0,0,,DOM,0,0,0,4,1,2,2,1,0,0,,0,0,-8,-8,0,0,72,74,,10,10,,2026-04-15T19:01:32Z,2026-04-15
45594,1,4681,2026-04-11,1,2026-04-11,2026-04-11T07:30:00Z,2026-04-11T08:30:00Z,,2026-04-11T08:24:00Z,2026-04-11T10:15:00Z,2026-04-11T10:15:00Z,2026-04-11T10:14:00Z,-6,-1,105,110,-6,5,0,BLR,BOM,5051,0,321,VTNCX,0,1,,DOM,0,0,0,6,1,4,,1,1,0,,0,0,-6,-5,0,0,108,110,,8,8,1,2026-04-15T19:01:32Z,2026-04-15
90906,2,4681,2026-04-13,1,2026-04-13,2026-04-13T07:30:00Z,2026-04-13T08:30:00Z,,2026-04-13T08:20:00Z,2026-04-13T10:15:00Z,2026-04-13T10:10:00Z,2026-04-13T10:08:00Z,-10,-7,105,108,-10,3,0,BLR,BOM,5051,0,321,VTNCF,0,1,,DOM,0,0,0,7,1,4,,1,1,0,,0,0,-6,-5,0,0,108,110,,8,8,,2026-04-15T19:01:32Z,2026-04-15
35925,1,4681,2026-04-06,1,2026-04-06,2026-04-06T07:30:00Z,2026-04-06T08:30:00Z,,2026-04-06T08:29:00Z,2026-04-06T10:15:00Z,2026-04-06T10:21:00Z,2026-04-06T10:19:00Z,-1,4,105,110,-1,5,0,BLR,BOM,5051,0,321,VTIWT,0,1,,DOM,0,0,0,3,1,4,,1,1,0,,0,0,-6,-5,0,0,108,110,,8,8,,2026-04-15T19:01:32Z,2026-04-15
64269,2,4681,2026-04-11,1,2026-04-11,2026-04-11T07:30:00Z,2026-04-11T08:30:00Z,,2026-04-11T08:24:00Z,2026-04-11T10:15:00Z,2026-04-11T10:15:00Z,2026-04-11T10:14:00Z,-6,-1,105,110,-6,5,0,BLR,BOM,5051,0,321,VTNCX,0,1,,DOM,0,0,0,2,1,4,,1,1,0,,0,0,-6,-5,0,0,108,110,,8,8,,2026-04-15T19:01:32Z,2026-04-15
78919,2,4681,2026-04-06,1,2026-04-06,2026-04-06T07:30:00Z,2026-04-06T08:30:00Z,,2026-04-06T08:29:00Z,2026-04-06T10:15:00Z,2026-04-06T10:21:00Z,2026-04-06T10:19:00Z,-1,4,105,110,-1,5,0,BLR,BOM,5051,0,321,VTIWT,0,1,,DOM,0,0,0,3,1,4,,1,1,0,,0,0,-6,-5,0,0,108,110,,8,8,,2026-04-15T19:01:32Z,2026-04-15
23744,1,4681,2026-04-14,1,2026-04-14,2026-04-14T07:30:00Z,2026-04-14T08:30:00Z,,2026-04-14T08:17:00Z,2026-04-14T10:15:00Z,2026-04-14T10:05:00Z,2026-04-14T10:03:00Z,-13,-12,105,106,-13,1,0,BLR,BOM,5051,0,321,VTNOA,0,1,,DOM,0,0,0,4,1,4,,1,1,0,,0,0,-6,-5,0,0,108,110,,8,8,1,2026-04-15T19:01:32Z,2026-04-15
80859,1,1199,2026-04-03,1,2026-04-03,2026-04-03T06:10:00Z,2026-04-03T06:55:00Z,,2026-04-03T06:47:00Z,2026-04-03T08:10:00Z,2026-04-03T08:00:00Z,2026-04-03T08:00:00Z,-8,-10,75,73,-8,-2,0,AMD,IDR,7173,0,ATR,VTIRS,0,0,,DOM,0,0,0,1,1,4,4,1,0,0,,0,0,-15,-13,0,0,72,72,,6,6,,2026-04-15T19:01:32Z,2026-04-15
78812,2,1199,2026-04-04,1,2026-04-04,2026-04-04T06:10:00Z,2026-04-04T06:55:00Z,,2026-04-04T06:55:00Z,2026-04-04T08:10:00Z,2026-04-04T08:04:00Z,2026-04-04T08:03:00Z,0,-7,75,68,0,-7,0,AMD,IDR,7173,0,ATR,VTIYX,0,0,,DOM,0,0,0,1,1,4,4,1,0,0,,0,0,-15,-13,0,0,72,72,,6,6,,2026-04-15T19:01:32Z,2026-04-15
30009,1,1199,2026-04-05,1,2026-04-05,2026-04-05T06:10:00Z,2026-04-05T06:55:00Z,,2026-04-05T06:35:00Z,2026-04-05T08:10:00Z,2026-04-05T07:48:00Z,2026-04-05T07:50:00Z,-20,-20,75,75,-20,0,0,AMD,IDR,7173,0,ATR,VTIYG,0,0,,DOM,0,0,0,1,1,4,4,1,0,0,,0,0,-15,-13,0,0,72,72,,6,6,,2026-04-15T19:01:32Z,2026-04-15
76960,2,1199,2026-04-05,1,2026-04-05,2026-04-05T06:10:00Z,2026-04-05T06:55:00Z,,2026-04-05T06:35:00Z,2026-04-05T08:10:00Z,2026-04-05T07:48:00Z,2026-04-05T07:50:00Z,-20,-20,75,75,-20,0,0,AMD,IDR,7173,0,ATR,VTIYG,0,0,,DOM,0,0,0,1,1,4,4,1,0,0,,0,0,-15,-13,0,0,72,72,,6,6,,2026-04-15T19:01:32Z,2026-04-15
37566,1,1199,2026-04-07,1,2026-04-07,2026-04-07T06:10:00Z,2026-04-07T06:55:00Z,,2026-04-07T06:53:00Z,2026-04-07T08:10:00Z,2026-04-07T08:10:00Z,2026-04-07T08:10:00Z,-2,0,75,77,-2,2,0,AMD,IDR,7173,0,ATR,VTIYD,0,0,,DOM,0,0,0,3,1,4,4,1,0,0,,0,0,-15,-13,0,0,72,72,,6,6,,2026-04-15T19:01:32Z,2026-04-15
89626,2,1199,2026-04-07,1,2026-04-07,2026-04-07T06:10:00Z,2026-04-07T06:55:00Z,,2026-04-07T06:53:00Z,2026-04-07T08:10:00Z,2026-04-07T08:10:00Z,2026-04-07T08:10:00Z,-2,0,75,77,-2,2,0,AMD,IDR,7173,0,ATR,VTIYD,0,0,,DOM,0,0,0,3,1,4,4,1,0,0,,0,0,-15,-13,0,0,72,72,,6,6,,2026-04-15T19:01:32Z,2026-04-15
85872,2,1199,2026-04-12,1,2026-04-12,2026-04-12T06:10:00Z,2026-04-12T06:55:00Z,,2026-04-12T06:35:00Z,2026-04-12T08:10:00Z,2026-04-12T07:40:00Z,2026-04-12T07:39:00Z,-20,-31,75,64,-20,-11,0,AMD,IDR,7173,0,ATR,VTIYX,0,0,,DOM,0,0,0,3,1,4,4,1,0,0,,0,0,-15,-13,0,0,72,72,,6,6,,2026-04-15T19:01:32Z,2026-04-15
82998,2,1199,2026-04-11,1,2026-04-11,2026-04-11T06:10:00Z,2026-04-11T06:55:00Z,,2026-04-11T06:43:00Z,2026-04-11T08:10:00Z,2026-04-11T07:49:00Z,2026-04-11T07:47:00Z,-12,-23,75,64,-12,-11,0,AMD,IDR,7173,0,ATR,VTIYE,0,0,,DOM,0,0,0,3,1,4,4,1,0,0,,0,0,-15,-13,0,0,72,72,,6,6,,2026-04-15T19:01:32Z,2026-04-15
88517,2,1199,2026-04-10,1,2026-04-10,2026-04-10T06:10:00Z,2026-04-10T06:55:00Z,,2026-04-10T06:44:00Z,2026-04-10T08:10:00Z,2026-04-10T08:03:00Z,2026-04-10T08:00:00Z,-11,-10,75,76,-11,1,0,AMD,IDR,7173,0,ATR,VTIYF,0,0,,DOM,0,0,0,2,1,4,4,1,0,0,,0,0,-15,-13,0,0,72,72,,6,6,,2026-04-15T19:01:32Z,2026-04-15
30009,1,1199,2026-04-12,1,2026-04-12,2026-04-12T06:10:00Z,2026-04-12T06:55:00Z,,2026-04-12T06:35:00Z,2026-04-12T08:10:00Z,2026-04-12T07:40:00Z,2026-04-12T07:39:00Z,-20,-31,75,64,-20,-11,0,AMD,IDR,7173,0,ATR,VTIYX,0,0,,DOM,0,0,0,4,1,4,4,1,0,0,,0,0,-15,-13,0,0,72,72,,6,6,1,2026-04-15T19:01:32Z,2026-04-15
78812,2,1199,2026-04-14,1,2026-04-14,2026-04-14T06:10:00Z,2026-04-14T06:55:00Z,,2026-04-14T06:35:00Z,2026-04-14T08:10:00Z,2026-04-14T07:39:00Z,2026-04-14T07:36:00Z,-20,-34,75,61,-20,-14,0,AMD,IDR,7173,0,ATR,VTIRO,0,0,,DOM,0,0,0,5,1,4,4,1,0,0,,0,0,-15,-13,0,0,72,72,,6,6,,2026-04-15T19:01:32Z,2026-04-15
49568,1,1199,2026-04-13,1,2026-04-13,2026-04-13T06:10:00Z,2026-04-13T06:55:00Z,,2026-04-13T06:38:00Z,2026-04-13T08:10:00Z,2026-04-13T07:54:00Z,2026-04-13T07:53:00Z,-17,-17,75,75,-17,0,0,AMD,IDR,7173,0,ATR,VTIYO,0,0,,DOM,0,0,0,4,1,4,4,1,0,0,,0,0,-15,-13,0,0,72,72,,6,6,1,2026-04-15T19:01:32Z,2026-04-15
67038,2,1199,2026-04-13,1,2026-04-13,2026-04-13T06:10:00Z,2026-04-13T06:55:00Z,,2026-04-13T06:38:00Z,2026-04-13T08:10:00Z,2026-04-13T07:54:00Z,2026-04-13T07:53:00Z,-17,-17,75,75,-17,0,0,AMD,IDR,7173,0,ATR,VTIYO,0,0,,DOM,0,0,0,5,1,4,4,1,0,0,,0,0,-15,-13,0,0,72,72,,6,6,,2026-04-15T19:01:32Z,2026-04-15
89626,2,1199,2026-04-07,1,2026-04-08,2026-04-08T14:50:00Z,2026-04-08T15:35:00Z,,2026-04-08T15:37:00Z,2026-04-08T17:10:00Z,2026-04-08T17:35:00Z,2026-04-08T17:34:00Z,2,24,95,117,2,22,0,HYD,ISK,7136,0,ATR,VTIYE,0,0,,DOM,0,0,0,4,1,4,4,1,0,0,,0,0,3,7,0,0,112,112,,15,15,,2026-04-15T19:01:32Z,2026-04-15
37566,1,1199,2026-04-07,1,2026-04-08,2026-04-08T14:50:00Z,2026-04-08T15:35:00Z,,2026-04-08T15:37:00Z,2026-04-08T17:10:00Z,2026-04-08T17:35:00Z,2026-04-08T17:34:00Z,2,24,95,117,2,22,0,HYD,ISK,7136,0,ATR,VTIYE,0,0,,DOM,0,0,0,4,1,4,4,1,0,0,,0,0,3,7,0,0,112,112,,15,15,1,2026-04-15T19:01:32Z,2026-04-15
82998,2,1199,2026-04-11,1,2026-04-12,2026-04-12T14:50:00Z,2026-04-12T15:35:00Z,,2026-04-12T15:29:00Z,2026-04-12T17:10:00Z,2026-04-12T17:23:00Z,2026-04-12T17:21:00Z,-6,11,95,112,-6,17,0,HYD,ISK,7136,0,ATR,VTIRQ,0,0,,DOM,0,0,0,4,1,4,4,1,0,0,,0,0,3,7,0,0,112,112,,15,15,,2026-04-15T19:01:32Z,2026-04-15
88517,2,1199,2026-04-10,1,2026-04-11,2026-04-11T14:50:00Z,2026-04-11T15:35:00Z,,2026-04-11T15:39:00Z,2026-04-11T17:10:00Z,2026-04-11T17:40:00Z,2026-04-11T17:38:00Z,4,28,95,119,4,24,0,HYD,ISK,7136,0,ATR,VTIYO,0,0,,DOM,0,0,0,3,1,4,4,1,0,0,,0,0,3,7,0,0,112,112,,15,15,,2026-04-15T19:01:32Z,2026-04-15
71977,2,1199,2026-04-09,1,2026-04-10,2026-04-10T14:50:00Z,2026-04-10T15:35:00Z,,2026-04-10T15:31:00Z,2026-04-10T17:10:00Z,2026-04-10T17:26:00Z,2026-04-10T17:23:00Z,-4,13,95,112,-4,17,0,HYD,ISK,7136,0,ATR,VTIRE,0,0,,DOM,0,0,0,5,1,4,4,1,0,0,,0,0,3,7,0,0,112,112,,15,15,,2026-04-15T19:01:32Z,2026-04-15
56827,1,1199,2026-04-09,1,2026-04-10,2026-04-10T14:50:00Z,2026-04-10T15:35:00Z,,2026-04-10T15:31:00Z,2026-04-10T17:10:00Z,2026-04-10T17:26:00Z,2026-04-10T17:23:00Z,-4,13,95,112,-4,17,0,HYD,ISK,7136,0,ATR,VTIRE,0,0,,DOM,0,0,0,5,1,4,4,1,0,0,,0,0,3,7,0,0,112,112,,15,15,1,2026-04-15T19:01:32Z,2026-04-15
65977,1,1199,2026-04-16,0,2026-04-16,,2026-04-16T12:05:00Z,,,2026-04-16T13:55:00Z,2026-04-16T13:55:00Z,,0,0,110,,0,0,6,ISK,HYD,7137,0,ATR,VTIRS,0,0,0,DOM,0,0,0,4,4,1,1,1,0,0,ISK,0,20,0,0,26,29,,,11,12,12,,2026-04-15T19:01:32Z,2026-04-15
80210,2,1199,2026-04-16,0,2026-04-16,,2026-04-16T12:05:00Z,,,2026-04-16T13:55:00Z,2026-04-16T13:55:00Z,,0,0,110,,0,0,6,ISK,HYD,7137,0,ATR,VTIRS,0,0,0,DOM,0,0,0,6,4,1,1,1,0,0,ISK,0,20,0,0,26,29,,,11,12,12,,2026-04-15T19:01:32Z,2026-04-15
65977,1,1199,2026-04-16,0,2026-04-16,,2026-04-16T10:25:00Z,,,2026-04-16T11:45:00Z,2026-04-16T11:40:00Z,,0,-5,80,,0,-8,30,AMD,ISK,7115,0,ATR,VTIRS,1,0,0,DOM,0,0,0,4,3,2,2,1,0,0,AMD,0,30,0,0,60,60,72,74,9,10,10,,2026-04-15T19:01:32Z,2026-04-15
80210,2,1199,2026-04-16,0,2026-04-16,,2026-04-16T10:25:00Z,,,2026-04-16T11:45:00Z,2026-04-16T11:40:00Z,,0,-5,80,,0,-8,30,AMD,ISK,7115,0,ATR,VTIRS,1,0,0,DOM,0,0,0,6,3,2,2,1,0,0,AMD,0,30,0,0,60,60,72,74,9,10,10,,2026-04-15T19:01:32Z,2026-04-15
38327,1,4681,2026-04-16,0,2026-04-16,,2026-04-16T13:55:00Z,,,2026-04-16T16:00:00Z,2026-04-16T16:05:00Z,,0,5,125,,0,6,78,BLR,AMD,6595,0,320,VTIZB,1,0,0,DOM,0,0,0,7,3,2,2,1,0,0,BLR,0,60,0,0,138,154,131,131,12,13,13,,2026-04-15T19:01:32Z,2026-04-15
38327,1,4681,2026-04-16,0,2026-04-16,,2026-04-16T16:55:00Z,,,2026-04-16T19:15:00Z,2026-04-16T19:00:00Z,,0,-15,140,,0,-14,-10,AMD,BLR,863,0,320,VTIZB,0,0,0,DOM,0,0,0,7,4,1,1,1,0,0,AMD,0,55,0,0,45,51,126,126,16,16,16,,2026-04-15T19:01:32Z,2026-04-15
45594,1,4681,2026-04-11,0,2026-04-11,,2026-04-11T16:55:00Z,,2026-04-11T16:43:00Z,2026-04-11T19:15:00Z,2026-04-11T18:48:00Z,2026-04-11T18:49:00Z,-12,-26,140,126,0,-14,-2,AMD,BLR,863,0,320,VTIAX,0,0,0,DOM,0,0,0,6,4,1,1,1,0,0,AMD,53,55,0,0,39,41,126,126,15,16,16,1,2026-04-15T19:01:32Z,2026-04-15
90906,2,4681,2026-04-13,0,2026-04-13,,2026-04-13T16:55:00Z,,2026-04-13T16:40:00Z,2026-04-13T19:15:00Z,2026-04-13T18:42:00Z,2026-04-13T18:42:00Z,-15,-33,140,122,0,-18,-18,AMD,BLR,863,0,320,VTIIP,0,0,0,DOM,0,0,0,7,4,1,1,1,0,0,AMD,37,55,0,0,45,51,126,126,16,16,16,,2026-04-15T19:01:32Z,2026-04-15
64269,2,4681,2026-04-11,0,2026-04-11,,2026-04-11T16:55:00Z,,2026-04-11T16:43:00Z,2026-04-11T19:15:00Z,2026-04-11T18:48:00Z,2026-04-11T18:49:00Z,-12,-26,140,126,0,-14,-2,AMD,BLR,863,0,320,VTIAX,0,0,0,DOM,0,0,0,2,4,1,1,1,0,0,AMD,53,55,0,0,39,41,126,126,15,16,16,,2026-04-15T19:01:32Z,2026-04-15
23744,1,4681,2026-04-14,0,2026-04-14,,2026-04-14T16:55:00Z,,2026-04-14T16:49:00Z,2026-04-14T19:15:00Z,2026-04-14T18:54:00Z,2026-04-14T18:54:00Z,-6,-21,140,125,0,-15,-18,AMD,BLR,863,0,320,VTIWZ,0,0,0,DOM,0,0,0,4,4,1,1,1,0,0,AMD,37,55,0,0,45,51,126,126,16,16,16,1,2026-04-15T19:01:32Z,2026-04-15
39854,1,3909,2026-04-09,0,2026-04-09,,2026-04-09T20:00:00Z,,2026-04-09T20:06:00Z,2026-04-09T21:20:00Z,2026-04-09T21:20:00Z,2026-04-09T21:23:00Z,6,3,80,77,0,-3,6,UDR,DEL,6229,0,320,VTIAR,0,0,0,DOM,0,0,0,4,4,1,1,1,0,0,UDR,41,35,0,0,33,36,81,81,19,20,20,1,2026-04-15T19:01:32Z,2026-04-15
30009,1,1199,2026-04-05,0,2026-04-05,,2026-04-05T12:05:00Z,,2026-04-05T11:46:00Z,2026-04-05T13:55:00Z,2026-04-05T13:28:00Z,2026-04-05T13:30:00Z,-19,-25,110,104,0,-6,11,ISK,HYD,7137,0,ATR,VTIYG,0,0,0,DOM,0,0,0,1,4,1,1,1,0,0,ISK,31,20,0,0,26,29,114,115,11,12,11,,2026-04-15T19:01:32Z,2026-04-15
30009,1,1199,2026-04-12,0,2026-04-12,,2026-04-12T12:05:00Z,,2026-04-12T11:56:00Z,2026-04-12T13:55:00Z,2026-04-12T13:42:00Z,2026-04-12T13:42:00Z,-9,-13,110,106,0,-4,3,ISK,HYD,7137,0,ATR,VTIYX,0,0,0,DOM,0,0,0,4,4,1,1,1,0,0,ISK,23,20,0,0,26,29,114,115,11,12,11,1,2026-04-15T19:01:32Z,2026-04-15
67038,2,1199,2026-04-13,0,2026-04-13,,2026-04-13T12:05:00Z,,2026-04-13T11:56:00Z,2026-04-13T13:55:00Z,2026-04-13T13:50:00Z,2026-04-13T13:50:00Z,-9,-5,110,114,0,4,15,ISK,HYD,7137,0,ATR,VTIYO,0,0,0,DOM,0,0,0,5,4,1,1,1,0,0,ISK,35,20,0,0,26,29,114,115,11,12,11,,2026-04-15T19:01:32Z,2026-04-15
37566,1,1199,2026-04-07,0,2026-04-07,,2026-04-07T12:05:00Z,,2026-04-07T11:54:00Z,2026-04-07T13:55:00Z,2026-04-07T13:49:00Z,2026-04-07T13:48:00Z,-11,-7,110,114,0,4,7,ISK,HYD,7137,0,ATR,VTIYD,0,0,0,DOM,0,0,0,3,4,1,1,1,0,0,ISK,27,20,0,0,26,29,114,115,11,12,11,,2026-04-15T19:01:32Z,2026-04-15
78812,2,1199,2026-04-14,0,2026-04-14,,2026-04-14T12:05:00Z,,2026-04-14T11:48:00Z,2026-04-14T13:55:00Z,2026-04-14T13:29:00Z,2026-04-14T13:30:00Z,-17,-25,110,102,0,-8,6,ISK,HYD,7137,0,ATR,VTIRO,0,0,0,DOM,0,0,0,5,4,1,1,1,0,0,ISK,26,20,0,0,26,29,114,115,11,12,11,,2026-04-15T19:01:32Z,2026-04-15
49568,1,1199,2026-04-13,0,2026-04-13,,2026-04-13T12:05:00Z,,2026-04-13T11:56:00Z,2026-04-13T13:55:00Z,2026-04-13T13:50:00Z,2026-04-13T13:50:00Z,-9,-5,110,114,0,4,15,ISK,HYD,7137,0,ATR,VTIYO,0,0,0,DOM,0,0,0,4,4,1,1,1,0,0,ISK,35,20,0,0,26,29,114,115,11,12,11,1,2026-04-15T19:01:32Z,2026-04-15
89626,2,1199,2026-04-07,0,2026-04-07,,2026-04-07T12:05:00Z,,2026-04-07T11:54:00Z,2026-04-07T13:55:00Z,2026-04-07T13:49:00Z,2026-04-07T13:48:00Z,-11,-7,110,114,0,4,7,ISK,HYD,7137,0,ATR,VTIYD,0,0,0,DOM,0,0,0,3,4,1,1,1,0,0,ISK,27,20,0,0,26,29,114,115,11,12,11,,2026-04-15T19:01:32Z,2026-04-15
88517,2,1199,2026-04-10,0,2026-04-10,,2026-04-10T12:05:00Z,,2026-04-10T11:59:00Z,2026-04-10T13:55:00Z,2026-04-10T14:04:00Z,2026-04-10T14:03:00Z,-6,8,110,124,0,14,11,ISK,HYD,7137,0,ATR,VTIYF,0,0,0,DOM,0,0,0,2,4,1,1,1,0,0,ISK,31,20,0,0,26,29,114,115,11,12,11,,2026-04-15T19:01:32Z,2026-04-15
80859,1,1199,2026-04-03,0,2026-04-03,,2026-04-03T12:05:00Z,,2026-04-03T11:53:00Z,2026-04-03T13:55:00Z,2026-04-03T13:30:00Z,2026-04-03T13:29:00Z,-12,-26,110,96,0,-14,3,ISK,HYD,7137,0,ATR,VTIRS,0,0,0,DOM,0,0,0,1,4,1,1,1,0,0,ISK,23,20,0,0,26,29,114,115,11,12,11,,2026-04-15T19:01:32Z,2026-04-15
85872,2,1199,2026-04-12,0,2026-04-12,,2026-04-12T12:05:00Z,,2026-04-12T11:56:00Z,2026-04-12T13:55:00Z,2026-04-12T13:42:00Z,2026-04-12T13:42:00Z,-9,-13,110,106,0,-4,3,ISK,HYD,7137,0,ATR,VTIYX,0,0,0,DOM,0,0,0,3,4,1,1,1,0,0,ISK,23,20,0,0,26,29,114,115,11,12,11,,2026-04-15T19:01:32Z,2026-04-15
78812,2,1199,2026-04-04,0,2026-04-04,,2026-04-04T12:05:00Z,,2026-04-04T12:02:00Z,2026-04-04T13:55:00Z,2026-04-04T13:50:00Z,2026-04-04T13:50:00Z,-3,-5,110,108,0,-2,3,ISK,HYD,7137,0,ATR,VTIYX,0,0,0,DOM,0,0,0,1,4,1,1,1,0,0,ISK,23,20,0,0,26,29,,,11,12,12,,2026-04-15T19:01:32Z,2026-04-15
82998,2,1199,2026-04-11,0,2026-04-11,,2026-04-11T12:05:00Z,,2026-04-11T11:57:00Z,2026-04-11T13:55:00Z,2026-04-11T13:39:00Z,2026-04-11T13:38:00Z,-8,-17,110,101,0,-9,3,ISK,HYD,7137,0,ATR,VTIYE,0,0,0,DOM,0,0,0,3,4,1,1,1,0,0,ISK,23,20,0,0,26,29,114,115,11,12,11,,2026-04-15T19:01:32Z,2026-04-15
76960,2,1199,2026-04-05,0,2026-04-05,,2026-04-05T12:05:00Z,,2026-04-05T11:46:00Z,2026-04-05T13:55:00Z,2026-04-05T13:28:00Z,2026-04-05T13:30:00Z,-19,-25,110,104,0,-6,11,ISK,HYD,7137,0,ATR,VTIYG,0,0,0,DOM,0,0,0,1,4,1,1,1,0,0,ISK,31,20,0,0,26,29,114,115,11,12,11,,2026-04-15T19:01:32Z,2026-04-15
45594,1,4681,2026-04-11,0,2026-04-11,,2026-04-11T13:55:00Z,,2026-04-11T13:42:00Z,2026-04-11T16:00:00Z,2026-04-11T15:50:00Z,2026-04-11T15:50:00Z,-13,-10,125,128,0,3,-2,BLR,AMD,6595,0,320,VTIAX,1,0,0,DOM,0,0,0,6,3,2,2,1,0,0,BLR,58,60,0,0,138,154,131,131,12,13,13,1,2026-04-15T19:01:32Z,2026-04-15
90906,2,4681,2026-04-13,0,2026-04-13,,2026-04-13T13:55:00Z,,2026-04-13T13:58:00Z,2026-04-13T16:00:00Z,2026-04-13T16:01:00Z,2026-04-13T16:03:00Z,3,3,125,125,0,0,16,BLR,AMD,6595,0,320,VTIIP,1,0,0,DOM,0,0,0,7,3,2,2,1,0,0,BLR,76,60,0,0,138,154,131,131,12,13,13,,2026-04-15T19:01:32Z,2026-04-15
64269,2,4681,2026-04-11,0,2026-04-11,,2026-04-11T13:55:00Z,,2026-04-11T13:42:00Z,2026-04-11T16:00:00Z,2026-04-11T15:50:00Z,2026-04-11T15:50:00Z,-13,-10,125,128,0,3,-2,BLR,AMD,6595,0,320,VTIAX,1,0,0,DOM,0,0,0,2,3,2,2,1,0,0,BLR,58,60,0,0,138,154,131,131,12,13,13,,2026-04-15T19:01:32Z,2026-04-15
23744,1,4681,2026-04-14,0,2026-04-14,,2026-04-14T13:55:00Z,,2026-04-14T13:56:00Z,2026-04-14T16:00:00Z,2026-04-14T16:12:00Z,2026-04-14T16:12:00Z,1,12,125,136,0,11,24,BLR,AMD,6595,0,320,VTIWZ,1,0,0,DOM,0,0,0,4,3,2,2,1,0,0,BLR,84,60,0,0,138,154,131,131,12,13,13,1,2026-04-15T19:01:32Z,2026-04-15
39854,1,3909,2026-04-09,0,2026-04-09,,2026-04-09T18:10:00Z,,2026-04-09T18:12:00Z,2026-04-09T19:25:00Z,2026-04-09T19:26:00Z,2026-04-09T19:25:00Z,2,0,75,73,0,-2,-22,DEL,UDR,6228,0,320,VTIAR,1,0,0,DOM,0,0,0,4,3,2,2,1,0,0,DEL,53,75,0,0,108,110,83,83,17,18,18,1,2026-04-15T19:01:32Z,2026-04-15
64998,2,3909,2026-04-04,0,2026-04-04,,2026-04-04T18:10:00Z,,2026-04-04T18:15:00Z,2026-04-04T19:25:00Z,2026-04-04T19:43:00Z,2026-04-04T19:40:00Z,5,15,75,85,0,10,-19,DEL,UDR,6228,0,320,VTIQI,1,0,0,DOM,0,0,0,1,3,2,2,1,0,0,DEL,56,75,0,0,108,110,83,83,17,18,18,,2026-04-15T19:01:32Z,2026-04-15
30009,1,1199,2026-04-05,0,2026-04-05,,2026-04-05T10:25:00Z,,2026-04-05T10:07:00Z,2026-04-05T11:45:00Z,2026-04-05T11:16:00Z,2026-04-05T11:15:00Z,-18,-30,80,68,0,-12,3,AMD,ISK,7115,0,ATR,VTIYG,0,0,0,DOM,0,0,0,1,3,2,2,1,0,0,AMD,33,30,0,0,37,37,72,74,9,10,10,,2026-04-15T19:01:32Z,2026-04-15
30009,1,1199,2026-04-12,0,2026-04-12,,2026-04-12T10:25:00Z,,2026-04-12T10:14:00Z,2026-04-12T11:45:00Z,2026-04-12T11:35:00Z,2026-04-12T11:33:00Z,-11,-12,80,79,0,-1,15,AMD,ISK,7115,0,ATR,VTIYX,0,0,0,DOM,0,0,0,4,3,2,2,1,0,0,AMD,45,30,0,0,37,37,72,74,9,10,10,1,2026-04-15T19:01:32Z,2026-04-15
67038,2,1199,2026-04-13,0,2026-04-13,,2026-04-13T10:25:00Z,,2026-04-13T10:12:00Z,2026-04-13T11:45:00Z,2026-04-13T11:23:00Z,2026-04-13T11:21:00Z,-13,-24,80,69,0,-11,7,AMD,ISK,7115,0,ATR,VTIYO,0,0,0,DOM,0,0,0,5,3,2,2,1,0,0,AMD,37,30,0,0,37,37,72,74,9,10,10,,2026-04-15T19:01:32Z,2026-04-15
37566,1,1199,2026-04-07,0,2026-04-07,,2026-04-07T10:25:00Z,,2026-04-07T10:19:00Z,2026-04-07T11:45:00Z,2026-04-07T11:28:00Z,2026-04-07T11:27:00Z,-6,-18,80,68,0,-12,-3,AMD,ISK,7115,0,ATR,VTIYD,0,0,0,DOM,0,0,0,3,3,2,2,1,0,0,AMD,27,30,0,0,37,37,72,74,9,10,10,,2026-04-15T19:01:32Z,2026-04-15
78812,2,1199,2026-04-14,0,2026-04-14,,2026-04-14T10:25:00Z,,2026-04-14T10:12:00Z,2026-04-14T11:45:00Z,2026-04-14T11:22:00Z,2026-04-14T11:22:00Z,-13,-23,80,70,0,-10,12,AMD,ISK,7115,0,ATR,VTIRO,0,0,0,DOM,0,0,0,5,3,2,2,1,0,0,AMD,42,30,0,0,37,37,72,74,9,10,10,,2026-04-15T19:01:32Z,2026-04-15
49568,1,1199,2026-04-13,0,2026-04-13,,2026-04-13T10:25:00Z,,2026-04-13T10:12:00Z,2026-04-13T11:45:00Z,2026-04-13T11:23:00Z,2026-04-13T11:21:00Z,-13,-24,80,69,0,-11,7,AMD,ISK,7115,0,ATR,VTIYO,0,0,0,DOM,0,0,0,4,3,2,2,1,0,0,AMD,37,30,0,0,37,37,72,74,9,10,10,1,2026-04-15T19:01:32Z,2026-04-15
89626,2,1199,2026-04-07,0,2026-04-07,,2026-04-07T10:25:00Z,,2026-04-07T10:19:00Z,2026-04-07T11:45:00Z,2026-04-07T11:28:00Z,2026-04-07T11:27:00Z,-6,-18,80,68,0,-12,-3,AMD,ISK,7115,0,ATR,VTIYD,0,0,0,DOM,0,0,0,3,3,2,2,1,0,0,AMD,27,30,0,0,37,37,72,74,9,10,10,,2026-04-15T19:01:32Z,2026-04-15
88517,2,1199,2026-04-10,0,2026-04-10,,2026-04-10T10:25:00Z,,2026-04-10T10:14:00Z,2026-04-10T11:45:00Z,2026-04-10T11:27:00Z,2026-04-10T11:28:00Z,-11,-17,80,74,0,-6,3,AMD,ISK,7115,0,ATR,VTIYF,0,0,0,DOM,0,0,0,2,3,2,2,1,0,0,AMD,33,30,0,0,37,37,72,74,9,10,10,,2026-04-15T19:01:32Z,2026-04-15
80859,1,1199,2026-04-03,0,2026-04-03,,2026-04-03T10:25:00Z,,2026-04-03T10:04:00Z,2026-04-03T11:45:00Z,2026-04-03T11:33:00Z,2026-04-03T11:30:00Z,-21,-15,80,86,0,6,6,AMD,ISK,7115,0,ATR,VTIRS,0,0,0,DOM,0,0,0,1,3,2,2,1,0,0,AMD,36,30,0,0,37,37,72,74,9,10,10,,2026-04-15T19:01:32Z,2026-04-15
85872,2,1199,2026-04-12,0,2026-04-12,,2026-04-12T10:25:00Z,,2026-04-12T10:14:00Z,2026-04-12T11:45:00Z,2026-04-12T11:35:00Z,2026-04-12T11:33:00Z,-11,-12,80,79,0,-1,15,AMD,ISK,7115,0,ATR,VTIYX,0,0,0,DOM,0,0,0,3,3,2,2,1,0,0,AMD,45,30,0,0,37,37,72,74,9,10,10,,2026-04-15T19:01:32Z,2026-04-15
78812,2,1199,2026-04-04,0,2026-04-04,,2026-04-04T10:25:00Z,,2026-04-04T10:22:00Z,2026-04-04T11:45:00Z,2026-04-04T11:40:00Z,2026-04-04T11:39:00Z,-3,-6,80,77,0,-3,7,AMD,ISK,7115,0,ATR,VTIYX,0,0,0,DOM,0,0,0,1,3,2,2,1,0,0,AMD,37,30,0,0,37,37,72,74,9,10,10,,2026-04-15T19:01:32Z,2026-04-15
82998,2,1199,2026-04-11,0,2026-04-11,,2026-04-11T10:25:00Z,,2026-04-11T10:09:00Z,2026-04-11T11:45:00Z,2026-04-11T11:32:00Z,2026-04-11T11:34:00Z,-16,-11,80,85,0,5,2,AMD,ISK,7115,0,ATR,VTIYE,0,0,0,DOM,0,0,0,3,3,2,2,1,0,0,AMD,32,30,0,0,37,37,72,74,9,10,10,,2026-04-15T19:01:32Z,2026-04-15
76960,2,1199,2026-04-05,0,2026-04-05,,2026-04-05T10:25:00Z,,2026-04-05T10:07:00Z,2026-04-05T11:45:00Z,2026-04-05T11:16:00Z,2026-04-05T11:15:00Z,-18,-30,80,68,0,-12,3,AMD,ISK,7115,0,ATR,VTIYG,0,0,0,DOM,0,0,0,1,3,2,2,1,0,0,AMD,33,30,0,0,37,37,72,74,9,10,10,,2026-04-15T19:01:32Z,2026-04-15
71977,2,1199,2026-04-09,0,2026-04-10,,2026-04-10T17:30:00Z,,2026-04-10T17:43:00Z,2026-04-10T18:40:00Z,2026-04-10T18:58:00Z,2026-04-10T18:58:00Z,13,18,70,75,0,5,0,ISK,AMD,7219,0,ATR,VTIRE,0,0,0,DOM,0,0,0,5,2,3,3,1,0,0,ISK,20,20,0,0,21,23,81,86,17,17,17,,2026-04-15T19:01:32Z,2026-04-15
56827,1,1199,2026-04-09,0,2026-04-10,,2026-04-10T17:30:00Z,,2026-04-10T17:43:00Z,2026-04-10T18:40:00Z,2026-04-10T18:58:00Z,2026-04-10T18:58:00Z,13,18,70,75,0,5,0,ISK,AMD,7219,0,ATR,VTIRE,0,0,0,DOM,0,0,0,5,2,3,3,1,0,0,ISK,20,20,0,0,21,23,81,86,17,17,17,1,2026-04-15T19:01:32Z,2026-04-15
80859,1,1199,2026-04-03,0,2026-04-03,,2026-04-03T08:45:00Z,,2026-04-03T08:27:00Z,2026-04-03T09:55:00Z,2026-04-03T09:28:00Z,2026-04-03T09:28:00Z,-18,-27,70,61,0,-9,-8,IDR,AMD,7174,0,ATR,VTIRS,0,0,0,DOM,0,0,0,1,2,3,3,1,0,0,IDR,27,35,0,0,32,35,63,63,8,8,8,,2026-04-15T19:01:32Z,2026-04-15
78812,2,1199,2026-04-04,0,2026-04-04,,2026-04-04T08:45:00Z,,2026-04-04T08:43:00Z,2026-04-04T09:55:00Z,2026-04-04T09:44:00Z,2026-04-04T09:45:00Z,-2,-10,70,62,0,-8,5,IDR,AMD,7174,0,ATR,VTIYX,0,0,0,DOM,0,0,0,1,2,3,3,1,0,0,IDR,40,35,0,0,32,35,63,63,8,8,8,,2026-04-15T19:01:32Z,2026-04-15
30009,1,1199,2026-04-05,0,2026-04-05,,2026-04-05T08:45:00Z,,2026-04-05T08:31:00Z,2026-04-05T09:55:00Z,2026-04-05T09:34:00Z,2026-04-05T09:34:00Z,-14,-21,70,63,0,-7,6,IDR,AMD,7174,0,ATR,VTIYG,0,0,0,DOM,0,0,0,1,2,3,3,1,0,0,IDR,41,35,0,0,44,48,63,63,7,8,8,,2026-04-15T19:01:32Z,2026-04-15
76960,2,1199,2026-04-05,0,2026-04-05,,2026-04-05T08:45:00Z,,2026-04-05T08:31:00Z,2026-04-05T09:55:00Z,2026-04-05T09:34:00Z,2026-04-05T09:34:00Z,-14,-21,70,63,0,-7,6,IDR,AMD,7174,0,ATR,VTIYG,0,0,0,DOM,0,0,0,1,2,3,3,1,0,0,IDR,41,35,0,0,44,48,63,63,7,8,8,,2026-04-15T19:01:32Z,2026-04-15
37566,1,1199,2026-04-07,0,2026-04-07,,2026-04-07T08:45:00Z,,2026-04-07T08:38:00Z,2026-04-07T09:55:00Z,2026-04-07T09:50:00Z,2026-04-07T09:52:00Z,-7,-3,70,74,0,4,-7,IDR,AMD,7174,0,ATR,VTIYD,0,0,0,DOM,0,0,0,3,2,3,3,1,0,0,IDR,28,35,0,0,32,35,63,63,8,8,8,,2026-04-15T19:01:32Z,2026-04-15
89626,2,1199,2026-04-07,0,2026-04-07,,2026-04-07T08:45:00Z,,2026-04-07T08:38:00Z,2026-04-07T09:55:00Z,2026-04-07T09:50:00Z,2026-04-07T09:52:00Z,-7,-3,70,74,0,4,-7,IDR,AMD,7174,0,ATR,VTIYD,0,0,0,DOM,0,0,0,3,2,3,3,1,0,0,IDR,28,35,0,0,32,35,63,63,8,8,8,,2026-04-15T19:01:32Z,2026-04-15
88517,2,1199,2026-04-10,0,2026-04-10,,2026-04-10T08:45:00Z,,2026-04-10T08:28:00Z,2026-04-10T09:55:00Z,2026-04-10T09:41:00Z,2026-04-10T09:41:00Z,-17,-14,70,73,0,3,-7,IDR,AMD,7174,0,ATR,VTIYF,0,0,0,DOM,0,0,0,2,2,3,3,1,0,0,IDR,28,35,0,0,32,35,63,63,8,8,8,,2026-04-15T19:01:32Z,2026-04-15
30009,1,1199,2026-04-12,0,2026-04-12,,2026-04-12T08:45:00Z,,2026-04-12T08:27:00Z,2026-04-12T09:55:00Z,2026-04-12T09:28:00Z,2026-04-12T09:29:00Z,-18,-26,70,62,0,-8,13,IDR,AMD,7174,0,ATR,VTIYX,0,0,0,DOM,0,0,0,4,2,3,3,1,0,0,IDR,48,35,0,0,44,48,63,63,7,8,8,1,2026-04-15T19:01:32Z,2026-04-15
67038,2,1199,2026-04-13,0,2026-04-13,,2026-04-13T08:45:00Z,,2026-04-13T08:33:00Z,2026-04-13T09:55:00Z,2026-04-13T09:36:00Z,2026-04-13T09:35:00Z,-12,-20,70,62,0,-8,5,IDR,AMD,7174,0,ATR,VTIYO,0,0,0,DOM,0,0,0,5,2,3,3,1,0,0,IDR,40,35,0,0,44,48,63,63,7,8,8,,2026-04-15T19:01:32Z,2026-04-15
78812,2,1199,2026-04-14,0,2026-04-14,,2026-04-14T08:45:00Z,,2026-04-14T08:30:00Z,2026-04-14T09:55:00Z,2026-04-14T09:30:00Z,2026-04-14T09:30:00Z,-15,-25,70,60,0,-10,19,IDR,AMD,7174,0,ATR,VTIRO,0,0,0,DOM,0,0,0,5,2,3,3,1,0,0,IDR,54,35,0,0,44,48,63,63,7,8,8,,2026-04-15T19:01:32Z,2026-04-15
49568,1,1199,2026-04-13,0,2026-04-13,,2026-04-13T08:45:00Z,,2026-04-13T08:33:00Z,2026-04-13T09:55:00Z,2026-04-13T09:36:00Z,2026-04-13T09:35:00Z,-12,-20,70,62,0,-8,5,IDR,AMD,7174,0,ATR,VTIYO,0,0,0,DOM,0,0,0,4,2,3,3,1,0,0,IDR,40,35,0,0,44,48,63,63,7,8,8,1,2026-04-15T19:01:32Z,2026-04-15
85872,2,1199,2026-04-12,0,2026-04-12,,2026-04-12T08:45:00Z,,2026-04-12T08:27:00Z,2026-04-12T09:55:00Z,2026-04-12T09:28:00Z,2026-04-12T09:29:00Z,-18,-26,70,62,0,-8,13,IDR,AMD,7174,0,ATR,VTIYX,0,0,0,DOM,0,0,0,3,2,3,3,1,0,0,IDR,48,35,0,0,44,48,63,63,7,8,8,,2026-04-15T19:01:32Z,2026-04-15
82998,2,1199,2026-04-11,0,2026-04-11,,2026-04-11T08:45:00Z,,2026-04-11T08:28:00Z,2026-04-11T09:55:00Z,2026-04-11T09:37:00Z,2026-04-11T09:37:00Z,-17,-18,70,69,0,-1,6,IDR,AMD,7174,0,ATR,VTIYE,0,0,0,DOM,0,0,0,3,2,3,3,1,0,0,IDR,41,35,0,0,44,48,63,63,7,8,8,,2026-04-15T19:01:32Z,2026-04-15
65977,1,1199,2026-04-16,0,2026-04-16,,2026-04-16T08:45:00Z,,,2026-04-16T09:55:00Z,2026-04-16T09:55:00Z,,0,0,70,,0,-7,-3,IDR,AMD,7174,0,ATR,VTIYY,0,0,0,DOM,0,0,0,4,2,3,3,1,0,0,IDR,0,35,0,0,32,35,63,63,8,8,8,,2026-04-15T19:01:32Z,2026-04-15
80210,2,1199,2026-04-16,0,2026-04-16,,2026-04-16T08:45:00Z,,,2026-04-16T09:55:00Z,2026-04-16T09:55:00Z,,0,0,70,,0,-7,-3,IDR,AMD,7174,0,ATR,VTIYY,0,0,0,DOM,0,0,0,6,2,3,3,1,0,0,IDR,0,35,0,0,32,35,63,63,8,8,8,,2026-04-15T19:01:32Z,2026-04-15
38327,1,4681,2026-04-16,0,2026-04-16,,2026-04-16T11:00:00Z,,,2026-04-16T12:55:00Z,2026-04-16T12:40:00Z,,0,-15,115,,0,-2,22,BOM,BLR,5217,0,321,VTNHO,0,0,1,DOM,0,0,0,7,2,3,3,1,0,0,BOM,0,45,0,0,67,67,113,113,10,11,11,,2026-04-15T19:01:32Z,2026-04-15
45594,1,4681,2026-04-11,0,2026-04-11,,2026-04-11T11:00:00Z,,2026-04-11T11:08:00Z,2026-04-11T12:55:00Z,2026-04-11T12:46:00Z,2026-04-11T12:44:00Z,8,-11,115,96,0,-19,9,BOM,BLR,5217,0,321,VTNCX,0,0,1,DOM,0,0,0,6,2,3,3,1,0,0,BOM,54,45,0,0,67,67,113,113,10,11,11,1,2026-04-15T19:01:32Z,2026-04-15
64269,2,4681,2026-04-11,0,2026-04-11,,2026-04-11T11:00:00Z,,2026-04-11T11:08:00Z,2026-04-11T12:55:00Z,2026-04-11T12:46:00Z,2026-04-11T12:44:00Z,8,-11,115,96,0,-19,9,BOM,BLR,5217,0,321,VTNCX,0,0,1,DOM,0,0,0,2,2,3,3,1,0,0,BOM,54,45,0,0,67,67,113,113,10,11,11,,2026-04-15T19:01:32Z,2026-04-15
90906,2,4681,2026-04-13,0,2026-04-13,,2026-04-13T11:00:00Z,,2026-04-13T10:47:00Z,2026-04-13T12:55:00Z,2026-04-13T12:33:00Z,2026-04-13T12:42:00Z,-13,-13,115,115,0,0,-6,BOM,BLR,5217,0,321,VTNCF,0,0,1,DOM,0,0,0,7,2,3,3,1,0,0,BOM,39,45,0,0,67,67,109,112,10,11,10,,2026-04-15T19:01:32Z,2026-04-15
23744,1,4681,2026-04-14,0,2026-04-14,,2026-04-14T11:00:00Z,,2026-04-14T10:55:00Z,2026-04-14T12:55:00Z,2026-04-14T12:33:00Z,2026-04-14T12:32:00Z,-5,-23,115,97,0,-18,7,BOM,BLR,5217,0,321,VTNOA,0,0,1,DOM,0,0,0,4,2,3,3,1,0,0,BOM,52,45,0,0,67,67,109,112,10,11,10,1,2026-04-15T19:01:32Z,2026-04-15
35925,1,4681,2026-04-06,0,2026-04-06,,2026-04-06T11:00:00Z,,2026-04-06T11:03:00Z,2026-04-06T12:55:00Z,2026-04-06T12:49:00Z,2026-04-06T12:57:00Z,3,2,115,114,0,-1,-1,BOM,BLR,5217,0,321,VTIWT,0,0,1,DOM,0,0,0,3,2,3,3,1,0,0,BOM,44,45,0,0,67,67,113,113,10,11,11,,2026-04-15T19:01:32Z,2026-04-15
78919,2,4681,2026-04-06,0,2026-04-06,,2026-04-06T11:00:00Z,,2026-04-06T11:03:00Z,2026-04-06T12:55:00Z,2026-04-06T12:49:00Z,2026-04-06T12:57:00Z,3,2,115,114,0,-1,-1,BOM,BLR,5217,0,321,VTIWT,0,0,1,DOM,0,0,0,3,2,3,3,1,0,0,BOM,44,45,0,0,67,67,113,113,10,11,11,,2026-04-15T19:01:32Z,2026-04-15
38323,1,F9271,2026-04-03,0,2026-04-03,,2026-04-04T02:05:00Z,,2026-04-04T02:20:00Z,2026-04-04T04:30:00Z,2026-04-04T04:37:00Z,2026-04-04T04:37:00Z,15,7,145,137,0,-8,9,CCU,DEL,9271,0,321,VTIKW,1,0,1,DOM,0,0,0,1,2,1,1,1,0,0,CCU,129,120,0,0,,,151,152,0,2,2,,2026-04-15T19:01:32Z,2026-04-15
14318,1,F9271,2026-04-05,0,2026-04-05,,2026-04-06T04:05:00Z,,2026-04-06T03:55:00Z,2026-04-06T06:30:00Z,2026-04-06T06:08:00Z,2026-04-06T06:08:00Z,-10,-22,145,133,0,-12,9,CCU,DEL,9271,0,321,VTIKW,1,0,1,DOM,0,0,0,1,2,1,1,1,0,0,CCU,249,240,0,0,60,60,,,23,4,3,,2026-04-15T19:01:32Z,2026-04-15
56827,1,1199,2026-04-09,0,2026-04-09,,2026-04-09T12:05:00Z,,2026-04-09T11:48:00Z,2026-04-09T13:55:00Z,2026-04-09T13:43:00Z,2026-04-09T13:43:00Z,-17,-12,110,115,0,5,-1,ISK,HYD,7137,0,ATR,VTIRK,0,0,0,DOM,0,0,0,4,2,1,1,1,0,0,ISK,19,20,0,0,26,29,114,115,11,12,11,1,2026-04-15T19:01:32Z,2026-04-15
71977,2,1199,2026-04-09,0,2026-04-09,,2026-04-09T12:05:00Z,,2026-04-09T11:48:00Z,2026-04-09T13:55:00Z,2026-04-09T13:43:00Z,2026-04-09T13:43:00Z,-17,-12,110,115,0,5,-1,ISK,HYD,7137,0,ATR,VTIRK,0,0,0,DOM,0,0,0,4,2,1,1,1,0,0,ISK,19,20,0,0,26,29,114,115,11,12,11,,2026-04-15T19:01:32Z,2026-04-15
13462,1,3909,2026-04-14,0,2026-04-14,,2026-04-14T14:40:00Z,,2026-04-14T14:49:00Z,2026-04-14T16:55:00Z,2026-04-14T17:07:00Z,2026-04-14T17:27:00Z,9,32,135,158,0,23,18,HYD,DEL,711,0,321,VTNCP,0,0,0,DOM,0,0,0,5,2,1,1,1,0,0,HYD,58,40,0,0,52,57,150,150,13,14,14,1,2026-04-15T19:01:32Z,2026-04-15
71977,2,1199,2026-04-09,0,2026-04-10,,2026-04-10T19:10:00Z,2026-04-10T19:30:00Z,2026-04-10T19:33:00Z,2026-04-10T20:40:00Z,2026-04-10T21:16:00Z,2026-04-10T21:16:00Z,23,36,90,103,0,13,5,AMD,NMI,7018,0,ATR,VTIRE,0,0,0,DOM,0,0,0,5,3,2,2,1,0,0,AMD,35,30,0,0,27,27,103,103,18,19,19,,2026-04-15T19:17:28Z,2026-04-15
49568,1,1199,2026-04-13,0,2026-04-14,,2026-04-14T19:10:00Z,2026-04-14T19:25:00Z,2026-04-14T19:23:00Z,2026-04-14T20:40:00Z,2026-04-14T21:08:00Z,2026-04-14T21:07:00Z,13,27,90,104,0,14,-3,AMD,NMI,7018,0,ATR,VTIYO,0,0,0,DOM,0,0,0,5,3,2,2,1,0,0,AMD,27,30,0,0,27,27,103,103,18,19,19,1,2026-04-15T19:17:28Z,2026-04-15
76960,2,1199,2026-04-05,0,2026-04-06,,2026-04-06T19:10:00Z,2026-04-06T19:25:00Z,2026-04-06T19:11:00Z,2026-04-06T20:40:00Z,2026-04-06T20:54:00Z,2026-04-06T20:53:00Z,1,13,90,102,0,12,-7,AMD,NMI,7018,0,ATR,VTIYJ,0,0,0,DOM,0,0,0,2,3,2,2,1,0,0,AMD,23,30,0,0,27,27,103,103,18,19,19,,2026-04-15T19:17:28Z,2026-04-15
56827,1,1199,2026-04-09,0,2026-04-10,,2026-04-10T19:10:00Z,2026-04-10T19:30:00Z,2026-04-10T19:33:00Z,2026-04-10T20:40:00Z,2026-04-10T21:16:00Z,2026-04-10T21:16:00Z,23,36,90,103,0,13,5,AMD,NMI,7018,0,ATR,VTIRE,0,0,0,DOM,0,0,0,5,3,2,2,1,0,0,AMD,35,30,0,0,27,27,103,103,18,19,19,1,2026-04-15T19:17:28Z,2026-04-15
85872,2,1199,2026-04-12,0,2026-04-13,,2026-04-13T19:10:00Z,2026-04-13T19:20:00Z,2026-04-13T19:13:00Z,2026-04-13T20:40:00Z,2026-04-13T20:51:00Z,2026-04-13T20:55:00Z,3,15,90,102,0,12,-4,AMD,NMI,7018,0,ATR,VTIRO,0,0,0,DOM,0,0,0,4,3,2,2,1,0,0,AMD,26,30,0,0,27,27,103,103,18,19,19,,2026-04-15T19:17:28Z,2026-04-15
30009,1,1199,2026-04-12,0,2026-04-13,,2026-04-13T19:10:00Z,2026-04-13T19:20:00Z,2026-04-13T19:13:00Z,2026-04-13T20:40:00Z,2026-04-13T20:51:00Z,2026-04-13T20:55:00Z,3,15,90,102,0,12,-4,AMD,NMI,7018,0,ATR,VTIRO,0,0,0,DOM,0,0,0,5,3,2,2,1,0,0,AMD,26,30,0,0,27,27,103,103,18,19,19,1,2026-04-15T19:17:28Z,2026-04-15
30009,1,1199,2026-04-05,0,2026-04-06,,2026-04-06T19:10:00Z,2026-04-06T19:25:00Z,2026-04-06T19:11:00Z,2026-04-06T20:40:00Z,2026-04-06T20:54:00Z,2026-04-06T20:53:00Z,1,13,90,102,0,12,-7,AMD,NMI,7018,0,ATR,VTIYJ,0,0,0,DOM,0,0,0,2,3,2,2,1,0,0,AMD,23,30,0,0,27,27,103,103,18,19,19,,2026-04-15T19:17:28Z,2026-04-15
67038,2,1199,2026-04-13,0,2026-04-14,,2026-04-14T19:10:00Z,2026-04-14T19:25:00Z,2026-04-14T19:23:00Z,2026-04-14T20:40:00Z,2026-04-14T21:08:00Z,2026-04-14T21:07:00Z,13,27,90,104,0,14,-3,AMD,NMI,7018,0,ATR,VTIYO,0,0,0,DOM,0,0,0,6,3,2,2,1,0,0,AMD,27,30,0,0,27,27,103,103,18,19,19,,2026-04-15T19:17:28Z,2026-04-15
78812,2,1199,2026-04-04,0,2026-04-05,,2026-04-05T19:10:00Z,2026-04-05T19:55:00Z,2026-04-05T19:49:00Z,2026-04-05T20:40:00Z,2026-04-05T21:32:00Z,2026-04-05T21:30:00Z,39,50,90,101,0,11,-5,AMD,NMI,7018,0,ATR,VTIYJ,0,0,0,DOM,0,0,0,2,3,2,2,1,0,0,AMD,25,30,0,0,32,34,103,103,19,19,19,,2026-04-15T19:17:28Z,2026-04-15
80859,1,1199,2026-04-03,0,2026-04-04,,2026-04-04T19:10:00Z,2026-04-04T19:55:00Z,2026-04-04T19:34:00Z,2026-04-04T20:40:00Z,2026-04-04T21:18:00Z,2026-04-04T21:16:00Z,24,36,90,102,0,12,3,AMD,NMI,7018,0,ATR,VTIYG,0,0,0,DOM,0,0,0,2,3,2,2,1,0,0,AMD,33,30,0,0,32,34,103,103,19,19,19,,2026-04-15T19:17:28Z,2026-04-15
89626,2,1199,2026-04-07,0,2026-04-08,,2026-04-08T19:10:00Z,2026-04-08T19:45:00Z,2026-04-08T19:40:00Z,2026-04-08T20:40:00Z,2026-04-08T21:24:00Z,2026-04-08T21:26:00Z,30,46,90,106,0,16,-8,AMD,NMI,7018,0,ATR,VTIYE,0,0,0,DOM,0,0,0,4,3,2,2,1,0,0,AMD,22,30,0,0,32,34,103,103,19,19,19,,2026-04-15T19:17:28Z,2026-04-15
37566,1,1199,2026-04-07,0,2026-04-08,,2026-04-08T19:10:00Z,2026-04-08T19:45:00Z,2026-04-08T19:40:00Z,2026-04-08T20:40:00Z,2026-04-08T21:24:00Z,2026-04-08T21:26:00Z,30,46,90,106,0,16,-8,AMD,NMI,7018,0,ATR,VTIYE,0,0,0,DOM,0,0,0,4,3,2,2,1,0,0,AMD,22,30,0,0,32,34,103,103,19,19,19,1,2026-04-15T19:17:28Z,2026-04-15
82998,2,1199,2026-04-11,0,2026-04-12,,2026-04-12T19:10:00Z,2026-04-12T19:30:00Z,2026-04-12T19:31:00Z,2026-04-12T20:40:00Z,2026-04-12T21:06:00Z,2026-04-12T21:03:00Z,21,23,90,92,0,2,-4,AMD,NMI,7018,0,ATR,VTIRQ,0,0,0,DOM,0,0,0,4,3,2,2,1,0,0,AMD,26,30,0,0,32,34,103,103,19,19,19,,2026-04-15T19:17:28Z,2026-04-15
88517,2,1199,2026-04-10,0,2026-04-11,,2026-04-11T19:10:00Z,2026-04-11T20:10:00Z,2026-04-11T20:07:00Z,2026-04-11T20:40:00Z,2026-04-11T22:21:00Z,2026-04-11T22:19:00Z,57,99,90,132,0,42,0,AMD,NMI,7018,0,ATR,VTIYO,0,0,0,DOM,0,0,0,3,3,2,2,1,0,0,AMD,30,30,0,0,32,34,132,132,19,19,20,,2026-04-15T19:17:28Z,2026-04-15
76960,2,1199,2026-04-05,0,2026-04-06,,2026-04-06T21:10:00Z,2026-04-06T21:20:00Z,2026-04-06T21:18:00Z,2026-04-06T22:35:00Z,2026-04-06T22:51:00Z,2026-04-06T22:54:00Z,8,19,85,96,0,11,-5,NMI,AMD,7017,0,ATR,VTIYJ,0,0,0,DOM,0,0,0,2,4,1,1,1,0,0,NMI,25,30,0,0,60,60,96,102,20,21,21,,2026-04-15T19:17:28Z,2026-04-15
85872,2,1199,2026-04-12,0,2026-04-13,,2026-04-13T21:10:00Z,2026-04-13T21:20:00Z,2026-04-13T21:17:00Z,2026-04-13T22:35:00Z,2026-04-13T22:48:00Z,2026-04-13T22:50:00Z,7,15,85,93,0,8,-8,NMI,AMD,7017,0,ATR,VTIRO,0,0,0,DOM,0,0,0,4,4,1,1,1,0,0,NMI,22,30,0,0,60,60,96,102,20,21,21,,2026-04-15T19:17:28Z,2026-04-15
30009,1,1199,2026-04-12,0,2026-04-13,,2026-04-13T21:10:00Z,2026-04-13T21:20:00Z,2026-04-13T21:17:00Z,2026-04-13T22:35:00Z,2026-04-13T22:48:00Z,2026-04-13T22:50:00Z,7,15,85,93,0,8,-8,NMI,AMD,7017,0,ATR,VTIRO,0,0,0,DOM,0,0,0,5,4,1,1,1,0,0,NMI,22,30,0,0,60,60,96,102,20,21,21,1,2026-04-15T19:17:28Z,2026-04-15
30009,1,1199,2026-04-05,0,2026-04-06,,2026-04-06T21:10:00Z,2026-04-06T21:20:00Z,2026-04-06T21:18:00Z,2026-04-06T22:35:00Z,2026-04-06T22:51:00Z,2026-04-06T22:54:00Z,8,19,85,96,0,11,-5,NMI,AMD,7017,0,ATR,VTIYJ,0,0,0,DOM,0,0,0,2,4,1,1,1,0,0,NMI,25,30,0,0,60,60,96,102,20,21,21,,2026-04-15T19:17:28Z,2026-04-15
88517,2,1199,2026-04-10,0,2026-04-11,,2026-04-11T21:10:00Z,2026-04-11T22:50:00Z,2026-04-11T22:51:00Z,2026-04-11T22:35:00Z,2026-04-12T00:28:00Z,2026-04-12T00:35:00Z,101,120,85,104,0,19,2,NMI,AMD,7017,0,ATR,VTIYO,0,0,0,DOM,0,0,0,3,4,1,1,1,0,0,NMI,32,30,0,0,60,60,104,104,22,21,22,,2026-04-15T19:17:28Z,2026-04-15
71977,2,1199,2026-04-09,0,2026-04-10,,2026-04-10T21:10:00Z,2026-04-10T21:45:00Z,2026-04-10T21:39:00Z,2026-04-10T22:35:00Z,2026-04-10T23:16:00Z,2026-04-10T23:21:00Z,29,46,85,102,0,17,-7,NMI,AMD,7017,0,ATR,VTIRE,0,0,0,DOM,0,0,0,5,4,1,1,1,0,0,NMI,23,30,0,0,28,28,96,102,21,21,21,,2026-04-15T19:17:28Z,2026-04-15
49568,1,1199,2026-04-13,0,2026-04-14,,2026-04-14T21:10:00Z,2026-04-14T21:40:00Z,2026-04-14T21:37:00Z,2026-04-14T22:35:00Z,2026-04-14T23:09:00Z,2026-04-14T23:08:00Z,27,33,85,91,0,6,0,NMI,AMD,7017,0,ATR,VTIYO,0,0,0,DOM,0,0,0,5,4,1,1,1,0,0,NMI,30,30,0,0,28,28,96,102,21,21,21,1,2026-04-15T19:17:28Z,2026-04-15
78812,2,1199,2026-04-04,0,2026-04-05,,2026-04-05T21:10:00Z,2026-04-05T22:00:00Z,2026-04-05T22:01:00Z,2026-04-05T22:35:00Z,2026-04-05T23:37:00Z,2026-04-05T23:48:00Z,51,73,85,107,0,22,1,NMI,AMD,7017,0,ATR,VTIYJ,0,0,0,DOM,0,0,0,2,4,1,1,1,0,0,NMI,31,30,0,0,28,28,104,104,21,21,22,,2026-04-15T19:17:28Z,2026-04-15
80859,1,1199,2026-04-03,0,2026-04-04,,2026-04-04T21:10:00Z,2026-04-04T22:00:00Z,2026-04-04T22:13:00Z,2026-04-04T22:35:00Z,2026-04-04T23:44:00Z,2026-04-04T23:43:00Z,63,68,85,90,0,5,27,NMI,AMD,7017,0,ATR,VTIYG,0,0,0,DOM,0,0,0,2,4,1,1,1,0,0,NMI,57,30,0,0,28,28,104,104,21,21,22,,2026-04-15T19:17:28Z,2026-04-15
89626,2,1199,2026-04-07,0,2026-04-08,,2026-04-08T21:10:00Z,2026-04-08T21:55:00Z,2026-04-08T21:47:00Z,2026-04-08T22:35:00Z,2026-04-08T23:32:00Z,2026-04-08T23:35:00Z,37,60,85,108,0,23,-9,NMI,AMD,7017,0,ATR,VTIYE,0,0,0,DOM,0,0,0,4,4,1,1,1,0,0,NMI,21,30,0,0,28,28,96,102,21,21,21,,2026-04-15T19:17:28Z,2026-04-15
56827,1,1199,2026-04-09,0,2026-04-10,,2026-04-10T21:10:00Z,2026-04-10T21:45:00Z,2026-04-10T21:39:00Z,2026-04-10T22:35:00Z,2026-04-10T23:16:00Z,2026-04-10T23:21:00Z,29,46,85,102,0,17,-7,NMI,AMD,7017,0,ATR,VTIRE,0,0,0,DOM,0,0,0,5,4,1,1,1,0,0,NMI,23,30,0,0,28,28,96,102,21,21,21,1,2026-04-15T19:17:28Z,2026-04-15
37566,1,1199,2026-04-07,0,2026-04-08,,2026-04-08T21:10:00Z,2026-04-08T21:55:00Z,2026-04-08T21:47:00Z,2026-04-08T22:35:00Z,2026-04-08T23:32:00Z,2026-04-08T23:35:00Z,37,60,85,108,0,23,-9,NMI,AMD,7017,0,ATR,VTIYE,0,0,0,DOM,0,0,0,4,4,1,1,1,0,0,NMI,21,30,0,0,28,28,96,102,21,21,21,1,2026-04-15T19:17:28Z,2026-04-15
82998,2,1199,2026-04-11,0,2026-04-12,,2026-04-12T21:10:00Z,2026-04-12T21:40:00Z,2026-04-12T21:31:00Z,2026-04-12T22:35:00Z,2026-04-12T23:07:00Z,2026-04-12T23:07:00Z,21,32,85,96,0,11,-2,NMI,AMD,7017,0,ATR,VTIRQ,0,0,0,DOM,0,0,0,4,4,1,1,1,0,0,NMI,28,30,0,0,28,28,96,102,21,21,21,,2026-04-15T19:17:28Z,2026-04-15
67038,2,1199,2026-04-13,0,2026-04-14,,2026-04-14T21:10:00Z,2026-04-14T21:40:00Z,2026-04-14T21:37:00Z,2026-04-14T22:35:00Z,2026-04-14T23:09:00Z,2026-04-14T23:08:00Z,27,33,85,91,0,6,0,NMI,AMD,7017,0,ATR,VTIYO,0,0,0,DOM,0,0,0,6,4,1,1,1,0,0,NMI,30,30,0,0,28,28,96,102,21,21,21,,2026-04-15T19:17:28Z,2026-04-15
78812,2,1199,2026-04-14,0,2026-04-15,,2026-04-15T17:30:00Z,2026-04-15T17:55:00Z,2026-04-15T17:43:00Z,2026-04-15T18:40:00Z,2026-04-15T18:56:00Z,2026-04-15T18:57:00Z,13,17,70,74,0,4,1,ISK,AMD,7219,0,ATR,VTIYP,0,0,0,DOM,0,0,0,6,2,1,1,1,0,0,ISK,21,20,0,0,21,23,81,81,17,17,17,,2026-04-15T19:17:28Z,2026-04-15
35925,1,4681,2026-04-06,0,2026-04-06,,2026-04-06T16:55:00Z,2026-04-06T17:25:00Z,2026-04-06T17:15:00Z,2026-04-06T19:15:00Z,2026-04-06T19:20:00Z,2026-04-06T19:28:00Z,20,13,140,133,0,-7,-13,AMD,BLR,863,0,320,VTIAX,0,0,0,DOM,0,0,0,3,4,1,1,1,0,0,AMD,42,55,0,0,45,51,137,137,16,16,17,,2026-04-15T19:17:28Z,2026-04-15
78919,2,4681,2026-04-06,0,2026-04-06,,2026-04-06T16:55:00Z,2026-04-06T17:25:00Z,2026-04-06T17:15:00Z,2026-04-06T19:15:00Z,2026-04-06T19:20:00Z,2026-04-06T19:28:00Z,20,13,140,133,0,-7,-13,AMD,BLR,863,0,320,VTIAX,0,0,0,DOM,0,0,0,3,4,1,1,1,0,0,AMD,42,55,0,0,45,51,137,137,16,16,17,,2026-04-15T19:17:28Z,2026-04-15
62973,2,3909,2026-04-07,0,2026-04-07,,2026-04-07T20:00:00Z,2026-04-07T21:20:00Z,2026-04-07T21:16:00Z,2026-04-07T21:20:00Z,2026-04-07T23:03:00Z,2026-04-07T23:04:00Z,76,104,80,108,0,28,-9,UDR,DEL,6229,0,320,VTIIA,0,0,0,DOM,0,0,0,3,4,1,1,1,0,0,UDR,26,35,0,0,60,60,,,20,20,21,,2026-04-15T19:17:28Z,2026-04-15
22452,1,3909,2026-04-11,0,2026-04-11,,2026-04-11T20:00:00Z,2026-04-11T20:35:00Z,2026-04-11T20:51:00Z,2026-04-11T21:20:00Z,2026-04-11T22:05:00Z,2026-04-11T22:12:00Z,51,52,80,81,0,1,17,UDR,DEL,6229,0,320,VTIKK,0,0,0,DOM,0,0,0,4,4,1,1,1,0,0,UDR,52,35,0,0,33,36,81,81,19,20,20,1,2026-04-15T19:17:28Z,2026-04-15
64998,2,3909,2026-04-04,0,2026-04-04,,2026-04-04T20:00:00Z,2026-04-04T20:10:00Z,2026-04-04T20:16:00Z,2026-04-04T21:20:00Z,2026-04-04T21:30:00Z,2026-04-04T21:33:00Z,16,13,80,77,0,-3,1,UDR,DEL,6229,0,320,VTIQI,0,0,0,DOM,0,0,0,1,4,1,1,1,0,0,UDR,36,35,0,0,33,36,81,81,19,20,20,,2026-04-15T19:17:28Z,2026-04-15
69116,2,3909,2026-04-12,0,2026-04-12,,2026-04-12T20:00:00Z,2026-04-12T20:25:00Z,2026-04-12T20:24:00Z,2026-04-12T21:20:00Z,2026-04-12T21:41:00Z,2026-04-12T21:45:00Z,24,25,80,81,0,1,1,UDR,DEL,6229,0,320,VTIKK,0,0,0,DOM,0,0,0,5,4,1,1,1,0,0,UDR,36,35,0,0,33,36,81,81,19,20,20,,2026-04-15T19:17:28Z,2026-04-15
43904,2,3909,2026-04-15,0,2026-04-15,,2026-04-15T14:40:00Z,2026-04-15T14:55:00Z,2026-04-15T15:07:00Z,2026-04-15T16:55:00Z,2026-04-15T17:21:00Z,2026-04-15T17:23:00Z,27,28,135,136,0,1,13,HYD,DEL,711,0,321,VTIWS,0,0,0,DOM,0,0,0,7,2,1,1,1,0,0,HYD,53,40,0,0,53,54,169,169,14,14,15,,2026-04-15T19:17:28Z,2026-04-15
15088,1,3909,2026-04-03,0,2026-04-03,,2026-04-03T14:40:00Z,2026-04-03T15:00:00Z,2026-04-03T14:58:00Z,2026-04-03T16:55:00Z,2026-04-03T17:04:00Z,2026-04-03T17:07:00Z,18,12,135,129,0,-6,-1,HYD,DEL,711,0,321,VTNCW,0,0,0,DOM,0,0,0,1,2,1,1,1,0,0,HYD,39,40,0,0,53,54,150,150,14,14,14,,2026-04-15T19:17:28Z,2026-04-15
18381,1,3909,2026-04-10,0,2026-04-10,,2026-04-10T14:40:00Z,2026-04-10T15:05:00Z,2026-04-10T15:22:00Z,2026-04-10T16:55:00Z,2026-04-10T17:51:00Z,2026-04-10T17:56:00Z,42,61,135,154,0,19,14,HYD,DEL,711,0,321,VTNHC,0,0,0,DOM,0,0,0,5,2,1,1,1,0,0,HYD,54,40,0,0,53,54,169,169,14,14,15,1,2026-04-15T19:17:28Z,2026-04-15
18481,1,3909,2026-04-15,0,2026-04-15,,2026-04-15T14:40:00Z,2026-04-15T14:55:00Z,2026-04-15T15:07:00Z,2026-04-15T16:55:00Z,2026-04-15T17:21:00Z,2026-04-15T17:23:00Z,27,28,135,136,0,1,13,HYD,DEL,711,0,321,VTIWS,0,0,0,DOM,0,0,0,9,2,1,1,1,0,0,HYD,53,40,0,0,53,54,169,169,14,14,15,1,2026-04-15T19:17:28Z,2026-04-15
21516,1,3909,2026-04-05,0,2026-04-05,,2026-04-05T14:40:00Z,2026-04-05T14:55:00Z,2026-04-05T15:08:00Z,2026-04-05T16:55:00Z,2026-04-05T17:36:00Z,2026-04-05T17:41:00Z,28,46,135,153,0,18,20,HYD,DEL,711,0,321,VTNCZ,0,0,0,DOM,0,0,0,3,2,1,1,1,0,0,HYD,60,40,0,0,53,54,169,169,14,14,15,,2026-04-15T19:17:28Z,2026-04-15
37552,1,F9271,2026-04-08,0,2026-04-08,,2026-04-09T04:00:00Z,2026-04-09T04:35:00Z,2026-04-09T04:32:00Z,2026-04-09T06:05:00Z,2026-04-09T06:58:00Z,2026-04-09T06:58:00Z,32,53,125,146,0,21,55,CCU,DEL,9423,0,321,VTIKW,1,0,1,DOM,0,0,0,5,2,1,1,1,0,0,CCU,290,235,0,0,60,60,146,146,23,4,4,1,2026-04-15T19:17:28Z,2026-04-15
89774,2,F9271,2026-04-08,0,2026-04-08,,2026-04-09T04:00:00Z,2026-04-09T04:35:00Z,2026-04-09T04:32:00Z,2026-04-09T06:05:00Z,2026-04-09T06:58:00Z,2026-04-09T06:58:00Z,32,53,125,146,0,21,55,CCU,DEL,9423,0,321,VTIKW,1,0,1,DOM,0,0,0,1,2,1,1,1,0,0,CCU,290,235,0,0,60,60,146,146,23,4,4,,2026-04-15T19:17:28Z,2026-04-15
39854,1,3909,2026-04-09,0,2026-04-09,,2026-04-09T14:40:00Z,2026-04-09T14:55:00Z,2026-04-09T14:56:00Z,2026-04-09T16:55:00Z,2026-04-09T17:16:00Z,2026-04-09T17:19:00Z,16,24,135,143,0,8,3,HYD,DEL,711,0,321,VTNCD,0,0,0,DOM,0,0,0,4,2,3,3,1,0,0,HYD,43,40,0,0,53,54,150,150,14,14,14,1,2026-04-15T19:17:28Z,2026-04-15
62973,2,3909,2026-04-07,0,2026-04-07,,2026-04-07T14:40:00Z,2026-04-07T15:10:00Z,2026-04-07T15:06:00Z,2026-04-07T16:55:00Z,2026-04-07T17:39:00Z,2026-04-07T17:44:00Z,26,49,135,158,0,23,1,HYD,DEL,711,0,321,VTNCW,0,0,0,DOM,0,0,0,3,2,3,3,1,0,0,HYD,41,40,0,0,53,54,169,169,14,14,15,,2026-04-15T19:17:28Z,2026-04-15
64998,2,3909,2026-04-04,0,2026-04-04,,2026-04-04T14:40:00Z,2026-04-04T15:00:00Z,2026-04-04T15:05:00Z,2026-04-04T16:55:00Z,2026-04-04T17:15:00Z,2026-04-04T17:19:00Z,25,24,135,134,0,-1,2,HYD,DEL,711,0,321,VTICM,0,0,0,DOM,0,0,0,1,2,3,3,1,0,0,HYD,42,40,0,0,53,54,169,169,14,14,15,,2026-04-15T19:17:28Z,2026-04-15
69116,2,3909,2026-04-12,0,2026-04-12,,2026-04-12T14:40:00Z,2026-04-12T15:00:00Z,2026-04-12T14:53:00Z,2026-04-12T16:55:00Z,2026-04-12T17:08:00Z,2026-04-12T17:11:00Z,13,16,135,138,0,3,12,HYD,DEL,711,0,321,VTNHE,0,0,0,DOM,0,0,0,5,2,3,3,1,0,0,HYD,52,40,0,0,53,54,150,150,14,14,14,,2026-04-15T19:17:28Z,2026-04-15
22452,1,3909,2026-04-11,0,2026-04-11,,2026-04-11T14:40:00Z,2026-04-11T14:55:00Z,2026-04-11T14:53:00Z,2026-04-11T16:55:00Z,2026-04-11T17:07:00Z,2026-04-11T17:15:00Z,13,20,135,142,0,7,16,HYD,DEL,711,0,321,VTICH,0,0,0,DOM,0,0,0,4,2,3,3,1,0,0,HYD,56,40,0,0,52,57,150,150,13,14,14,1,2026-04-15T19:17:28Z,2026-04-15
22452,1,3909,2026-04-11,0,2026-04-11,,2026-04-11T18:10:00Z,2026-04-11T18:25:00Z,2026-04-11T18:36:00Z,2026-04-11T19:25:00Z,2026-04-11T20:02:00Z,2026-04-11T19:59:00Z,26,34,75,83,0,8,6,DEL,UDR,6228,0,320,VTIKK,1,0,0,DOM,0,0,0,4,3,2,2,1,0,0,DEL,81,75,0,0,108,110,83,83,17,18,18,1,2026-04-15T19:17:28Z,2026-04-15
62973,2,3909,2026-04-07,0,2026-04-07,,2026-04-07T18:10:00Z,2026-04-07T19:00:00Z,2026-04-07T19:19:00Z,2026-04-07T19:25:00Z,2026-04-07T20:52:00Z,2026-04-07T20:50:00Z,69,85,75,91,0,16,20,DEL,UDR,6228,0,320,VTIIA,1,0,0,DOM,0,0,0,3,3,2,2,1,0,0,DEL,95,75,0,0,108,110,,,17,18,19,,2026-04-15T19:17:28Z,2026-04-15
69116,2,3909,2026-04-12,0,2026-04-12,,2026-04-12T18:10:00Z,2026-04-12T18:40:00Z,2026-04-12T18:36:00Z,2026-04-12T19:25:00Z,2026-04-12T19:50:00Z,2026-04-12T19:48:00Z,26,23,75,72,0,-3,10,DEL,UDR,6228,0,320,VTIKK,1,0,0,DOM,0,0,0,5,3,2,2,1,0,0,DEL,85,75,0,0,108,110,83,83,17,18,18,,2026-04-15T19:17:28Z,2026-04-15
