DUTYDAY,DUTY,REPORTING_STATUS,REPORTING,CP,FO,ETD_STD,ETA_STA,OPS_LEGS,ALLOWABLE_FDP,SCHEDULED_FDP,ACTUAL_FDP,PREDICTED_FDP,FDP_VARIANCE,ALLOWABLE_FT,SCHEDULED_FT,PREDICTED_FT,FT_VARIANCE,NIGHT_LANDINGS_VARIANCE,NIGHT_FDP_VARIANCE,PREDICTED_FDP_END,CRITICALITY,CRITICALITY_SCORE,FLEET,CROUTE,SECTORS,COMMENT,CREATED_AT_IST,CREATED_AT_IST_DAY
2026-04-25,66608:7-71977:5,Yet to Report,2026-04-25T14:50:00Z,66608,71977,2026-04-25T15:35:00Z,2026-04-25T22:35:00Z,4,12,7.75,7.75,9.8,2.1999999999999993,8,5.666666666666667,6.683333333333334,1.3166666666666664,-1,0.1999999999999993,2026-04-26T00:38:00Z,L4,90.41155356283205,ATR,1199,HYD-ISK-AMD-NMI-AMD,,2026-04-24T00:35:17Z,2026-04-24
2026-04-25,20418:6-76104:4,Yet to Report,2026-04-25T06:10:00Z,20418,76104,2026-04-25T06:55:00Z,2026-04-25T13:55:00Z,4,12,7.75,7.75,7.6,4.4,8,5.583333333333333,5.466666666666667,2.533333333333333,,,2026-04-25T13:46:00Z,L0,0,ATR,1199,AMD-IDR-AMD-ISK-HYD,,2026-04-24T00:35:17Z,2026-04-24
2026-04-25,66608:7-71977:5,Yet to Report,2026-04-25T14:50:00Z,66608,71977,2026-04-25T15:35:00Z,2026-04-25T22:35:00Z,4,12,7.75,7.75,9.8,2.1999999999999993,8,5.666666666666667,5.666666666666667,2.333333333333333,-1,0.1999999999999993,2026-04-26T00:38:00Z,L4,90.41155356283198,ATR,1199,HYD-ISK-AMD-NMI-AMD,,2026-04-24T00:17:55Z,2026-04-24
2026-04-25,20418:6-76104:4,Yet to Report,2026-04-25T06:10:00Z,20418,76104,2026-04-25T06:55:00Z,2026-04-25T13:55:00Z,4,12,7.75,7.75,7.6,4.4,8,5.583333333333333,5.583333333333333,2.416666666666667,,,2026-04-25T13:46:00Z,L0,0,ATR,1199,AMD-IDR-AMD-ISK-HYD,,2026-04-24T00:17:55Z,2026-04-24
2026-04-25,66608:7-71977:5,Yet to Report,2026-04-25T14:50:00Z,66608,71977,2026-04-25T15:35:00Z,2026-04-25T22:35:00Z,4,12,7.75,7.75,9.8,2.1999999999999993,8,5.666666666666667,6.683333333333334,1.3166666666666664,-1,0.1999999999999993,2026-04-26T00:38:00Z,L4,90.41155356283205,ATR,1199,HYD-ISK-AMD-NMI-AMD,,2026-04-24T00:47:57Z,2026-04-24
2026-04-25,20418:6-76104:4,Yet to Report,2026-04-25T06:10:00Z,20418,76104,2026-04-25T06:55:00Z,2026-04-25T13:55:00Z,4,12,7.75,7.75,7.6,4.4,8,5.583333333333333,5.466666666666667,2.533333333333333,,,2026-04-25T13:46:00Z,L0,0,ATR,1199,AMD-IDR-AMD-ISK-HYD,,2026-04-24T00:47:57Z,2026-04-24
2026-04-25,66608:7-71977:5,Yet to Report,2026-04-25T14:50:00Z,66608,71977,2026-04-25T15:35:00Z,2026-04-25T22:45:00Z,4,12,7.75,7.916666666666667,9.766666666666666,2.2333333333333343,8,5.666666666666667,6.65,1.3499999999999996,-1,0.23333333333333428,2026-04-26T00:36:00Z,L4,90.41155351568032,ATR,1199,HYD-ISK-AMD-NMI-AMD,,2026-04-25T00:33:45Z,2026-04-25
2026-04-25,20418:6-78812:4,Yet to Report,2026-04-25T06:10:00Z,20418,78812,2026-04-25T06:55:00Z,2026-04-25T14:00:00Z,4,12,7.75,7.833333333333333,7.683333333333334,4.316666666666666,8,5.583333333333333,5.416666666666666,2.583333333333334,,,2026-04-25T13:51:00Z,L0,0,ATR,1199,AMD-IDR-AMD-ISK-HYD,,2026-04-25T00:33:45Z,2026-04-25
2026-04-25,66608:7-71977:5,Yet to Report,2026-04-25T14:50:00Z,66608,71977,2026-04-25T15:35:00Z,2026-04-25T22:45:00Z,4,12,7.75,7.916666666666667,9.766666666666666,2.2333333333333343,8,5.666666666666667,6.683333333333334,1.3166666666666664,-1,0.23333333333333428,2026-04-26T00:36:00Z,L4,90.41155351568032,ATR,1199,HYD-ISK-AMD-NMI-AMD,,2026-04-25T00:18:07Z,2026-04-25
2026-04-25,20418:6-78812:4,Yet to Report,2026-04-25T06:10:00Z,20418,78812,2026-04-25T06:55:00Z,2026-04-25T14:00:00Z,4,12,7.75,7.833333333333333,7.683333333333334,4.316666666666666,8,5.583333333333333,5.583333333333333,2.416666666666667,,,2026-04-25T13:51:00Z,L0,0,ATR,1199,AMD-IDR-AMD-ISK-HYD,,2026-04-25T00:18:07Z,2026-04-25
2026-04-25,66608:7-71977:5,Yet to Report,2026-04-25T14:50:00Z,66608,71977,2026-04-25T15:35:00Z,2026-04-25T22:45:00Z,4,12,7.75,7.916666666666667,9.766666666666666,2.2333333333333343,8,5.666666666666667,6.65,1.3499999999999996,-1,0.23333333333333428,2026-04-26T00:36:00Z,L4,90.41155351568032,ATR,1199,HYD-ISK-AMD-NMI-AMD,,2026-04-25T00:48:04Z,2026-04-25
2026-04-25,20418:6-78812:4,Yet to Report,2026-04-25T06:10:00Z,20418,78812,2026-04-25T06:55:00Z,2026-04-25T14:00:00Z,4,12,7.75,7.833333333333333,7.683333333333334,4.316666666666666,8,5.583333333333333,5.416666666666666,2.583333333333334,,,2026-04-25T13:51:00Z,L0,0,ATR,1199,AMD-IDR-AMD-ISK-HYD,,2026-04-25T00:48:04Z,2026-04-25
2026-04-25,66608:7-71977:5,Yet to Report,2026-04-25T14:50:00Z,66608,71977,2026-04-25T15:35:00Z,2026-04-25T22:35:00Z,4,12,7.75,7.75,9.8,2.1999999999999993,8,5.666666666666667,6.683333333333334,1.3166666666666664,-1,0.1999999999999993,2026-04-26T00:38:00Z,L4,90.41155356283205,ATR,1199,HYD-ISK-AMD-NMI-AMD,,2026-04-24T01:05:25Z,2026-04-24
2026-04-25,20418:6-76104:4,Yet to Report,2026-04-25T06:10:00Z,20418,76104,2026-04-25T06:55:00Z,2026-04-25T13:55:00Z,4,12,7.75,7.75,7.6,4.4,8,5.583333333333333,5.466666666666667,2.533333333333333,,,2026-04-25T13:46:00Z,L0,0,ATR,1199,AMD-IDR-AMD-ISK-HYD,,2026-04-24T01:05:25Z,2026-04-24
2026-04-25,66608:7-71977:5,Yet to Report,2026-04-25T14:50:00Z,66608,71977,2026-04-25T15:35:00Z,2026-04-25T22:45:00Z,4,12,7.75,7.916666666666667,9.766666666666666,2.2333333333333343,8,5.666666666666667,6.65,1.3499999999999996,-1,0.23333333333333428,2026-04-26T00:36:00Z,L4,90.41155351568032,ATR,1199,HYD-ISK-AMD-NMI-AMD,,2026-04-25T01:04:01Z,2026-04-25
2026-04-25,20418:6-78812:4,Yet to Report,2026-04-25T06:10:00Z,20418,78812,2026-04-25T06:55:00Z,2026-04-25T14:00:00Z,4,12,7.75,7.833333333333333,7.683333333333334,4.316666666666666,8,5.583333333333333,5.416666666666666,2.583333333333334,,,2026-04-25T13:51:00Z,L0,0,ATR,1199,AMD-IDR-AMD-ISK-HYD,,2026-04-25T01:04:01Z,2026-04-25
2026-04-25,66608:7-71977:5,Yet to Report,2026-04-25T14:50:00Z,66608,71977,2026-04-25T15:35:00Z,2026-04-25T22:35:00Z,4,12,7.75,7.75,9.8,2.1999999999999993,8,5.666666666666667,6.683333333333334,1.3166666666666664,-1,0.1999999999999993,2026-04-26T00:38:00Z,L4,90.41155356283205,ATR,1199,HYD-ISK-AMD-NMI-AMD,,2026-04-24T01:17:39Z,2026-04-24
2026-04-25,20418:6-76104:4,Yet to Report,2026-04-25T06:10:00Z,20418,76104,2026-04-25T06:55:00Z,2026-04-25T13:55:00Z,4,12,7.75,7.75,7.6,4.4,8,5.583333333333333,5.466666666666667,2.533333333333333,,,2026-04-25T13:46:00Z,L0,0,ATR,1199,AMD-IDR-AMD-ISK-HYD,,2026-04-24T01:17:39Z,2026-04-24
2026-04-25,66608:7-71977:5,Yet to Report,2026-04-25T14:50:00Z,66608,71977,2026-04-25T15:35:00Z,2026-04-25T22:35:00Z,4,12,7.75,7.75,9.8,2.1999999999999993,8,5.666666666666667,6.683333333333334,1.3166666666666664,-1,0.1999999999999993,2026-04-26T00:38:00Z,L4,90.41155356283205,ATR,1199,HYD-ISK-AMD-NMI-AMD,,2026-04-24T01:33:33Z,2026-04-24
2026-04-25,20418:6-76104:4,Yet to Report,2026-04-25T06:10:00Z,20418,76104,2026-04-25T06:55:00Z,2026-04-25T13:55:00Z,4,12,7.75,7.75,7.6,4.4,8,5.583333333333333,5.466666666666667,2.533333333333333,,,2026-04-25T13:46:00Z,L0,0,ATR,1199,AMD-IDR-AMD-ISK-HYD,,2026-04-24T01:33:33Z,2026-04-24
2026-04-25,66608:7-71977:5,Yet to Report,2026-04-25T14:50:00Z,66608,71977,2026-04-25T15:35:00Z,2026-04-25T22:45:00Z,4,12,7.75,7.916666666666667,9.766666666666666,2.2333333333333343,8,5.666666666666667,6.65,1.3499999999999996,-1,0.23333333333333428,2026-04-26T00:36:00Z,L4,90.41155351568032,ATR,1199,HYD-ISK-AMD-NMI-AMD,,2026-04-25T01:18:01Z,2026-04-25
2026-04-25,20418:6-78812:4,Yet to Report,2026-04-25T06:10:00Z,20418,78812,2026-04-25T06:55:00Z,2026-04-25T14:00:00Z,4,12,7.75,7.833333333333333,7.683333333333334,4.316666666666666,8,5.583333333333333,5.416666666666666,2.583333333333334,,,2026-04-25T13:51:00Z,L0,0,ATR,1199,AMD-IDR-AMD-ISK-HYD,,2026-04-25T01:18:01Z,2026-04-25
2026-04-25,66608:7-71977:5,Yet to Report,2026-04-25T14:50:00Z,66608,71977,2026-04-25T15:35:00Z,2026-04-25T22:35:00Z,4,12,7.75,7.75,9.8,2.1999999999999993,8,5.666666666666667,6.683333333333334,1.3166666666666664,-1,0.1999999999999993,2026-04-26T00:38:00Z,L4,90.41155356283205,ATR,1199,HYD-ISK-AMD-NMI-AMD,,2026-04-24T01:47:48Z,2026-04-24
2026-04-25,20418:6-76104:4,Yet to Report,2026-04-25T06:10:00Z,20418,76104,2026-04-25T06:55:00Z,2026-04-25T13:55:00Z,4,12,7.75,7.75,7.6,4.4,8,5.583333333333333,5.466666666666667,2.533333333333333,,,2026-04-25T13:46:00Z,L0,0,ATR,1199,AMD-IDR-AMD-ISK-HYD,,2026-04-24T01:47:48Z,2026-04-24
2026-04-25,66608:7-71977:5,Yet to Report,2026-04-25T14:50:00Z,66608,71977,2026-04-25T15:35:00Z,2026-04-25T22:35:00Z,4,12,7.75,7.75,9.8,2.1999999999999993,8,5.666666666666667,6.683333333333334,1.3166666666666664,-1,0.1999999999999993,2026-04-26T00:38:00Z,L4,90.41155356283205,ATR,1199,HYD-ISK-AMD-NMI-AMD,,2026-04-24T02:05:07Z,2026-04-24
2026-04-25,20418:6-76104:4,Yet to Report,2026-04-25T06:10:00Z,20418,76104,2026-04-25T06:55:00Z,2026-04-25T13:55:00Z,4,12,7.75,7.75,7.6,4.4,8,5.583333333333333,5.466666666666667,2.533333333333333,,,2026-04-25T13:46:00Z,L0,0,ATR,1199,AMD-IDR-AMD-ISK-HYD,,2026-04-24T02:05:07Z,2026-04-24
2026-04-25,66608:7-71977:5,Yet to Report,2026-04-25T14:50:00Z,66608,71977,2026-04-25T15:35:00Z,2026-04-25T22:35:00Z,4,12,7.75,7.75,9.8,2.1999999999999993,8,5.666666666666667,6.683333333333334,1.3166666666666664,-1,0.1999999999999993,2026-04-26T00:38:00Z,L4,90.41155356283205,ATR,1199,HYD-ISK-AMD-NMI-AMD,,2026-04-24T02:17:56Z,2026-04-24
2026-04-25,20418:6-76104:4,Yet to Report,2026-04-25T06:10:00Z,20418,76104,2026-04-25T06:55:00Z,2026-04-25T13:55:00Z,4,12,7.75,7.75,7.6,4.4,8,5.583333333333333,5.466666666666667,2.533333333333333,,,2026-04-25T13:46:00Z,L0,0,ATR,1199,AMD-IDR-AMD-ISK-HYD,,2026-04-24T02:17:56Z,2026-04-24
2026-04-25,66608:7-71977:5,Yet to Report,2026-04-25T14:50:00Z,66608,71977,2026-04-25T15:35:00Z,2026-04-25T22:45:00Z,4,12,7.75,7.916666666666667,9.766666666666666,2.2333333333333343,8,5.666666666666667,6.65,1.3499999999999996,-1,0.23333333333333428,2026-04-26T00:36:00Z,L4,90.41155351568032,ATR,1199,HYD-ISK-AMD-NMI-AMD,,2026-04-25T01:34:11Z,2026-04-25
2026-04-25,20418:6-78812:4,Yet to Report,2026-04-25T06:10:00Z,20418,78812,2026-04-25T06:55:00Z,2026-04-25T14:00:00Z,4,12,7.75,7.833333333333333,7.683333333333334,4.316666666666666,8,5.583333333333333,5.416666666666666,2.583333333333334,,,2026-04-25T13:51:00Z,L0,0,ATR,1199,AMD-IDR-AMD-ISK-HYD,,2026-04-25T01:34:11Z,2026-04-25
2026-04-25,66608:7-71977:5,Yet to Report,2026-04-25T14:50:00Z,66608,71977,2026-04-25T15:35:00Z,2026-04-25T22:45:00Z,4,12,7.75,7.916666666666667,9.766666666666666,2.2333333333333343,8,5.666666666666667,6.65,1.3499999999999996,-1,0.23333333333333428,2026-04-26T00:36:00Z,L4,90.41155351568032,ATR,1199,HYD-ISK-AMD-NMI-AMD,,2026-04-25T01:48:30Z,2026-04-25
2026-04-25,20418:6-78812:4,Yet to Report,2026-04-25T06:10:00Z,20418,78812,2026-04-25T06:55:00Z,2026-04-25T14:00:00Z,4,12,7.75,7.833333333333333,7.683333333333334,4.316666666666666,8,5.583333333333333,5.416666666666666,2.583333333333334,,,2026-04-25T13:51:00Z,L0,0,ATR,1199,AMD-IDR-AMD-ISK-HYD,,2026-04-25T01:48:30Z,2026-04-25
2026-04-25,66608:7-71977:5,Yet to Report,2026-04-25T14:50:00Z,66608,71977,2026-04-25T15:35:00Z,2026-04-25T22:45:00Z,4,12,7.75,7.916666666666667,9.766666666666666,2.2333333333333343,8,5.666666666666667,6.65,1.3499999999999996,-1,0.23333333333333428,2026-04-26T00:36:00Z,L4,90.41155351568032,ATR,1199,HYD-ISK-AMD-NMI-AMD,,2026-04-25T02:18:55Z,2026-04-25
2026-04-25,20418:6-78812:4,Yet to Report,2026-04-25T06:10:00Z,20418,78812,2026-04-25T06:55:00Z,2026-04-25T14:00:00Z,4,12,7.75,7.833333333333333,7.683333333333334,4.316666666666666,8,5.583333333333333,5.416666666666666,2.583333333333334,,,2026-04-25T13:51:00Z,L0,0,ATR,1199,AMD-IDR-AMD-ISK-HYD,,2026-04-25T02:18:55Z,2026-04-25
2026-04-25,66608:7-71977:5,Yet to Report,2026-04-25T14:50:00Z,66608,71977,2026-04-25T15:35:00Z,2026-04-25T22:45:00Z,4,12,7.75,7.916666666666667,9.766666666666666,2.2333333333333343,8,5.666666666666667,6.65,1.3499999999999996,-1,0.23333333333333428,2026-04-26T00:36:00Z,L4,90.41155351568032,ATR,1199,HYD-ISK-AMD-NMI-AMD,,2026-04-25T02:04:18Z,2026-04-25
2026-04-25,20418:6-78812:4,Yet to Report,2026-04-25T06:10:00Z,20418,78812,2026-04-25T06:55:00Z,2026-04-25T14:00:00Z,4,12,7.75,7.833333333333333,7.683333333333334,4.316666666666666,8,5.583333333333333,5.416666666666666,2.583333333333334,,,2026-04-25T13:51:00Z,L0,0,ATR,1199,AMD-IDR-AMD-ISK-HYD,,2026-04-25T02:04:18Z,2026-04-25
2026-04-25,66608:7-71977:5,Yet to Report,2026-04-25T14:50:00Z,66608,71977,2026-04-25T15:35:00Z,2026-04-25T22:35:00Z,4,12,7.75,7.75,9.8,2.1999999999999993,8,5.666666666666667,6.683333333333334,1.3166666666666664,-1,0.1999999999999993,2026-04-26T00:38:00Z,L4,90.41155356283205,ATR,1199,HYD-ISK-AMD-NMI-AMD,,2026-04-24T02:33:58Z,2026-04-24
2026-04-25,20418:6-76104:4,Yet to Report,2026-04-25T06:10:00Z,20418,76104,2026-04-25T06:55:00Z,2026-04-25T13:55:00Z,4,12,7.75,7.75,7.6,4.4,8,5.583333333333333,5.466666666666667,2.533333333333333,,,2026-04-25T13:46:00Z,L0,0,ATR,1199,AMD-IDR-AMD-ISK-HYD,,2026-04-24T02:33:58Z,2026-04-24
2026-04-25,66608:7-71977:5,Yet to Report,2026-04-25T14:50:00Z,66608,71977,2026-04-25T15:35:00Z,2026-04-25T22:35:00Z,4,12,7.75,7.75,9.8,2.1999999999999993,8,5.666666666666667,6.683333333333334,1.3166666666666664,-1,0.1999999999999993,2026-04-26T00:38:00Z,L4,90.41155356283205,ATR,1199,HYD-ISK-AMD-NMI-AMD,,2026-04-24T02:49:02Z,2026-04-24
2026-04-25,20418:6-76104:4,Yet to Report,2026-04-25T06:10:00Z,20418,76104,2026-04-25T06:55:00Z,2026-04-25T13:55:00Z,4,12,7.75,7.75,7.6,4.4,8,5.583333333333333,5.466666666666667,2.533333333333333,,,2026-04-25T13:46:00Z,L0,0,ATR,1199,AMD-IDR-AMD-ISK-HYD,,2026-04-24T02:49:02Z,2026-04-24
2026-04-25,66608:7-71977:5,Yet to Report,2026-04-25T14:50:00Z,66608,71977,2026-04-25T15:35:00Z,2026-04-25T22:35:00Z,4,12,7.75,7.75,9.8,2.1999999999999993,8,5.666666666666667,6.683333333333334,1.3166666666666664,-1,0.1999999999999993,2026-04-26T00:38:00Z,L4,90.41155356283205,ATR,1199,HYD-ISK-AMD-NMI-AMD,,2026-04-24T03:04:07Z,2026-04-24
2026-04-25,20418:6-76104:4,Yet to Report,2026-04-25T06:10:00Z,20418,76104,2026-04-25T06:55:00Z,2026-04-25T13:55:00Z,4,12,7.75,7.75,7.6,4.4,8,5.583333333333333,5.466666666666667,2.533333333333333,,,2026-04-25T13:46:00Z,L0,0,ATR,1199,AMD-IDR-AMD-ISK-HYD,,2026-04-24T03:04:07Z,2026-04-24
2026-04-25,66608:7-71977:5,Yet to Report,2026-04-25T14:50:00Z,66608,71977,2026-04-25T15:35:00Z,2026-04-25T22:35:00Z,4,12,7.75,7.75,9.8,2.1999999999999993,8,5.666666666666667,6.683333333333334,1.3166666666666664,-1,0.1999999999999993,2026-04-26T00:38:00Z,L4,90.41155356283205,ATR,1199,HYD-ISK-AMD-NMI-AMD,,2026-04-24T03:48:00Z,2026-04-24
2026-04-25,20418:6-76104:4,Yet to Report,2026-04-25T06:10:00Z,20418,76104,2026-04-25T06:55:00Z,2026-04-25T13:55:00Z,4,12,7.75,7.75,7.6,4.4,8,5.583333333333333,5.466666666666667,2.533333333333333,,,2026-04-25T13:46:00Z,L0,0,ATR,1199,AMD-IDR-AMD-ISK-HYD,,2026-04-24T03:48:00Z,2026-04-24
2026-04-25,66608:7-71977:5,Yet to Report,2026-04-25T14:50:00Z,66608,71977,2026-04-25T15:35:00Z,2026-04-25T22:35:00Z,4,12,7.75,7.75,9.8,2.1999999999999993,8,5.666666666666667,6.683333333333334,1.3166666666666664,-1,0.1999999999999993,2026-04-26T00:38:00Z,L4,90.41155356283205,ATR,1199,HYD-ISK-AMD-NMI-AMD,,2026-04-24T04:06:02Z,2026-04-24
2026-04-25,20418:6-76104:4,Yet to Report,2026-04-25T06:10:00Z,20418,76104,2026-04-25T06:55:00Z,2026-04-25T13:55:00Z,4,12,7.75,7.75,7.6,4.4,8,5.583333333333333,5.466666666666667,2.533333333333333,,,2026-04-25T13:46:00Z,L0,0,ATR,1199,AMD-IDR-AMD-ISK-HYD,,2026-04-24T04:06:02Z,2026-04-24
2026-04-25,66608:7-71977:5,Yet to Report,2026-04-25T14:50:00Z,66608,71977,2026-04-25T15:35:00Z,2026-04-25T22:45:00Z,4,12,7.75,7.916666666666667,9.766666666666666,2.2333333333333343,8,5.666666666666667,6.65,1.3499999999999996,-1,0.23333333333333428,2026-04-26T00:36:00Z,L4,90.41155351568032,ATR,1199,HYD-ISK-AMD-NMI-AMD,,2026-04-25T02:33:40Z,2026-04-25
2026-04-25,20418:6-78812:4,Yet to Report,2026-04-25T06:10:00Z,20418,78812,2026-04-25T06:55:00Z,2026-04-25T14:00:00Z,4,12,7.75,7.833333333333333,7.683333333333334,4.316666666666666,8,5.583333333333333,5.416666666666666,2.583333333333334,,,2026-04-25T13:51:00Z,L0,0,ATR,1199,AMD-IDR-AMD-ISK-HYD,,2026-04-25T02:33:40Z,2026-04-25
2026-04-25,66608:7-71977:5,Yet to Report,2026-04-25T14:50:00Z,66608,71977,2026-04-25T15:35:00Z,2026-04-25T22:35:00Z,4,12,7.75,7.75,9.8,2.1999999999999993,8,5.666666666666667,6.683333333333334,1.3166666666666664,-1,0.1999999999999993,2026-04-26T00:38:00Z,L4,90.41155356283205,ATR,1199,HYD-ISK-AMD-NMI-AMD,,2026-04-24T03:34:29Z,2026-04-24
2026-04-25,20418:6-76104:4,Yet to Report,2026-04-25T06:10:00Z,20418,76104,2026-04-25T06:55:00Z,2026-04-25T13:55:00Z,4,12,7.75,7.75,7.6,4.4,8,5.583333333333333,5.466666666666667,2.533333333333333,,,2026-04-25T13:46:00Z,L0,0,ATR,1199,AMD-IDR-AMD-ISK-HYD,,2026-04-24T03:34:29Z,2026-04-24
2026-04-25,66608:7-71977:5,Yet to Report,2026-04-25T14:50:00Z,66608,71977,2026-04-25T15:35:00Z,2026-04-25T22:35:00Z,4,12,7.75,7.75,9.8,2.1999999999999993,8,5.666666666666667,6.683333333333334,1.3166666666666664,-1,0.1999999999999993,2026-04-26T00:38:00Z,L4,90.41155356283205,ATR,1199,HYD-ISK-AMD-NMI-AMD,,2026-04-24T03:19:13Z,2026-04-24
2026-04-25,20418:6-76104:4,Yet to Report,2026-04-25T06:10:00Z,20418,76104,2026-04-25T06:55:00Z,2026-04-25T13:55:00Z,4,12,7.75,7.75,7.6,4.4,8,5.583333333333333,5.466666666666667,2.533333333333333,,,2026-04-25T13:46:00Z,L0,0,ATR,1199,AMD-IDR-AMD-ISK-HYD,,2026-04-24T03:19:13Z,2026-04-24
2026-04-25,66608:7-71977:5,Yet to Report,2026-04-25T14:50:00Z,66608,71977,2026-04-25T15:35:00Z,2026-04-25T22:35:00Z,4,12,7.75,7.75,9.8,2.1999999999999993,8,5.666666666666667,6.683333333333334,1.3166666666666664,-1,0.1999999999999993,2026-04-26T00:38:00Z,L4,90.41155356283205,ATR,1199,HYD-ISK-AMD-NMI-AMD,,2026-04-24T04:18:34Z,2026-04-24
2026-04-25,20418:6-76104:4,Yet to Report,2026-04-25T06:10:00Z,20418,76104,2026-04-25T06:55:00Z,2026-04-25T13:55:00Z,4,12,7.75,7.75,7.6,4.4,8,5.583333333333333,5.466666666666667,2.533333333333333,,,2026-04-25T13:46:00Z,L0,0,ATR,1199,AMD-IDR-AMD-ISK-HYD,,2026-04-24T04:18:34Z,2026-04-24
2026-04-25,66608:7-71977:5,Yet to Report,2026-04-25T14:50:00Z,66608,71977,2026-04-25T15:35:00Z,2026-04-25T22:45:00Z,4,12,7.75,7.916666666666667,9.766666666666666,2.2333333333333343,8,5.666666666666667,6.65,1.3499999999999996,-1,0.23333333333333428,2026-04-26T00:36:00Z,L4,90.41155351568032,ATR,1199,HYD-ISK-AMD-NMI-AMD,,2026-04-25T03:33:53Z,2026-04-25
2026-04-25,20418:6-78812:4,Yet to Report,2026-04-25T06:10:00Z,20418,78812,2026-04-25T06:55:00Z,2026-04-25T14:00:00Z,4,12,7.75,7.833333333333333,7.683333333333334,4.316666666666666,8,5.583333333333333,5.416666666666666,2.583333333333334,,,2026-04-25T13:51:00Z,L0,0,ATR,1199,AMD-IDR-AMD-ISK-HYD,,2026-04-25T03:33:53Z,2026-04-25
2026-04-25,66608:7-71977:5,Yet to Report,2026-04-25T14:50:00Z,66608,71977,2026-04-25T15:35:00Z,2026-04-25T22:45:00Z,4,12,7.75,7.916666666666667,9.766666666666666,2.2333333333333343,8,5.666666666666667,6.65,1.3499999999999996,-1,0.23333333333333428,2026-04-26T00:36:00Z,L4,90.41155351568032,ATR,1199,HYD-ISK-AMD-NMI-AMD,,2026-04-25T03:05:37Z,2026-04-25
2026-04-25,20418:6-78812:4,Yet to Report,2026-04-25T06:10:00Z,20418,78812,2026-04-25T06:55:00Z,2026-04-25T14:00:00Z,4,12,7.75,7.833333333333333,7.683333333333334,4.316666666666666,8,5.583333333333333,5.416666666666666,2.583333333333334,,,2026-04-25T13:51:00Z,L0,0,ATR,1199,AMD-IDR-AMD-ISK-HYD,,2026-04-25T03:05:37Z,2026-04-25
2026-04-25,66608:7-71977:5,Yet to Report,2026-04-25T14:50:00Z,66608,71977,2026-04-25T15:35:00Z,2026-04-25T22:35:00Z,4,12,7.75,7.75,9.8,2.1999999999999993,8,5.666666666666667,6.683333333333334,1.3166666666666664,-1,0.1999999999999993,2026-04-26T00:38:00Z,L4,90.41155356283205,ATR,1199,HYD-ISK-AMD-NMI-AMD,,2026-04-24T04:34:38Z,2026-04-24
2026-04-25,20418:6-76104:4,Yet to Report,2026-04-25T06:10:00Z,20418,76104,2026-04-25T06:55:00Z,2026-04-25T13:55:00Z,4,12,7.75,7.75,7.6,4.4,8,5.583333333333333,5.466666666666667,2.533333333333333,,,2026-04-25T13:46:00Z,L0,0,ATR,1199,AMD-IDR-AMD-ISK-HYD,,2026-04-24T04:34:38Z,2026-04-24
2026-04-25,66608:7-71977:5,Yet to Report,2026-04-25T14:50:00Z,66608,71977,2026-04-25T15:35:00Z,2026-04-25T22:45:00Z,4,12,7.75,7.916666666666667,9.766666666666666,2.2333333333333343,8,5.666666666666667,6.65,1.3499999999999996,-1,0.23333333333333428,2026-04-26T00:36:00Z,L4,90.41155351568032,ATR,1199,HYD-ISK-AMD-NMI-AMD,,2026-04-25T02:48:35Z,2026-04-25
2026-04-25,20418:6-78812:4,Yet to Report,2026-04-25T06:10:00Z,20418,78812,2026-04-25T06:55:00Z,2026-04-25T14:00:00Z,4,12,7.75,7.833333333333333,7.683333333333334,4.316666666666666,8,5.583333333333333,5.416666666666666,2.583333333333334,,,2026-04-25T13:51:00Z,L0,0,ATR,1199,AMD-IDR-AMD-ISK-HYD,,2026-04-25T02:48:35Z,2026-04-25
2026-04-25,66608:7-71977:5,Yet to Report,2026-04-25T14:50:00Z,66608,71977,2026-04-25T15:35:00Z,2026-04-25T22:45:00Z,4,12,7.75,7.916666666666667,9.766666666666666,2.2333333333333343,8,5.666666666666667,6.65,1.3499999999999996,-1,0.23333333333333428,2026-04-26T00:36:00Z,L4,90.41155351568032,ATR,1199,HYD-ISK-AMD-NMI-AMD,,2026-04-25T03:17:53Z,2026-04-25
2026-04-25,20418:6-78812:4,Yet to Report,2026-04-25T06:10:00Z,20418,78812,2026-04-25T06:55:00Z,2026-04-25T14:00:00Z,4,12,7.75,7.833333333333333,7.683333333333334,4.316666666666666,8,5.583333333333333,5.416666666666666,2.583333333333334,,,2026-04-25T13:51:00Z,L0,0,ATR,1199,AMD-IDR-AMD-ISK-HYD,,2026-04-25T03:17:53Z,2026-04-25
2026-04-25,66608:7-71977:5,Yet to Report,2026-04-25T14:50:00Z,66608,71977,2026-04-25T15:35:00Z,2026-04-25T22:45:00Z,4,12,7.75,7.916666666666667,9.766666666666666,2.2333333333333343,8,5.666666666666667,6.65,1.3499999999999996,-1,0.23333333333333428,2026-04-26T00:36:00Z,L4,90.41155351568032,ATR,1199,HYD-ISK-AMD-NMI-AMD,,2026-04-25T04:47:59Z,2026-04-25
2026-04-25,20418:6-78812:4,Yet to Report,2026-04-25T06:10:00Z,20418,78812,2026-04-25T06:55:00Z,2026-04-25T14:00:00Z,4,12,7.75,7.833333333333333,7.683333333333334,4.316666666666666,8,5.583333333333333,5.416666666666666,2.583333333333334,,,2026-04-25T13:51:00Z,L0,0,ATR,1199,AMD-IDR-AMD-ISK-HYD,,2026-04-25T04:47:59Z,2026-04-25
2026-04-25,66608:7-71977:5,Yet to Report,2026-04-25T14:50:00Z,66608,71977,2026-04-25T15:35:00Z,2026-04-25T22:45:00Z,4,12,7.75,7.916666666666667,9.766666666666666,2.2333333333333343,8,5.666666666666667,6.65,1.3499999999999996,-1,0.23333333333333428,2026-04-26T00:36:00Z,L4,90.41155351568032,ATR,1199,HYD-ISK-AMD-NMI-AMD,,2026-04-25T04:34:19Z,2026-04-25
2026-04-25,20418:6-78812:4,Yet to Report,2026-04-25T06:10:00Z,20418,78812,2026-04-25T06:55:00Z,2026-04-25T14:00:00Z,4,12,7.75,7.833333333333333,7.683333333333334,4.316666666666666,8,5.583333333333333,5.416666666666666,2.583333333333334,,,2026-04-25T13:51:00Z,L0,0,ATR,1199,AMD-IDR-AMD-ISK-HYD,,2026-04-25T04:34:19Z,2026-04-25
2026-04-25,66608:7-71977:5,Yet to Report,2026-04-25T14:50:00Z,66608,71977,2026-04-25T15:35:00Z,2026-04-25T22:45:00Z,4,12,7.75,7.916666666666667,9.766666666666666,2.2333333333333343,8,5.666666666666667,6.65,1.3499999999999996,-1,0.23333333333333428,2026-04-26T00:36:00Z,L4,90.41155351568032,ATR,1199,HYD-ISK-AMD-NMI-AMD,,2026-04-25T03:48:31Z,2026-04-25
2026-04-25,20418:6-78812:4,Yet to Report,2026-04-25T06:10:00Z,20418,78812,2026-04-25T06:55:00Z,2026-04-25T14:00:00Z,4,12,7.75,7.833333333333333,7.683333333333334,4.316666666666666,8,5.583333333333333,5.416666666666666,2.583333333333334,,,2026-04-25T13:51:00Z,L0,0,ATR,1199,AMD-IDR-AMD-ISK-HYD,,2026-04-25T03:48:31Z,2026-04-25
2026-04-25,66608:7-71977:5,Yet to Report,2026-04-25T14:50:00Z,66608,71977,2026-04-25T15:35:00Z,2026-04-25T22:35:00Z,4,12,7.75,7.75,9.8,2.1999999999999993,8,5.666666666666667,6.683333333333334,1.3166666666666664,-1,0.1999999999999993,2026-04-26T00:38:00Z,L4,90.41155356283205,ATR,1199,HYD-ISK-AMD-NMI-AMD,,2026-04-24T04:48:54Z,2026-04-24
2026-04-25,20418:6-76104:4,Yet to Report,2026-04-25T06:10:00Z,20418,76104,2026-04-25T06:55:00Z,2026-04-25T13:55:00Z,4,12,7.75,7.75,7.6,4.4,8,5.583333333333333,5.466666666666667,2.533333333333333,,,2026-04-25T13:46:00Z,L0,0,ATR,1199,AMD-IDR-AMD-ISK-HYD,,2026-04-24T04:48:54Z,2026-04-24
2026-04-25,66608:7-71977:5,Yet to Report,2026-04-25T14:50:00Z,66608,71977,2026-04-25T15:35:00Z,2026-04-25T22:45:00Z,4,12,7.75,7.916666666666667,9.766666666666666,2.2333333333333343,8,5.666666666666667,6.65,1.3499999999999996,-1,0.23333333333333428,2026-04-26T00:36:00Z,L4,90.41155351568032,ATR,1199,HYD-ISK-AMD-NMI-AMD,,2026-04-25T04:04:30Z,2026-04-25
2026-04-25,20418:6-78812:4,Yet to Report,2026-04-25T06:10:00Z,20418,78812,2026-04-25T06:55:00Z,2026-04-25T14:00:00Z,4,12,7.75,7.833333333333333,7.683333333333334,4.316666666666666,8,5.583333333333333,5.416666666666666,2.583333333333334,,,2026-04-25T13:51:00Z,L0,0,ATR,1199,AMD-IDR-AMD-ISK-HYD,,2026-04-25T04:04:30Z,2026-04-25
2026-04-25,66608:7-71977:5,Yet to Report,2026-04-25T14:50:00Z,66608,71977,2026-04-25T15:35:00Z,2026-04-25T22:45:00Z,4,12,7.75,7.916666666666667,9.766666666666666,2.2333333333333343,8,5.666666666666667,6.65,1.3499999999999996,-1,0.23333333333333428,2026-04-26T00:36:00Z,L4,90.41155351568032,ATR,1199,HYD-ISK-AMD-NMI-AMD,,2026-04-25T04:18:03Z,2026-04-25
2026-04-25,20418:6-78812:4,Yet to Report,2026-04-25T06:10:00Z,20418,78812,2026-04-25T06:55:00Z,2026-04-25T14:00:00Z,4,12,7.75,7.833333333333333,7.683333333333334,4.316666666666666,8,5.583333333333333,5.416666666666666,2.583333333333334,,,2026-04-25T13:51:00Z,L0,0,ATR,1199,AMD-IDR-AMD-ISK-HYD,,2026-04-25T04:18:03Z,2026-04-25
2026-04-25,66608:7-71977:5,Yet to Report,2026-04-25T14:50:00Z,66608,71977,2026-04-25T15:35:00Z,2026-04-25T22:35:00Z,4,12,7.75,7.75,9.8,2.1999999999999993,8,5.666666666666667,6.683333333333334,1.3166666666666664,-1,0.1999999999999993,2026-04-26T00:38:00Z,L4,90.41155356283205,ATR,1199,HYD-ISK-AMD-NMI-AMD,,2026-04-24T05:18:13Z,2026-04-24
2026-04-25,20418:6-76104:4,Yet to Report,2026-04-25T06:10:00Z,20418,76104,2026-04-25T06:55:00Z,2026-04-25T13:55:00Z,4,12,7.75,7.75,7.6,4.4,8,5.583333333333333,5.466666666666667,2.533333333333333,,,2026-04-25T13:46:00Z,L0,0,ATR,1199,AMD-IDR-AMD-ISK-HYD,,2026-04-24T05:18:13Z,2026-04-24
2026-04-25,66608:7-71977:5,Yet to Report,2026-04-25T14:50:00Z,66608,71977,2026-04-25T15:35:00Z,2026-04-25T22:35:00Z,4,12,7.75,7.75,9.8,2.1999999999999993,8,5.666666666666667,6.683333333333334,1.3166666666666664,-1,0.1999999999999993,2026-04-26T00:38:00Z,L4,90.41155356283205,ATR,1199,HYD-ISK-AMD-NMI-AMD,,2026-04-24T05:47:48Z,2026-04-24
2026-04-25,20418:6-76104:4,Yet to Report,2026-04-25T06:10:00Z,20418,76104,2026-04-25T06:55:00Z,2026-04-25T13:55:00Z,4,12,7.75,7.75,7.6,4.4,8,5.583333333333333,5.466666666666667,2.533333333333333,,,2026-04-25T13:46:00Z,L0,0,ATR,1199,AMD-IDR-AMD-ISK-HYD,,2026-04-24T05:47:48Z,2026-04-24
2026-04-25,66608:7-71977:5,Yet to Report,2026-04-25T14:50:00Z,66608,71977,2026-04-25T15:35:00Z,2026-04-25T22:45:00Z,4,12,7.75,7.916666666666667,9.766666666666666,2.2333333333333343,8,5.666666666666667,6.65,1.3499999999999996,-1,0.23333333333333428,2026-04-26T00:36:00Z,L4,90.41155351568032,ATR,1199,HYD-ISK-AMD-NMI-AMD,,2026-04-25T05:03:46Z,2026-04-25
2026-04-25,20418:6-78812:4,Yet to Report,2026-04-25T06:10:00Z,20418,78812,2026-04-25T06:55:00Z,2026-04-25T14:00:00Z,4,12,7.75,7.833333333333333,7.683333333333334,4.316666666666666,8,5.583333333333333,5.416666666666666,2.583333333333334,,,2026-04-25T13:51:00Z,L0,0,ATR,1199,AMD-IDR-AMD-ISK-HYD,,2026-04-25T05:03:46Z,2026-04-25
2026-04-25,66608:7-71977:5,Yet to Report,2026-04-25T14:50:00Z,66608,71977,2026-04-25T15:35:00Z,2026-04-25T22:35:00Z,4,12,7.75,7.75,9.8,2.1999999999999993,8,5.666666666666667,6.683333333333334,1.3166666666666664,-1,0.1999999999999993,2026-04-26T00:38:00Z,L4,90.41155356283205,ATR,1199,HYD-ISK-AMD-NMI-AMD,,2026-04-24T05:35:29Z,2026-04-24
2026-04-25,20418:6-76104:4,Yet to Report,2026-04-25T06:10:00Z,20418,76104,2026-04-25T06:55:00Z,2026-04-25T13:55:00Z,4,12,7.75,7.75,7.6,4.4,8,5.583333333333333,5.466666666666667,2.533333333333333,,,2026-04-25T13:46:00Z,L0,0,ATR,1199,AMD-IDR-AMD-ISK-HYD,,2026-04-24T05:35:29Z,2026-04-24
2026-04-25,66608:7-71977:5,Yet to Report,2026-04-25T14:50:00Z,66608,71977,2026-04-25T15:35:00Z,2026-04-25T22:35:00Z,4,12,7.75,7.75,9.8,2.1999999999999993,8,5.666666666666667,6.683333333333334,1.3166666666666664,-1,0.1999999999999993,2026-04-26T00:38:00Z,L4,90.41155356283205,ATR,1199,HYD-ISK-AMD-NMI-AMD,,2026-04-24T05:03:39Z,2026-04-24
2026-04-25,20418:6-76104:4,Yet to Report,2026-04-25T06:10:00Z,20418,76104,2026-04-25T06:55:00Z,2026-04-25T13:55:00Z,4,12,7.75,7.75,7.6,4.4,8,5.583333333333333,5.466666666666667,2.533333333333333,,,2026-04-25T13:46:00Z,L0,0,ATR,1199,AMD-IDR-AMD-ISK-HYD,,2026-04-24T05:03:39Z,2026-04-24
2026-04-25,66608:7-71977:5,Yet to Report,2026-04-25T14:50:00Z,66608,71977,2026-04-25T15:35:00Z,2026-04-25T22:35:00Z,4,12,7.75,7.75,9.8,2.1999999999999993,8,5.666666666666667,6.683333333333334,1.3166666666666664,-1,0.1999999999999993,2026-04-26T00:38:00Z,L4,90.41155356283205,ATR,1199,HYD-ISK-AMD-NMI-AMD,,2026-04-24T06:06:44Z,2026-04-24
2026-04-25,20418:6-76104:4,Yet to Report,2026-04-25T06:10:00Z,20418,76104,2026-04-25T06:55:00Z,2026-04-25T13:55:00Z,4,12,7.75,7.75,7.6,4.4,8,5.583333333333333,5.466666666666667,2.533333333333333,,,2026-04-25T13:46:00Z,L0,0,ATR,1199,AMD-IDR-AMD-ISK-HYD,,2026-04-24T06:06:44Z,2026-04-24
2026-04-25,66608:7-71977:5,Yet to Report,2026-04-25T14:50:00Z,66608,71977,2026-04-25T15:35:00Z,2026-04-25T22:35:00Z,4,12,7.75,7.75,9.8,2.1999999999999993,8,5.666666666666667,6.683333333333334,1.3166666666666664,-1,0.1999999999999993,2026-04-26T00:38:00Z,L4,90.41155356283205,ATR,1199,HYD-ISK-AMD-NMI-AMD,,2026-04-24T06:18:26Z,2026-04-24
2026-04-25,20418:6-76104:4,Yet to Report,2026-04-25T06:10:00Z,20418,76104,2026-04-25T06:55:00Z,2026-04-25T13:55:00Z,4,12,7.75,7.75,7.6,4.4,8,5.583333333333333,5.466666666666667,2.533333333333333,,,2026-04-25T13:46:00Z,L0,0,ATR,1199,AMD-IDR-AMD-ISK-HYD,,2026-04-24T06:18:26Z,2026-04-24
2026-04-25,66608:7-71977:5,Yet to Report,2026-04-25T14:50:00Z,66608,71977,2026-04-25T15:35:00Z,2026-04-25T22:45:00Z,4,12,7.75,7.916666666666667,9.766666666666666,2.2333333333333343,8,5.666666666666667,6.65,1.3499999999999996,-1,0.23333333333333428,2026-04-26T00:36:00Z,L4,90.41155351568032,ATR,1199,HYD-ISK-AMD-NMI-AMD,,2026-04-25T05:17:58Z,2026-04-25
2026-04-25,20418:6-78812:4,Yet to Report,2026-04-25T06:10:00Z,20418,78812,2026-04-25T06:55:00Z,2026-04-25T14:00:00Z,4,12,7.75,7.833333333333333,7.683333333333334,4.316666666666666,8,5.583333333333333,5.416666666666666,2.583333333333334,,,2026-04-25T13:51:00Z,L0,0,ATR,1199,AMD-IDR-AMD-ISK-HYD,,2026-04-25T05:17:58Z,2026-04-25
2026-04-25,66608:7-71977:5,Yet to Report,2026-04-25T14:50:00Z,66608,71977,2026-04-25T15:35:00Z,2026-04-25T22:45:00Z,4,12,7.75,7.916666666666667,9.766666666666666,2.2333333333333343,8,5.666666666666667,6.65,1.3499999999999996,-1,0.23333333333333428,2026-04-26T00:36:00Z,L4,90.41155351568032,ATR,1199,HYD-ISK-AMD-NMI-AMD,,2026-04-25T05:34:48Z,2026-04-25
2026-04-25,20418:6-78812:4,Yet to Report,2026-04-25T06:10:00Z,20418,78812,2026-04-25T06:55:00Z,2026-04-25T14:00:00Z,4,12,7.75,7.833333333333333,7.683333333333334,4.316666666666666,8,5.583333333333333,5.416666666666666,2.583333333333334,,,2026-04-25T13:51:00Z,L0,0,ATR,1199,AMD-IDR-AMD-ISK-HYD,,2026-04-25T05:34:48Z,2026-04-25
2026-04-25,66608:7-71977:5,Yet to Report,2026-04-25T14:50:00Z,66608,71977,2026-04-25T15:35:00Z,2026-04-25T22:35:00Z,4,12,7.75,7.75,9.8,2.1999999999999993,8,5.666666666666667,6.683333333333334,1.3166666666666664,-1,0.1999999999999993,2026-04-26T00:38:00Z,L4,90.41155356283205,ATR,1199,HYD-ISK-AMD-NMI-AMD,,2026-04-24T06:33:44Z,2026-04-24
2026-04-25,20418:6-76104:4,Yet to Report,2026-04-25T06:10:00Z,20418,76104,2026-04-25T06:55:00Z,2026-04-25T13:55:00Z,4,12,7.75,7.75,7.6,4.4,8,5.583333333333333,5.466666666666667,2.533333333333333,,,2026-04-25T13:46:00Z,L0,0,ATR,1199,AMD-IDR-AMD-ISK-HYD,,2026-04-24T06:33:44Z,2026-04-24
2026-04-25,66608:7-71977:5,Yet to Report,2026-04-25T14:50:00Z,66608,71977,2026-04-25T15:35:00Z,2026-04-25T22:45:00Z,4,12,7.75,7.916666666666667,9.766666666666666,2.2333333333333343,8,5.666666666666667,6.65,1.3499999999999996,-1,0.23333333333333428,2026-04-26T00:36:00Z,L4,90.41155351568032,ATR,1199,HYD-ISK-AMD-NMI-AMD,,2026-04-25T05:49:24Z,2026-04-25
2026-04-25,20418:6-78812:4,Yet to Report,2026-04-25T06:10:00Z,20418,78812,2026-04-25T06:55:00Z,2026-04-25T14:00:00Z,4,12,7.75,7.833333333333333,7.683333333333334,4.316666666666666,8,5.583333333333333,5.416666666666666,2.583333333333334,,,2026-04-25T13:51:00Z,L0,0,ATR,1199,AMD-IDR-AMD-ISK-HYD,,2026-04-25T05:49:24Z,2026-04-25
2026-04-25,66608:7-71977:5,Yet to Report,2026-04-25T14:50:00Z,66608,71977,2026-04-25T15:35:00Z,2026-04-25T22:35:00Z,4,12,7.75,7.75,9.8,2.1999999999999993,8,5.666666666666667,6.683333333333334,1.3166666666666664,-1,0.1999999999999993,2026-04-26T00:38:00Z,L4,90.41155356283205,ATR,1199,HYD-ISK-AMD-NMI-AMD,,2026-04-24T07:18:28Z,2026-04-24
2026-04-25,20418:6-76104:4,Yet to Report,2026-04-25T06:10:00Z,20418,76104,2026-04-25T06:55:00Z,2026-04-25T13:55:00Z,4,12,7.75,7.75,7.6,4.4,8,5.583333333333333,5.466666666666667,2.533333333333333,,,2026-04-25T13:46:00Z,L0,0,ATR,1199,AMD-IDR-AMD-ISK-HYD,,2026-04-24T07:18:28Z,2026-04-24
2026-04-25,66608:7-71977:5,Yet to Report,2026-04-25T14:50:00Z,66608,71977,2026-04-25T15:35:00Z,2026-04-25T22:45:00Z,4,12,7.75,7.916666666666667,9.766666666666666,2.2333333333333343,8,5.666666666666667,6.65,1.3499999999999996,-1,0.23333333333333428,2026-04-26T00:36:00Z,L4,90.41155351568032,ATR,1199,HYD-ISK-AMD-NMI-AMD,,2026-04-25T06:34:12Z,2026-04-25
2026-04-25,20418:6-78812:4,Reported,2026-04-25T06:10:00Z,20418,78812,2026-04-25T06:55:00Z,2026-04-25T14:00:00Z,4,12,7.75,7.833333333333333,7.683333333333334,4.316666666666666,8,5.583333333333333,5.416666666666666,2.583333333333334,,,2026-04-25T13:51:00Z,L0,0,ATR,1199,AMD-IDR-AMD-ISK-HYD,,2026-04-25T06:34:12Z,2026-04-25
2026-04-25,66608:7-71977:5,Yet to Report,2026-04-25T14:50:00Z,66608,71977,2026-04-25T15:35:00Z,2026-04-25T22:45:00Z,4,12,7.75,7.916666666666667,9.766666666666666,2.2333333333333343,8,5.666666666666667,6.65,1.3499999999999996,-1,0.23333333333333428,2026-04-26T00:36:00Z,L4,90.41155351568032,ATR,1199,HYD-ISK-AMD-NMI-AMD,,2026-04-25T06:06:00Z,2026-04-25
2026-04-25,20418:6-78812:4,Yet to Report,2026-04-25T06:10:00Z,20418,78812,2026-04-25T06:55:00Z,2026-04-25T14:00:00Z,4,12,7.75,7.833333333333333,7.683333333333334,4.316666666666666,8,5.583333333333333,5.416666666666666,2.583333333333334,,,2026-04-25T13:51:00Z,L0,0,ATR,1199,AMD-IDR-AMD-ISK-HYD,,2026-04-25T06:06:00Z,2026-04-25
2026-04-25,66608:7-71977:5,Yet to Report,2026-04-25T14:50:00Z,66608,71977,2026-04-25T15:35:00Z,2026-04-25T22:35:00Z,4,12,7.75,7.75,9.8,2.1999999999999993,8,5.666666666666667,6.683333333333334,1.3166666666666664,-1,0.1999999999999993,2026-04-26T00:38:00Z,L4,90.41155356283205,ATR,1199,HYD-ISK-AMD-NMI-AMD,,2026-04-24T06:48:25Z,2026-04-24
2026-04-25,20418:6-76104:4,Yet to Report,2026-04-25T06:10:00Z,20418,76104,2026-04-25T06:55:00Z,2026-04-25T13:55:00Z,4,12,7.75,7.75,7.6,4.4,8,5.583333333333333,5.466666666666667,2.533333333333333,,,2026-04-25T13:46:00Z,L0,0,ATR,1199,AMD-IDR-AMD-ISK-HYD,,2026-04-24T06:48:25Z,2026-04-24
2026-04-25,66608:7-71977:5,Yet to Report,2026-04-25T14:50:00Z,66608,71977,2026-04-25T15:35:00Z,2026-04-25T22:35:00Z,4,12,7.75,7.75,9.8,2.1999999999999993,8,5.666666666666667,6.683333333333334,1.3166666666666664,-1,0.1999999999999993,2026-04-26T00:38:00Z,L4,90.41155356283205,ATR,1199,HYD-ISK-AMD-NMI-AMD,,2026-04-24T07:05:28Z,2026-04-24
2026-04-25,20418:6-76104:4,Yet to Report,2026-04-25T06:10:00Z,20418,76104,2026-04-25T06:55:00Z,2026-04-25T13:55:00Z,4,12,7.75,7.75,7.6,4.4,8,5.583333333333333,5.466666666666667,2.533333333333333,,,2026-04-25T13:46:00Z,L0,0,ATR,1199,AMD-IDR-AMD-ISK-HYD,,2026-04-24T07:05:28Z,2026-04-24
2026-04-25,66608:7-71977:5,Yet to Report,2026-04-25T14:50:00Z,66608,71977,2026-04-25T15:35:00Z,2026-04-25T22:45:00Z,4,12,7.75,7.916666666666667,9.766666666666666,2.2333333333333343,8,5.666666666666667,6.65,1.3499999999999996,-1,0.23333333333333428,2026-04-26T00:36:00Z,L4,90.41155351568032,ATR,1199,HYD-ISK-AMD-NMI-AMD,,2026-04-25T06:17:56Z,2026-04-25
2026-04-25,20418:6-78812:4,Reported,2026-04-25T06:10:00Z,20418,78812,2026-04-25T06:55:00Z,2026-04-25T14:00:00Z,4,12,7.75,7.833333333333333,7.683333333333334,4.316666666666666,8,5.583333333333333,5.416666666666666,2.583333333333334,,,2026-04-25T13:51:00Z,L0,0,ATR,1199,AMD-IDR-AMD-ISK-HYD,,2026-04-25T06:17:56Z,2026-04-25
2026-04-25,66608:7-71977:5,Yet to Report,2026-04-25T14:50:00Z,66608,71977,2026-04-25T15:35:00Z,2026-04-25T22:45:00Z,4,12,7.75,7.916666666666667,9.766666666666666,2.2333333333333343,8,5.666666666666667,6.65,1.3499999999999996,-1,0.23333333333333428,2026-04-26T00:36:00Z,L4,90.41155351568032,ATR,1199,HYD-ISK-AMD-NMI-AMD,,2026-04-25T07:06:11Z,2026-04-25
2026-04-25,20418:6-78812:4,Reported,2026-04-25T06:10:00Z,20418,78812,2026-04-25T06:55:00Z,2026-04-25T14:00:00Z,4,12,7.75,7.833333333333333,7.683333333333334,4.316666666666666,8,5.583333333333333,5.416666666666666,2.583333333333334,,,2026-04-25T13:51:00Z,L0,0,ATR,1199,AMD-IDR-AMD-ISK-HYD,,2026-04-25T07:06:11Z,2026-04-25
2026-04-25,66608:7-71977:5,Yet to Report,2026-04-25T14:50:00Z,66608,71977,2026-04-25T15:35:00Z,2026-04-25T22:45:00Z,4,12,7.75,7.916666666666667,9.766666666666666,2.2333333333333343,8,5.666666666666667,6.65,1.3499999999999996,-1,0.23333333333333428,2026-04-26T00:36:00Z,L4,90.41155351568032,ATR,1199,HYD-ISK-AMD-NMI-AMD,,2026-04-25T07:18:12Z,2026-04-25
2026-04-25,20418:6-78812:4,Reported,2026-04-25T06:10:00Z,20418,78812,2026-04-25T06:55:00Z,2026-04-25T14:00:00Z,4,12,7.75,7.833333333333333,7.733333333333333,4.266666666666667,8,5.583333333333333,5.416666666666666,2.583333333333334,,,2026-04-25T13:54:00Z,L0,0,ATR,1199,AMD-IDR-AMD-ISK-HYD,,2026-04-25T07:18:12Z,2026-04-25
2026-04-25,66608:7-71977:5,Yet to Report,2026-04-25T14:50:00Z,66608,71977,2026-04-25T15:35:00Z,2026-04-25T22:45:00Z,4,12,7.75,7.916666666666667,9.766666666666666,2.2333333333333343,8,5.666666666666667,6.65,1.3499999999999996,-1,0.23333333333333428,2026-04-26T00:36:00Z,L4,90.41155351568032,ATR,1199,HYD-ISK-AMD-NMI-AMD,,2026-04-25T06:48:28Z,2026-04-25
2026-04-25,20418:6-78812:4,Reported,2026-04-25T06:10:00Z,20418,78812,2026-04-25T06:55:00Z,2026-04-25T14:00:00Z,4,12,7.75,7.833333333333333,7.683333333333334,4.316666666666666,8,5.583333333333333,5.416666666666666,2.583333333333334,,,2026-04-25T13:51:00Z,L0,0,ATR,1199,AMD-IDR-AMD-ISK-HYD,,2026-04-25T06:48:28Z,2026-04-25
2026-04-25,66608:7-71977:5,Yet to Report,2026-04-25T14:50:00Z,66608,71977,2026-04-25T15:35:00Z,2026-04-25T22:35:00Z,4,12,7.75,7.75,9.8,2.1999999999999993,8,5.666666666666667,6.683333333333334,1.3166666666666664,-1,0.1999999999999993,2026-04-26T00:38:00Z,L4,90.41155356283205,ATR,1199,HYD-ISK-AMD-NMI-AMD,,2026-04-24T07:34:03Z,2026-04-24
2026-04-25,20418:6-76104:4,Yet to Report,2026-04-25T06:10:00Z,20418,76104,2026-04-25T06:55:00Z,2026-04-25T13:55:00Z,4,12,7.75,7.75,7.6,4.4,8,5.583333333333333,5.466666666666667,2.533333333333333,,,2026-04-25T13:46:00Z,L0,0,ATR,1199,AMD-IDR-AMD-ISK-HYD,,2026-04-24T07:34:03Z,2026-04-24
2026-04-25,66608:7-71977:5,Yet to Report,2026-04-25T14:50:00Z,66608,71977,2026-04-25T15:35:00Z,2026-04-25T22:45:00Z,4,12,7.75,7.916666666666667,9.766666666666666,2.2333333333333343,8,5.666666666666667,6.65,1.3499999999999996,-1,0.23333333333333428,2026-04-26T00:36:00Z,L4,90.41155351568032,ATR,1199,HYD-ISK-AMD-NMI-AMD,,2026-04-25T07:34:52Z,2026-04-25
2026-04-25,20418:6-78812:4,Reported,2026-04-25T06:10:00Z,20418,78812,2026-04-25T06:55:00Z,2026-04-25T14:00:00Z,4,12,7.75,7.833333333333333,7.95,4.05,8,5.583333333333333,5.583333333333333,2.416666666666667,,,2026-04-25T14:07:00Z,L0,0,ATR,1199,AMD-IDR-AMD-ISK-HYD,,2026-04-25T07:34:52Z,2026-04-25
2026-04-25,66608:7-71977:5,Yet to Report,2026-04-25T14:50:00Z,66608,71977,2026-04-25T15:35:00Z,2026-04-25T22:35:00Z,4,12,7.75,7.75,9.8,2.1999999999999993,8,5.666666666666667,6.683333333333334,1.3166666666666664,-1,0.1999999999999993,2026-04-26T00:38:00Z,L4,90.41155356283205,ATR,1199,HYD-ISK-AMD-NMI-AMD,,2026-04-24T07:48:41Z,2026-04-24
2026-04-25,20418:6-76104:4,Yet to Report,2026-04-25T06:10:00Z,20418,76104,2026-04-25T06:55:00Z,2026-04-25T13:55:00Z,4,12,7.75,7.75,7.6,4.4,8,5.583333333333333,5.466666666666667,2.533333333333333,,,2026-04-25T13:46:00Z,L0,0,ATR,1199,AMD-IDR-AMD-ISK-HYD,,2026-04-24T07:48:41Z,2026-04-24
2026-04-25,66608:7-71977:5,Yet to Report,2026-04-25T14:50:00Z,66608,71977,2026-04-25T15:35:00Z,2026-04-25T22:35:00Z,4,12,7.75,7.75,9.8,2.1999999999999993,8,5.666666666666667,6.683333333333334,1.3166666666666664,-1,0.1999999999999993,2026-04-26T00:38:00Z,L4,90.41155356283205,ATR,1199,HYD-ISK-AMD-NMI-AMD,,2026-04-24T08:06:02Z,2026-04-24
2026-04-25,20418:6-76104:4,Yet to Report,2026-04-25T06:10:00Z,20418,76104,2026-04-25T06:55:00Z,2026-04-25T13:55:00Z,4,12,7.75,7.75,7.6,4.4,8,5.583333333333333,5.466666666666667,2.533333333333333,,,2026-04-25T13:46:00Z,L0,0,ATR,1199,AMD-IDR-AMD-ISK-HYD,,2026-04-24T08:06:02Z,2026-04-24
2026-04-25,66608:7-71977:5,Yet to Report,2026-04-25T14:50:00Z,66608,71977,2026-04-25T15:35:00Z,2026-04-25T22:45:00Z,4,12,7.75,7.916666666666667,9.766666666666666,2.2333333333333343,8,5.666666666666667,6.65,1.3499999999999996,-1,0.23333333333333428,2026-04-26T00:36:00Z,L4,90.41155351568032,ATR,1199,HYD-ISK-AMD-NMI-AMD,,2026-04-25T07:48:46Z,2026-04-25
2026-04-25,20418:6-78812:4,Reported,2026-04-25T06:10:00Z,20418,78812,2026-04-25T06:55:00Z,2026-04-25T14:00:00Z,4,12,7.75,7.833333333333333,7.95,4.05,8,5.583333333333333,5.583333333333333,2.416666666666667,,,2026-04-25T14:07:00Z,L0,0,ATR,1199,AMD-IDR-AMD-ISK-HYD,,2026-04-25T07:48:46Z,2026-04-25
2026-04-25,66608:7-71977:5,Yet to Report,2026-04-25T14:50:00Z,66608,71977,2026-04-25T15:35:00Z,2026-04-25T22:35:00Z,4,12,7.75,7.75,9.8,2.1999999999999993,8,5.666666666666667,6.683333333333334,1.3166666666666664,-1,0.1999999999999993,2026-04-26T00:38:00Z,L4,90.41155356283205,ATR,1199,HYD-ISK-AMD-NMI-AMD,,2026-04-24T08:17:59Z,2026-04-24
2026-04-25,20418:6-76104:4,Yet to Report,2026-04-25T06:10:00Z,20418,76104,2026-04-25T06:55:00Z,2026-04-25T13:55:00Z,4,12,7.75,7.75,7.633333333333334,4.366666666666666,8,5.583333333333333,5.466666666666667,2.533333333333333,,,2026-04-25T13:48:00Z,L0,0,ATR,1199,AMD-IDR-AMD-ISK-HYD,,2026-04-24T08:17:59Z,2026-04-24
2026-04-25,66608:7-71977:5,Yet to Report,2026-04-25T14:50:00Z,66608,71977,2026-04-25T15:35:00Z,2026-04-25T22:35:00Z,4,12,7.75,7.75,9.8,2.1999999999999993,8,5.666666666666667,6.683333333333334,1.3166666666666664,-1,0.1999999999999993,2026-04-26T00:38:00Z,L4,90.41155356283205,ATR,1199,HYD-ISK-AMD-NMI-AMD,,2026-04-24T08:33:50Z,2026-04-24
2026-04-25,20418:6-76104:4,Yet to Report,2026-04-25T06:10:00Z,20418,76104,2026-04-25T06:55:00Z,2026-04-25T13:55:00Z,4,12,7.75,7.75,7.633333333333334,4.366666666666666,8,5.583333333333333,5.466666666666667,2.533333333333333,,,2026-04-25T13:48:00Z,L0,0,ATR,1199,AMD-IDR-AMD-ISK-HYD,,2026-04-24T08:33:50Z,2026-04-24
2026-04-25,66608:7-71977:5,Yet to Report,2026-04-25T14:50:00Z,66608,71977,2026-04-25T15:35:00Z,2026-04-25T22:45:00Z,4,12,7.75,7.916666666666667,9.766666666666666,2.2333333333333343,8,5.666666666666667,6.65,1.3499999999999996,-1,0.23333333333333428,2026-04-26T00:36:00Z,L4,90.41155351568032,ATR,1199,HYD-ISK-AMD-NMI-AMD,,2026-04-25T08:05:31Z,2026-04-25
2026-04-25,20418:6-78812:4,Reported,2026-04-25T06:10:00Z,20418,78812,2026-04-25T06:55:00Z,2026-04-25T14:00:00Z,4,12,7.75,7.833333333333333,7.95,4.05,8,5.583333333333333,5.583333333333333,2.416666666666667,,,2026-04-25T14:07:00Z,L0,0,ATR,1199,AMD-IDR-AMD-ISK-HYD,,2026-04-25T08:05:31Z,2026-04-25
2026-04-25,66608:7-71977:5,Yet to Report,2026-04-25T14:50:00Z,66608,71977,2026-04-25T15:35:00Z,2026-04-25T22:35:00Z,4,12,7.75,7.75,9.8,2.1999999999999993,8,5.666666666666667,6.683333333333334,1.3166666666666664,-1,0.1999999999999993,2026-04-26T00:38:00Z,L4,90.41155356283205,ATR,1199,HYD-ISK-AMD-NMI-AMD,,2026-04-24T08:47:54Z,2026-04-24
2026-04-25,20418:6-76104:4,Yet to Report,2026-04-25T06:10:00Z,20418,76104,2026-04-25T06:55:00Z,2026-04-25T13:55:00Z,4,12,7.75,7.75,7.633333333333334,4.366666666666666,8,5.583333333333333,5.466666666666667,2.533333333333333,,,2026-04-25T13:48:00Z,L0,0,ATR,1199,AMD-IDR-AMD-ISK-HYD,,2026-04-24T08:47:54Z,2026-04-24
2026-04-25,66608:7-71977:5,Yet to Report,2026-04-25T14:50:00Z,66608,71977,2026-04-25T15:35:00Z,2026-04-25T22:45:00Z,4,12,7.75,7.916666666666667,9.766666666666666,2.2333333333333343,8,5.666666666666667,6.65,1.3499999999999996,-1,0.23333333333333428,2026-04-26T00:36:00Z,L4,90.41155351568032,ATR,1199,HYD-ISK-AMD-NMI-AMD,,2026-04-25T08:17:57Z,2026-04-25
2026-04-25,20418:6-78812:4,Reported,2026-04-25T06:10:00Z,20418,78812,2026-04-25T06:55:00Z,2026-04-25T14:00:00Z,4,12,7.75,7.833333333333333,7.95,4.05,8,5.583333333333333,5.583333333333333,2.416666666666667,,,2026-04-25T14:07:00Z,L0,0,ATR,1199,AMD-IDR-AMD-ISK-HYD,,2026-04-25T08:17:57Z,2026-04-25
2026-04-25,66608:7-71977:5,Yet to Report,2026-04-25T14:50:00Z,66608,71977,2026-04-25T15:35:00Z,2026-04-25T22:45:00Z,4,12,7.75,7.916666666666667,9.766666666666666,2.2333333333333343,8,5.666666666666667,6.65,1.3499999999999996,-1,0.23333333333333428,2026-04-26T00:36:00Z,L4,90.41155351568032,ATR,1199,HYD-ISK-AMD-NMI-AMD,,2026-04-25T08:34:50Z,2026-04-25
2026-04-25,20418:6-78812:4,Reported,2026-04-25T06:10:00Z,20418,78812,2026-04-25T06:55:00Z,2026-04-25T14:00:00Z,4,12,7.75,7.833333333333333,7.95,4.05,8,5.583333333333333,5.583333333333333,2.416666666666667,,,2026-04-25T14:07:00Z,L0,0,ATR,1199,AMD-IDR-AMD-ISK-HYD,,2026-04-25T08:34:50Z,2026-04-25
2026-04-25,66608:7-71977:5,Yet to Report,2026-04-25T14:50:00Z,66608,71977,2026-04-25T15:35:00Z,2026-04-25T22:35:00Z,4,12,7.75,7.75,9.8,2.1999999999999993,8,5.666666666666667,6.683333333333334,1.3166666666666664,-1,0.1999999999999993,2026-04-26T00:38:00Z,L4,90.41155356283205,ATR,1199,HYD-ISK-AMD-NMI-AMD,,2026-04-24T09:04:30Z,2026-04-24
2026-04-25,20418:6-76104:4,Yet to Report,2026-04-25T06:10:00Z,20418,76104,2026-04-25T06:55:00Z,2026-04-25T13:55:00Z,4,12,7.75,7.75,7.633333333333334,4.366666666666666,8,5.583333333333333,5.466666666666667,2.533333333333333,,,2026-04-25T13:48:00Z,L0,0,ATR,1199,AMD-IDR-AMD-ISK-HYD,,2026-04-24T09:04:30Z,2026-04-24
2026-04-25,66608:7-71977:5,Yet to Report,2026-04-25T14:50:00Z,66608,71977,2026-04-25T15:35:00Z,2026-04-25T22:45:00Z,4,12,7.75,7.916666666666667,9.766666666666666,2.2333333333333343,8,5.666666666666667,6.65,1.3499999999999996,-1,0.23333333333333428,2026-04-26T00:36:00Z,L4,90.41155351568032,ATR,1199,HYD-ISK-AMD-NMI-AMD,,2026-04-25T08:47:51Z,2026-04-25
2026-04-25,20418:6-78812:4,Reported,2026-04-25T06:10:00Z,20418,78812,2026-04-25T06:55:00Z,2026-04-25T14:00:00Z,4,12,7.75,7.833333333333333,7.95,4.05,8,5.583333333333333,5.583333333333333,2.416666666666667,,,2026-04-25T14:07:00Z,L0,0,ATR,1199,AMD-IDR-AMD-ISK-HYD,,2026-04-25T08:47:51Z,2026-04-25
2026-04-25,66608:7-71977:5,Yet to Report,2026-04-25T14:50:00Z,66608,71977,2026-04-25T15:35:00Z,2026-04-25T22:35:00Z,4,12,7.75,7.75,9.8,2.1999999999999993,8,5.666666666666667,6.683333333333334,1.3166666666666664,-1,0.1999999999999993,2026-04-26T00:38:00Z,L4,90.41155356283205,ATR,1199,HYD-ISK-AMD-NMI-AMD,,2026-04-24T09:18:58Z,2026-04-24
2026-04-25,20418:6-76104:4,Yet to Report,2026-04-25T06:10:00Z,20418,76104,2026-04-25T06:55:00Z,2026-04-25T13:55:00Z,4,12,7.75,7.75,7.633333333333334,4.366666666666666,8,5.583333333333333,5.466666666666667,2.533333333333333,,,2026-04-25T13:48:00Z,L0,0,ATR,1199,AMD-IDR-AMD-ISK-HYD,,2026-04-24T09:18:58Z,2026-04-24
2026-04-25,66608:7-71977:5,Yet to Report,2026-04-25T14:50:00Z,66608,71977,2026-04-25T15:35:00Z,2026-04-25T22:45:00Z,4,12,7.75,7.916666666666667,9.766666666666666,2.2333333333333343,8,5.666666666666667,6.65,1.3499999999999996,-1,0.23333333333333428,2026-04-26T00:36:00Z,L4,90.41155351568032,ATR,1199,HYD-ISK-AMD-NMI-AMD,,2026-04-25T09:04:40Z,2026-04-25
2026-04-25,20418:6-78812:4,Reported,2026-04-25T06:10:00Z,20418,78812,2026-04-25T06:55:00Z,2026-04-25T14:00:00Z,4,12,7.75,7.833333333333333,7.75,4.25,8,5.583333333333333,5.583333333333333,2.416666666666667,,,2026-04-25T13:55:00Z,L0,0,ATR,1199,AMD-IDR-AMD-ISK-HYD,,2026-04-25T09:04:40Z,2026-04-25
2026-04-25,66608:7-71977:5,Yet to Report,2026-04-25T14:50:00Z,66608,71977,2026-04-25T15:35:00Z,2026-04-25T22:45:00Z,4,12,7.75,7.916666666666667,9.766666666666666,2.2333333333333343,8,5.666666666666667,6.65,1.3499999999999996,-1,0.23333333333333428,2026-04-26T00:36:00Z,L4,90.41155351568032,ATR,1199,HYD-ISK-AMD-NMI-AMD,,2026-04-25T09:18:04Z,2026-04-25
2026-04-25,20418:6-78812:4,Reported,2026-04-25T06:10:00Z,20418,78812,2026-04-25T06:55:00Z,2026-04-25T14:00:00Z,4,12,7.75,7.833333333333333,7.75,4.25,8,5.583333333333333,5.583333333333333,2.416666666666667,,,2026-04-25T13:55:00Z,L0,0,ATR,1199,AMD-IDR-AMD-ISK-HYD,,2026-04-25T09:18:04Z,2026-04-25
2026-04-25,66608:7-71977:5,Yet to Report,2026-04-25T14:50:00Z,66608,71977,2026-04-25T15:35:00Z,2026-04-25T22:45:00Z,4,12,7.75,7.916666666666667,9.766666666666666,2.2333333333333343,8,5.666666666666667,6.65,1.3499999999999996,-1,0.23333333333333428,2026-04-26T00:36:00Z,L4,90.41155351568032,ATR,1199,HYD-ISK-AMD-NMI-AMD,,2026-04-25T09:34:46Z,2026-04-25
2026-04-25,20418:6-78812:4,Reported,2026-04-25T06:10:00Z,20418,78812,2026-04-25T06:55:00Z,2026-04-25T14:00:00Z,4,12,7.75,7.833333333333333,7.75,4.25,8,5.583333333333333,5.583333333333333,2.416666666666667,,,2026-04-25T13:55:00Z,L0,0,ATR,1199,AMD-IDR-AMD-ISK-HYD,,2026-04-25T09:34:46Z,2026-04-25
2026-04-25,66608:7-71977:5,Yet to Report,2026-04-25T14:50:00Z,66608,71977,2026-04-25T15:35:00Z,2026-04-25T22:35:00Z,4,12,7.75,7.75,9.8,2.1999999999999993,8,5.666666666666667,6.683333333333334,1.3166666666666664,-1,0.1999999999999993,2026-04-26T00:38:00Z,L4,90.41155356283205,ATR,1199,HYD-ISK-AMD-NMI-AMD,,2026-04-24T09:33:58Z,2026-04-24
2026-04-25,20418:6-76104:4,Yet to Report,2026-04-25T06:10:00Z,20418,76104,2026-04-25T06:55:00Z,2026-04-25T13:55:00Z,4,12,7.75,7.75,7.633333333333334,4.366666666666666,8,5.583333333333333,5.466666666666667,2.533333333333333,,,2026-04-25T13:48:00Z,L0,0,ATR,1199,AMD-IDR-AMD-ISK-HYD,,2026-04-24T09:33:58Z,2026-04-24
2026-04-25,66608:7-71977:5,Yet to Report,2026-04-25T14:50:00Z,66608,71977,2026-04-25T15:35:00Z,2026-04-25T22:35:00Z,4,12,7.75,7.75,9.8,2.1999999999999993,8,5.666666666666667,6.683333333333334,1.3166666666666664,-1,0.1999999999999993,2026-04-26T00:38:00Z,L4,90.41155356283205,ATR,1199,HYD-ISK-AMD-NMI-AMD,,2026-04-24T09:51:07Z,2026-04-24
2026-04-25,20418:6-76104:4,Yet to Report,2026-04-25T06:10:00Z,20418,76104,2026-04-25T06:55:00Z,2026-04-25T13:55:00Z,4,12,7.75,7.75,7.633333333333334,4.366666666666666,8,5.583333333333333,5.466666666666667,2.533333333333333,,,2026-04-25T13:48:00Z,L0,0,ATR,1199,AMD-IDR-AMD-ISK-HYD,,2026-04-24T09:51:07Z,2026-04-24
2026-04-25,66608:7-71977:5,Yet to Report,2026-04-25T14:50:00Z,66608,71977,2026-04-25T15:35:00Z,2026-04-25T22:45:00Z,4,12,7.75,7.916666666666667,9.766666666666666,2.2333333333333343,8,5.666666666666667,6.65,1.3499999999999996,-1,0.23333333333333428,2026-04-26T00:36:00Z,L4,90.41155351568032,ATR,1199,HYD-ISK-AMD-NMI-AMD,,2026-04-25T09:47:56Z,2026-04-25
2026-04-25,20418:6-78812:4,Reported,2026-04-25T06:10:00Z,20418,78812,2026-04-25T06:55:00Z,2026-04-25T14:00:00Z,4,12,7.75,7.833333333333333,7.75,4.25,8,5.583333333333333,5.583333333333333,2.416666666666667,,,2026-04-25T13:55:00Z,L0,0,ATR,1199,AMD-IDR-AMD-ISK-HYD,,2026-04-25T09:47:56Z,2026-04-25
2026-04-25,66608:7-71977:5,Yet to Report,2026-04-25T14:50:00Z,66608,71977,2026-04-25T15:35:00Z,2026-04-25T22:35:00Z,4,12,7.75,7.75,9.8,2.1999999999999993,8,5.666666666666667,6.683333333333334,1.3166666666666664,-1,0.1999999999999993,2026-04-26T00:38:00Z,L4,90.41155356283205,ATR,1199,HYD-ISK-AMD-NMI-AMD,,2026-04-24T10:05:06Z,2026-04-24
2026-04-25,20418:6-76104:4,Yet to Report,2026-04-25T06:10:00Z,20418,76104,2026-04-25T06:55:00Z,2026-04-25T13:55:00Z,4,12,7.75,7.75,7.633333333333334,4.366666666666666,8,5.583333333333333,5.466666666666667,2.533333333333333,,,2026-04-25T13:48:00Z,L0,0,ATR,1199,AMD-IDR-AMD-ISK-HYD,,2026-04-24T10:05:06Z,2026-04-24
2026-04-25,66608:7-71977:5,Yet to Report,2026-04-25T14:50:00Z,66608,71977,2026-04-25T15:35:00Z,2026-04-25T22:45:00Z,4,12,7.75,7.916666666666667,9.766666666666666,2.2333333333333343,8,5.666666666666667,6.65,1.3499999999999996,-1,0.23333333333333428,2026-04-26T00:36:00Z,L4,90.41155351568032,ATR,1199,HYD-ISK-AMD-NMI-AMD,,2026-04-25T10:08:37Z,2026-04-25
2026-04-25,20418:6-78812:4,Reported,2026-04-25T06:10:00Z,20418,78812,2026-04-25T06:55:00Z,2026-04-25T14:00:00Z,4,12,7.75,7.833333333333333,7.666666666666667,4.333333333333333,8,5.583333333333333,5.5,2.5,,,2026-04-25T13:50:00Z,L0,0,ATR,1199,AMD-IDR-AMD-ISK-HYD,,2026-04-25T10:08:37Z,2026-04-25
2026-04-25,66608:7-71977:5,Yet to Report,2026-04-25T14:50:00Z,66608,71977,2026-04-25T15:35:00Z,2026-04-25T22:35:00Z,4,12,7.75,7.75,9.8,2.1999999999999993,8,5.666666666666667,6.683333333333334,1.3166666666666664,-1,0.1999999999999993,2026-04-26T00:38:00Z,L4,90.41155356283205,ATR,1199,HYD-ISK-AMD-NMI-AMD,,2026-04-24T10:18:49Z,2026-04-24
2026-04-25,20418:6-76104:4,Yet to Report,2026-04-25T06:10:00Z,20418,76104,2026-04-25T06:55:00Z,2026-04-25T13:55:00Z,4,12,7.75,7.75,7.633333333333334,4.366666666666666,8,5.583333333333333,5.466666666666667,2.533333333333333,,,2026-04-25T13:48:00Z,L0,0,ATR,1199,AMD-IDR-AMD-ISK-HYD,,2026-04-24T10:18:49Z,2026-04-24
2026-04-25,66608:7-71977:5,Yet to Report,2026-04-25T14:50:00Z,66608,71977,2026-04-25T15:35:00Z,2026-04-25T22:35:00Z,4,12,7.75,7.75,9.8,2.1999999999999993,8,5.666666666666667,6.683333333333334,1.3166666666666664,-1,0.1999999999999993,2026-04-26T00:38:00Z,L4,90.41155356283205,ATR,1199,HYD-ISK-AMD-NMI-AMD,,2026-04-24T10:33:45Z,2026-04-24
2026-04-25,20418:6-76104:4,Yet to Report,2026-04-25T06:10:00Z,20418,76104,2026-04-25T06:55:00Z,2026-04-25T13:55:00Z,4,12,7.75,7.75,7.633333333333334,4.366666666666666,8,5.583333333333333,5.466666666666667,2.533333333333333,,,2026-04-25T13:48:00Z,L0,0,ATR,1199,AMD-IDR-AMD-ISK-HYD,,2026-04-24T10:33:45Z,2026-04-24
2026-04-25,66608:7-71977:5,Yet to Report,2026-04-25T14:50:00Z,66608,71977,2026-04-25T15:35:00Z,2026-04-25T22:45:00Z,4,12,7.75,7.916666666666667,9.766666666666666,2.2333333333333343,8,5.666666666666667,6.65,1.3499999999999996,-1,0.23333333333333428,2026-04-26T00:36:00Z,L4,90.41155351568032,ATR,1199,HYD-ISK-AMD-NMI-AMD,,2026-04-25T10:18:42Z,2026-04-25
2026-04-25,20418:6-78812:4,Reported,2026-04-25T06:10:00Z,20418,78812,2026-04-25T06:55:00Z,2026-04-25T14:00:00Z,4,12,7.75,7.833333333333333,7.666666666666667,4.333333333333333,8,5.583333333333333,5.5,2.5,,,2026-04-25T13:50:00Z,L0,0,ATR,1199,AMD-IDR-AMD-ISK-HYD,,2026-04-25T10:18:42Z,2026-04-25
2026-04-25,66608:7-71977:5,Yet to Report,2026-04-25T14:50:00Z,66608,71977,2026-04-25T15:35:00Z,2026-04-25T22:45:00Z,4,12,7.75,7.916666666666667,9.766666666666666,2.2333333333333343,8,5.666666666666667,6.65,1.3499999999999996,-1,0.23333333333333428,2026-04-26T00:36:00Z,L4,90.41155351568032,ATR,1199,HYD-ISK-AMD-NMI-AMD,,2026-04-25T10:33:52Z,2026-04-25
2026-04-25,20418:6-78812:4,Reported,2026-04-25T06:10:00Z,20418,78812,2026-04-25T06:55:00Z,2026-04-25T14:00:00Z,4,12,7.75,7.833333333333333,7.666666666666667,4.333333333333333,8,5.583333333333333,5.5,2.5,,,2026-04-25T13:50:00Z,L0,0,ATR,1199,AMD-IDR-AMD-ISK-HYD,,2026-04-25T10:33:52Z,2026-04-25
2026-04-25,66608:7-71977:5,Yet to Report,2026-04-25T14:50:00Z,66608,71977,2026-04-25T15:35:00Z,2026-04-25T22:35:00Z,4,12,7.75,7.75,9.8,2.1999999999999993,8,5.666666666666667,6.683333333333334,1.3166666666666664,-1,0.1999999999999993,2026-04-26T00:38:00Z,L4,90.41155356283205,ATR,1199,HYD-ISK-AMD-NMI-AMD,,2026-04-24T10:48:32Z,2026-04-24
2026-04-25,20418:6-76104:4,Yet to Report,2026-04-25T06:10:00Z,20418,76104,2026-04-25T06:55:00Z,2026-04-25T13:55:00Z,4,12,7.75,7.75,7.633333333333334,4.366666666666666,8,5.583333333333333,5.466666666666667,2.533333333333333,,,2026-04-25T13:48:00Z,L0,0,ATR,1199,AMD-IDR-AMD-ISK-HYD,,2026-04-24T10:48:32Z,2026-04-24
2026-04-25,66608:7-71977:5,Yet to Report,2026-04-25T14:50:00Z,66608,71977,2026-04-25T15:35:00Z,2026-04-25T22:45:00Z,4,12,7.75,7.916666666666667,9.766666666666666,2.2333333333333343,8,5.666666666666667,6.65,1.3499999999999996,-1,0.23333333333333428,2026-04-26T00:36:00Z,L4,90.41155351568032,ATR,1199,HYD-ISK-AMD-NMI-AMD,,2026-04-25T10:48:56Z,2026-04-25
2026-04-25,20418:6-78812:4,Reported,2026-04-25T06:10:00Z,20418,78812,2026-04-25T06:55:00Z,2026-04-25T14:00:00Z,4,12,7.75,7.833333333333333,7.65,4.35,8,5.583333333333333,5.5,2.5,,,2026-04-25T13:49:00Z,L0,0,ATR,1199,AMD-IDR-AMD-ISK-HYD,,2026-04-25T10:48:56Z,2026-04-25
2026-04-25,66608:7-71977:5,Yet to Report,2026-04-25T14:50:00Z,66608,71977,2026-04-25T15:35:00Z,2026-04-25T22:35:00Z,4,12,7.75,7.75,9.8,2.1999999999999993,8,5.666666666666667,6.683333333333334,1.3166666666666664,-1,0.1999999999999993,2026-04-26T00:38:00Z,L4,90.41155356283205,ATR,1199,HYD-ISK-AMD-NMI-AMD,,2026-04-24T11:04:30Z,2026-04-24
2026-04-25,20418:6-76104:4,Yet to Report,2026-04-25T06:10:00Z,20418,76104,2026-04-25T06:55:00Z,2026-04-25T13:55:00Z,4,12,7.75,7.75,7.633333333333334,4.366666666666666,8,5.583333333333333,5.466666666666667,2.533333333333333,,,2026-04-25T13:48:00Z,L0,0,ATR,1199,AMD-IDR-AMD-ISK-HYD,,2026-04-24T11:04:30Z,2026-04-24
2026-04-25,66608:7-71977:5,Yet to Report,2026-04-25T14:50:00Z,66608,71977,2026-04-25T15:35:00Z,2026-04-25T22:35:00Z,4,12,7.75,7.75,9.8,2.1999999999999993,8,5.666666666666667,6.683333333333334,1.3166666666666664,-1,0.1999999999999993,2026-04-26T00:38:00Z,L4,90.41155356283205,ATR,1199,HYD-ISK-AMD-NMI-AMD,,2026-04-24T11:18:15Z,2026-04-24
2026-04-25,20418:6-76104:4,Yet to Report,2026-04-25T06:10:00Z,20418,76104,2026-04-25T06:55:00Z,2026-04-25T13:55:00Z,4,12,7.75,7.75,7.633333333333334,4.366666666666666,8,5.583333333333333,5.466666666666667,2.533333333333333,,,2026-04-25T13:48:00Z,L0,0,ATR,1199,AMD-IDR-AMD-ISK-HYD,,2026-04-24T11:18:15Z,2026-04-24
2026-04-25,66608:7-71977:5,Yet to Report,2026-04-25T14:50:00Z,66608,71977,2026-04-25T15:35:00Z,2026-04-25T22:45:00Z,4,12,7.75,7.916666666666667,9.766666666666666,2.2333333333333343,8,5.666666666666667,6.65,1.3499999999999996,-1,0.23333333333333428,2026-04-26T00:36:00Z,L4,90.41155351568032,ATR,1199,HYD-ISK-AMD-NMI-AMD,,2026-04-25T11:04:51Z,2026-04-25
2026-04-25,20418:6-78812:4,Reported,2026-04-25T06:10:00Z,20418,78812,2026-04-25T06:55:00Z,2026-04-25T14:00:00Z,4,12,7.75,7.833333333333333,7.733333333333333,4.266666666666667,8,5.583333333333333,5.466666666666667,2.533333333333333,,,2026-04-25T13:54:00Z,L0,0,ATR,1199,AMD-IDR-AMD-ISK-HYD,,2026-04-25T11:04:51Z,2026-04-25
2026-04-25,66608:7-71977:5,Yet to Report,2026-04-25T14:50:00Z,66608,71977,2026-04-25T15:35:00Z,2026-04-25T22:35:00Z,4,12,7.75,7.75,9.8,2.1999999999999993,8,5.666666666666667,6.683333333333334,1.3166666666666664,-1,0.1999999999999993,2026-04-26T00:38:00Z,L4,90.41155356283205,ATR,1199,HYD-ISK-AMD-NMI-AMD,,2026-04-24T11:34:46Z,2026-04-24
2026-04-25,20418:6-76104:4,Yet to Report,2026-04-25T06:10:00Z,20418,76104,2026-04-25T06:55:00Z,2026-04-25T13:55:00Z,4,12,7.75,7.75,7.633333333333334,4.366666666666666,8,5.583333333333333,5.466666666666667,2.533333333333333,,,2026-04-25T13:48:00Z,L0,0,ATR,1199,AMD-IDR-AMD-ISK-HYD,,2026-04-24T11:34:46Z,2026-04-24
2026-04-25,66608:7-71977:5,Yet to Report,2026-04-25T14:50:00Z,66608,71977,2026-04-25T15:35:00Z,2026-04-25T22:45:00Z,4,12,7.75,7.916666666666667,9.766666666666666,2.2333333333333343,8,5.666666666666667,6.65,1.3499999999999996,-1,0.23333333333333428,2026-04-26T00:36:00Z,L4,90.41155351568032,ATR,1199,HYD-ISK-AMD-NMI-AMD,,2026-04-25T11:19:29Z,2026-04-25
2026-04-25,20418:6-78812:4,Reported,2026-04-25T06:10:00Z,20418,78812,2026-04-25T06:55:00Z,2026-04-25T14:00:00Z,4,12,7.75,7.833333333333333,7.733333333333333,4.266666666666667,8,5.583333333333333,5.55,2.45,,,2026-04-25T13:54:00Z,L0,0,ATR,1199,AMD-IDR-AMD-ISK-HYD,,2026-04-25T11:19:29Z,2026-04-25
2026-04-25,66608:7-71977:5,Yet to Report,2026-04-25T14:50:00Z,66608,71977,2026-04-25T15:35:00Z,2026-04-25T22:45:00Z,4,12,7.75,7.916666666666667,9.766666666666666,2.2333333333333343,8,5.666666666666667,6.65,1.3499999999999996,-1,0.23333333333333428,2026-04-26T00:36:00Z,L4,90.41155351568032,ATR,1199,HYD-ISK-AMD-NMI-AMD,,2026-04-25T11:34:53Z,2026-04-25
2026-04-25,20418:6-78812:4,Reported,2026-04-25T06:10:00Z,20418,78812,2026-04-25T06:55:00Z,2026-04-25T14:00:00Z,4,12,7.75,7.833333333333333,7.733333333333333,4.266666666666667,8,5.583333333333333,5.55,2.45,,,2026-04-25T13:54:00Z,L0,0,ATR,1199,AMD-IDR-AMD-ISK-HYD,,2026-04-25T11:34:53Z,2026-04-25
2026-04-25,66608:7-71977:5,Yet to Report,2026-04-25T14:50:00Z,66608,71977,2026-04-25T15:35:00Z,2026-04-25T22:35:00Z,4,12,7.75,7.75,9.8,2.1999999999999993,8,5.666666666666667,6.683333333333334,1.3166666666666664,-1,0.1999999999999993,2026-04-26T00:38:00Z,L4,90.41155356283205,ATR,1199,HYD-ISK-AMD-NMI-AMD,,2026-04-24T11:48:12Z,2026-04-24
2026-04-25,20418:6-78812:5,Yet to Report,2026-04-25T06:10:00Z,20418,78812,2026-04-25T06:55:00Z,2026-04-25T13:55:00Z,4,12,7.75,7.75,7.633333333333334,4.366666666666666,8,5.583333333333333,5.583333333333333,2.416666666666667,,,2026-04-25T13:48:00Z,L0,0,ATR,1199,AMD-IDR-AMD-ISK-HYD,,2026-04-24T11:48:12Z,2026-04-24
2026-04-25,66608:7-71977:5,Yet to Report,2026-04-25T14:50:00Z,66608,71977,2026-04-25T15:35:00Z,2026-04-25T22:45:00Z,4,12,7.75,7.916666666666667,9.766666666666666,2.2333333333333343,8,5.666666666666667,6.65,1.3499999999999996,-1,0.23333333333333428,2026-04-26T00:36:00Z,L4,90.41155351568032,ATR,1199,HYD-ISK-AMD-NMI-AMD,,2026-04-25T11:48:03Z,2026-04-25
2026-04-25,20418:6-78812:4,Reported,2026-04-25T06:10:00Z,20418,78812,2026-04-25T06:55:00Z,2026-04-25T14:00:00Z,4,12,7.75,7.833333333333333,7.65,4.35,8,5.583333333333333,5.55,2.45,,,2026-04-25T13:49:00Z,L0,0,ATR,1199,AMD-IDR-AMD-ISK-HYD,,2026-04-25T11:48:03Z,2026-04-25
2026-04-25,66608:7-71977:5,Yet to Report,2026-04-25T14:50:00Z,66608,71977,2026-04-25T15:35:00Z,2026-04-25T22:35:00Z,4,12,7.75,7.75,9.8,2.1999999999999993,8,5.666666666666667,6.683333333333334,1.3166666666666664,-1,0.1999999999999993,2026-04-26T00:38:00Z,L4,90.41155356283205,ATR,1199,HYD-ISK-AMD-NMI-AMD,,2026-04-24T12:48:22Z,2026-04-24
2026-04-25,20418:6-78812:5,Yet to Report,2026-04-25T06:10:00Z,20418,78812,2026-04-25T06:55:00Z,2026-04-25T14:00:00Z,4,12,7.75,7.833333333333333,7.666666666666667,4.333333333333333,8,5.583333333333333,5.466666666666667,2.533333333333333,,,2026-04-25T13:50:00Z,L0,0,ATR,1199,AMD-IDR-AMD-ISK-HYD,,2026-04-24T12:48:22Z,2026-04-24
2026-04-25,66608:7-71977:5,Yet to Report,2026-04-25T14:50:00Z,66608,71977,2026-04-25T15:35:00Z,2026-04-25T22:35:00Z,4,12,7.75,7.75,9.8,2.1999999999999993,8,5.666666666666667,6.683333333333334,1.3166666666666664,-1,0.1999999999999993,2026-04-26T00:38:00Z,L4,90.41155356283205,ATR,1199,HYD-ISK-AMD-NMI-AMD,,2026-04-24T12:05:48Z,2026-04-24
2026-04-25,20418:6-78812:5,Yet to Report,2026-04-25T06:10:00Z,20418,78812,2026-04-25T06:55:00Z,2026-04-25T13:55:00Z,4,12,7.75,7.75,7.633333333333334,4.366666666666666,8,5.583333333333333,5.466666666666667,2.533333333333333,,,2026-04-25T13:48:00Z,L0,0,ATR,1199,AMD-IDR-AMD-ISK-HYD,,2026-04-24T12:05:48Z,2026-04-24
2026-04-25,66608:7-71977:5,Yet to Report,2026-04-25T14:50:00Z,66608,71977,2026-04-25T15:35:00Z,2026-04-25T22:45:00Z,4,12,7.75,7.916666666666667,9.766666666666666,2.2333333333333343,8,5.666666666666667,6.65,1.3499999999999996,-1,0.23333333333333428,2026-04-26T00:36:00Z,L4,90.41155351568032,ATR,1199,HYD-ISK-AMD-NMI-AMD,,2026-04-25T12:04:50Z,2026-04-25
2026-04-25,20418:6-78812:4,Reported,2026-04-25T06:10:00Z,20418,78812,2026-04-25T06:55:00Z,2026-04-25T14:00:00Z,4,12,7.75,7.833333333333333,7.65,4.35,8,5.583333333333333,5.466666666666667,2.533333333333333,,,2026-04-25T13:49:00Z,L0,0,ATR,1199,AMD-IDR-AMD-ISK-HYD,,2026-04-25T12:04:50Z,2026-04-25
2026-04-25,66608:7-71977:5,Yet to Report,2026-04-25T14:50:00Z,66608,71977,2026-04-25T15:35:00Z,2026-04-25T22:35:00Z,4,12,7.75,7.75,9.8,2.1999999999999993,8,5.666666666666667,6.683333333333334,1.3166666666666664,-1,0.1999999999999993,2026-04-26T00:38:00Z,L4,90.41155356283205,ATR,1199,HYD-ISK-AMD-NMI-AMD,,2026-04-24T12:19:02Z,2026-04-24
2026-04-25,20418:6-78812:5,Yet to Report,2026-04-25T06:10:00Z,20418,78812,2026-04-25T06:55:00Z,2026-04-25T13:55:00Z,4,12,7.75,7.75,7.633333333333334,4.366666666666666,8,5.583333333333333,5.466666666666667,2.533333333333333,,,2026-04-25T13:48:00Z,L0,0,ATR,1199,AMD-IDR-AMD-ISK-HYD,,2026-04-24T12:19:02Z,2026-04-24
2026-04-25,66608:7-71977:5,Yet to Report,2026-04-25T14:50:00Z,66608,71977,2026-04-25T15:35:00Z,2026-04-25T22:35:00Z,4,12,7.75,7.75,9.8,2.1999999999999993,8,5.666666666666667,6.683333333333334,1.3166666666666664,-1,0.1999999999999993,2026-04-26T00:38:00Z,L4,90.41155356283205,ATR,1199,HYD-ISK-AMD-NMI-AMD,,2026-04-24T12:34:42Z,2026-04-24
2026-04-25,20418:6-78812:5,Yet to Report,2026-04-25T06:10:00Z,20418,78812,2026-04-25T06:55:00Z,2026-04-25T14:00:00Z,4,12,7.75,7.833333333333333,7.633333333333334,4.366666666666666,8,5.583333333333333,5.466666666666667,2.533333333333333,,,2026-04-25T13:48:00Z,L0,0,ATR,1199,AMD-IDR-AMD-ISK-HYD,,2026-04-24T12:34:42Z,2026-04-24
2026-04-25,66608:7-71977:5,Yet to Report,2026-04-25T14:50:00Z,66608,71977,2026-04-25T15:35:00Z,2026-04-25T22:45:00Z,4,12,7.75,7.916666666666667,9.766666666666666,2.2333333333333343,8,5.666666666666667,6.65,1.3499999999999996,-1,0.23333333333333428,2026-04-26T00:36:00Z,L4,90.41155351568032,ATR,1199,HYD-ISK-AMD-NMI-AMD,,2026-04-25T12:18:19Z,2026-04-25
2026-04-25,20418:6-78812:4,Reported,2026-04-25T06:10:00Z,20418,78812,2026-04-25T06:55:00Z,2026-04-25T14:00:00Z,4,12,7.75,7.833333333333333,7.65,4.35,8,5.583333333333333,5.466666666666667,2.533333333333333,,,2026-04-25T13:49:00Z,L0,0,ATR,1199,AMD-IDR-AMD-ISK-HYD,,2026-04-25T12:18:19Z,2026-04-25
2026-04-25,66608:7-71977:5,Yet to Report,2026-04-25T14:50:00Z,66608,71977,2026-04-25T15:35:00Z,2026-04-25T22:35:00Z,4,12,7.75,7.75,9.8,2.1999999999999993,8,5.666666666666667,6.683333333333334,1.3166666666666664,-1,0.1999999999999993,2026-04-26T00:38:00Z,L4,90.41155356283205,ATR,1199,HYD-ISK-AMD-NMI-AMD,,2026-04-24T13:05:00Z,2026-04-24
2026-04-25,20418:6-78812:5,Yet to Report,2026-04-25T06:10:00Z,20418,78812,2026-04-25T06:55:00Z,2026-04-25T14:00:00Z,4,12,7.75,7.833333333333333,7.666666666666667,4.333333333333333,8,5.583333333333333,5.483333333333333,2.5166666666666666,,,2026-04-25T13:50:00Z,L0,0,ATR,1199,AMD-IDR-AMD-ISK-HYD,,2026-04-24T13:05:00Z,2026-04-24
2026-04-25,66608:7-71977:5,Yet to Report,2026-04-25T14:50:00Z,66608,71977,2026-04-25T15:35:00Z,2026-04-25T22:45:00Z,4,12,7.75,7.916666666666667,9.766666666666666,2.2333333333333343,8,5.666666666666667,6.65,1.3499999999999996,-1,0.23333333333333428,2026-04-26T00:36:00Z,L4,90.41155351568032,ATR,1199,HYD-ISK-AMD-NMI-AMD,,2026-04-25T12:33:27Z,2026-04-25
2026-04-25,20418:6-78812:4,Reported,2026-04-25T06:10:00Z,20418,78812,2026-04-25T06:55:00Z,2026-04-25T13:49:00Z,4,12,7.75,7.65,7.65,4.35,8,5.583333333333333,5.466666666666667,2.533333333333333,,,2026-04-25T13:49:00Z,L0,0,ATR,1199,AMD-IDR-AMD-ISK-HYD,,2026-04-25T12:33:27Z,2026-04-25
2026-04-25,66608:7-71977:5,Yet to Report,2026-04-25T14:50:00Z,66608,71977,2026-04-25T15:35:00Z,2026-04-25T22:35:00Z,4,12,7.75,7.75,9.8,2.1999999999999993,8,5.666666666666667,6.683333333333334,1.3166666666666664,-1,0.1999999999999993,2026-04-26T00:38:00Z,L4,90.41155356283205,ATR,1199,HYD-ISK-AMD-NMI-AMD,,2026-04-24T13:18:01Z,2026-04-24
2026-04-25,20418:6-78812:5,Yet to Report,2026-04-25T06:10:00Z,20418,78812,2026-04-25T06:55:00Z,2026-04-25T14:00:00Z,4,12,7.75,7.833333333333333,7.666666666666667,4.333333333333333,8,5.583333333333333,5.483333333333333,2.5166666666666666,,,2026-04-25T13:50:00Z,L0,0,ATR,1199,AMD-IDR-AMD-ISK-HYD,,2026-04-24T13:18:01Z,2026-04-24
2026-04-25,66608:7-71977:5,Yet to Report,2026-04-25T14:50:00Z,66608,71977,2026-04-25T15:35:00Z,2026-04-25T22:45:00Z,4,12,7.75,7.916666666666667,9.766666666666666,2.2333333333333343,8,5.666666666666667,6.65,1.3499999999999996,-1,0.23333333333333428,2026-04-26T00:36:00Z,L4,90.41155351568032,ATR,1199,HYD-ISK-AMD-NMI-AMD,,2026-04-25T12:48:55Z,2026-04-25
2026-04-25,20418:6-78812:4,Reported,2026-04-25T06:10:00Z,20418,78812,2026-04-25T06:55:00Z,2026-04-25T13:49:00Z,4,12,7.75,7.65,7.65,4.35,8,5.583333333333333,5.5,2.5,,,2026-04-25T13:49:00Z,L0,0,ATR,1199,AMD-IDR-AMD-ISK-HYD,,2026-04-25T12:48:55Z,2026-04-25
2026-04-25,66608:7-71977:5,Yet to Report,2026-04-25T14:50:00Z,66608,71977,2026-04-25T15:35:00Z,2026-04-25T22:45:00Z,4,12,7.75,7.916666666666667,9.766666666666666,2.2333333333333343,8,5.666666666666667,6.65,1.3499999999999996,-1,0.23333333333333428,2026-04-26T00:36:00Z,L4,90.41155351568032,ATR,1199,HYD-ISK-AMD-NMI-AMD,,2026-04-25T13:05:10Z,2026-04-25
2026-04-25,20418:6-78812:4,Reported,2026-04-25T06:10:00Z,20418,78812,2026-04-25T06:55:00Z,2026-04-25T13:49:00Z,4,12,7.75,7.65,7.65,4.35,8,5.583333333333333,5.5,2.5,,,2026-04-25T13:49:00Z,L0,0,ATR,1199,AMD-IDR-AMD-ISK-HYD,,2026-04-25T13:05:10Z,2026-04-25
2026-04-25,66608:7-71977:5,Yet to Report,2026-04-25T14:50:00Z,66608,71977,2026-04-25T15:35:00Z,2026-04-25T22:35:00Z,4,12,7.75,7.75,9.8,2.1999999999999993,8,5.666666666666667,6.683333333333334,1.3166666666666664,-1,0.1999999999999993,2026-04-26T00:38:00Z,L4,90.41155356283205,ATR,1199,HYD-ISK-AMD-NMI-AMD,,2026-04-24T13:34:53Z,2026-04-24
2026-04-25,20418:6-78812:5,Yet to Report,2026-04-25T06:10:00Z,20418,78812,2026-04-25T06:55:00Z,2026-04-25T14:00:00Z,4,12,7.75,7.833333333333333,7.666666666666667,4.333333333333333,8,5.583333333333333,5.483333333333333,2.5166666666666666,,,2026-04-25T13:50:00Z,L0,0,ATR,1199,AMD-IDR-AMD-ISK-HYD,,2026-04-24T13:34:53Z,2026-04-24
2026-04-25,66608:7-71977:5,Yet to Report,2026-04-25T14:50:00Z,66608,71977,2026-04-25T15:35:00Z,2026-04-25T22:45:00Z,4,12,7.75,7.916666666666667,9.766666666666666,2.2333333333333343,8,5.666666666666667,6.65,1.3499999999999996,-1,0.23333333333333428,2026-04-26T00:36:00Z,L4,90.41155351568032,ATR,1199,HYD-ISK-AMD-NMI-AMD,,2026-04-25T13:18:28Z,2026-04-25
2026-04-25,20418:6-78812:4,Reported,2026-04-25T06:10:00Z,20418,78812,2026-04-25T06:55:00Z,2026-04-25T13:50:00Z,4,12,7.75,7.666666666666667,7.666666666666667,4.333333333333333,8,5.583333333333333,5.5,2.5,,,2026-04-25T13:50:00Z,L0,0,ATR,1199,AMD-IDR-AMD-ISK-HYD,,2026-04-25T13:18:28Z,2026-04-25
2026-04-25,66608:7-71977:5,Yet to Report,2026-04-25T14:50:00Z,66608,71977,2026-04-25T15:35:00Z,2026-04-25T22:45:00Z,4,12,7.75,7.916666666666667,9.766666666666666,2.2333333333333343,8,5.666666666666667,6.65,1.3499999999999996,-1,0.23333333333333428,2026-04-26T00:36:00Z,L4,90.41155351568032,ATR,1199,HYD-ISK-AMD-NMI-AMD,,2026-04-25T13:34:51Z,2026-04-25
2026-04-25,20418:6-78812:4,Reported,2026-04-25T06:10:00Z,20418,78812,2026-04-25T06:55:00Z,2026-04-25T13:50:00Z,4,12,7.75,7.666666666666667,7.666666666666667,4.333333333333333,8,5.583333333333333,5.5,2.5,,,2026-04-25T13:50:00Z,L0,0,ATR,1199,AMD-IDR-AMD-ISK-HYD,,2026-04-25T13:34:51Z,2026-04-25
2026-04-25,66608:7-71977:5,Yet to Report,2026-04-25T14:50:00Z,66608,71977,2026-04-25T15:35:00Z,2026-04-25T22:35:00Z,4,12,7.75,7.75,9.8,2.1999999999999993,8,5.666666666666667,6.683333333333334,1.3166666666666664,-1,0.1999999999999993,2026-04-26T00:38:00Z,L4,90.41155356283205,ATR,1199,HYD-ISK-AMD-NMI-AMD,,2026-04-24T13:48:59Z,2026-04-24
2026-04-25,20418:6-78812:5,Yet to Report,2026-04-25T06:10:00Z,20418,78812,2026-04-25T06:55:00Z,2026-04-25T14:00:00Z,4,12,7.75,7.833333333333333,7.666666666666667,4.333333333333333,8,5.583333333333333,5.483333333333333,2.5166666666666666,,,2026-04-25T13:50:00Z,L0,0,ATR,1199,AMD-IDR-AMD-ISK-HYD,,2026-04-24T13:48:59Z,2026-04-24
2026-04-25,66608:7-71977:5,Yet to Report,2026-04-25T14:50:00Z,66608,71977,2026-04-25T15:35:00Z,2026-04-25T22:45:00Z,4,12,7.75,7.916666666666667,9.766666666666666,2.2333333333333343,8,5.666666666666667,6.65,1.3499999999999996,-1,0.23333333333333428,2026-04-26T00:36:00Z,L4,90.41155351568032,ATR,1199,HYD-ISK-AMD-NMI-AMD,,2026-04-25T13:50:03Z,2026-04-25
2026-04-25,20418:6-78812:4,Reported,2026-04-25T06:10:00Z,20418,78812,2026-04-25T06:55:00Z,2026-04-25T13:50:00Z,4,12,7.75,7.666666666666667,7.666666666666667,4.333333333333333,8,5.583333333333333,5.5,2.5,,,2026-04-25T13:50:00Z,L0,0,ATR,1199,AMD-IDR-AMD-ISK-HYD,,2026-04-25T13:50:03Z,2026-04-25
2026-04-25,66608:7-71977:5,Yet to Report,2026-04-25T14:50:00Z,66608,71977,2026-04-25T15:35:00Z,2026-04-25T22:35:00Z,4,12,7.75,7.75,9.8,2.1999999999999993,8,5.666666666666667,6.683333333333334,1.3166666666666664,-1,0.1999999999999993,2026-04-26T00:38:00Z,L4,90.41155356283205,ATR,1199,HYD-ISK-AMD-NMI-AMD,,2026-04-24T14:04:10Z,2026-04-24
2026-04-25,20418:6-78812:5,Yet to Report,2026-04-25T06:10:00Z,20418,78812,2026-04-25T06:55:00Z,2026-04-25T14:00:00Z,4,12,7.75,7.833333333333333,7.666666666666667,4.333333333333333,8,5.583333333333333,5.483333333333333,2.5166666666666666,,,2026-04-25T13:50:00Z,L0,0,ATR,1199,AMD-IDR-AMD-ISK-HYD,,2026-04-24T14:04:10Z,2026-04-24
2026-04-25,66608:7-71977:5,Yet to Report,2026-04-25T14:50:00Z,66608,71977,2026-04-25T15:35:00Z,2026-04-25T22:45:00Z,4,12,7.75,7.916666666666667,9.766666666666666,2.2333333333333343,8,5.666666666666667,6.65,1.3499999999999996,-1,0.23333333333333428,2026-04-26T00:36:00Z,L4,90.41155351568032,ATR,1199,HYD-ISK-AMD-NMI-AMD,,2026-04-25T14:06:46Z,2026-04-25
2026-04-25,66608:7-71977:5,Yet to Report,2026-04-25T14:50:00Z,66608,71977,2026-04-25T15:35:00Z,2026-04-25T22:45:00Z,4,12,7.75,7.916666666666667,9.766666666666666,2.2333333333333343,8,5.666666666666667,6.65,1.3499999999999996,-1,0.23333333333333428,2026-04-26T00:36:00Z,L4,90.41155351568032,ATR,1199,HYD-ISK-AMD-NMI-AMD,,2026-04-25T14:19:14Z,2026-04-25
2026-04-25,66608:7-71977:5,Yet to Report,2026-04-25T14:50:00Z,66608,71977,2026-04-25T15:35:00Z,2026-04-25T22:35:00Z,4,12,7.75,7.75,9.8,2.1999999999999993,8,5.666666666666667,6.683333333333334,1.3166666666666664,-1,0.1999999999999993,2026-04-26T00:38:00Z,L4,90.41155356283205,ATR,1199,HYD-ISK-AMD-NMI-AMD,,2026-04-24T14:17:46Z,2026-04-24
2026-04-25,20418:6-78812:5,Yet to Report,2026-04-25T06:10:00Z,20418,78812,2026-04-25T06:55:00Z,2026-04-25T14:00:00Z,4,12,7.75,7.833333333333333,7.666666666666667,4.333333333333333,8,5.583333333333333,5.483333333333333,2.5166666666666666,,,2026-04-25T13:50:00Z,L0,0,ATR,1199,AMD-IDR-AMD-ISK-HYD,,2026-04-24T14:17:46Z,2026-04-24
2026-04-25,66608:7-71977:5,Yet to Report,2026-04-25T14:50:00Z,66608,71977,2026-04-25T15:35:00Z,2026-04-25T22:35:00Z,4,12,7.75,7.75,9.8,2.1999999999999993,8,5.666666666666667,6.683333333333334,1.3166666666666664,-1,0.1999999999999993,2026-04-26T00:38:00Z,L4,90.41155356283205,ATR,1199,HYD-ISK-AMD-NMI-AMD,,2026-04-24T14:34:16Z,2026-04-24
2026-04-25,20418:6-78812:5,Yet to Report,2026-04-25T06:10:00Z,20418,78812,2026-04-25T06:55:00Z,2026-04-25T14:00:00Z,4,12,7.75,7.833333333333333,7.666666666666667,4.333333333333333,8,5.583333333333333,5.483333333333333,2.5166666666666666,,,2026-04-25T13:50:00Z,L0,0,ATR,1199,AMD-IDR-AMD-ISK-HYD,,2026-04-24T14:34:16Z,2026-04-24
2026-04-25,66608:7-71977:5,Yet to Report,2026-04-25T14:50:00Z,66608,71977,2026-04-25T15:35:00Z,2026-04-25T22:45:00Z,4,12,7.75,7.916666666666667,9.766666666666666,2.2333333333333343,8,5.666666666666667,6.65,1.3499999999999996,-1,0.23333333333333428,2026-04-26T00:36:00Z,L4,90.41155351568032,ATR,1199,HYD-ISK-AMD-NMI-AMD,,2026-04-25T14:34:26Z,2026-04-25
2026-04-25,66608:7-71977:5,Yet to Report,2026-04-25T14:50:00Z,66608,71977,2026-04-25T15:35:00Z,2026-04-25T22:35:00Z,4,12,7.75,7.75,9.8,2.1999999999999993,8,5.666666666666667,6.683333333333334,1.3166666666666664,-1,0.1999999999999993,2026-04-26T00:38:00Z,L4,90.41155356283205,ATR,1199,HYD-ISK-AMD-NMI-AMD,,2026-04-24T14:48:33Z,2026-04-24
2026-04-25,20418:6-78812:5,Yet to Report,2026-04-25T06:10:00Z,20418,78812,2026-04-25T06:55:00Z,2026-04-25T14:00:00Z,4,12,7.75,7.833333333333333,7.583333333333333,4.416666666666667,8,5.583333333333333,5.483333333333333,2.5166666666666666,,,2026-04-25T13:45:00Z,L0,0,ATR,1199,AMD-IDR-AMD-ISK-HYD,,2026-04-24T14:48:33Z,2026-04-24
2026-04-25,66608:7-71977:5,Yet to Report,2026-04-25T14:50:00Z,66608,71977,2026-04-25T15:35:00Z,2026-04-25T22:45:00Z,4,12,7.75,7.916666666666667,9.766666666666666,2.2333333333333343,8,5.666666666666667,6.65,1.3499999999999996,-1,0.23333333333333428,2026-04-26T00:36:00Z,L4,90.41155351568032,ATR,1199,HYD-ISK-AMD-NMI-AMD,,2026-04-25T14:48:07Z,2026-04-25
2026-04-25,66608:7-71977:5,Yet to Report,2026-04-25T14:50:00Z,66608,71977,2026-04-25T15:35:00Z,2026-04-25T22:35:00Z,4,12,7.75,7.75,9.8,2.1999999999999993,8,5.666666666666667,6.683333333333334,1.3166666666666664,-1,0.1999999999999993,2026-04-26T00:38:00Z,L4,90.41155356283205,ATR,1199,HYD-ISK-AMD-NMI-AMD,,2026-04-24T15:04:43Z,2026-04-24
2026-04-25,20418:6-78812:5,Yet to Report,2026-04-25T06:10:00Z,20418,78812,2026-04-25T06:55:00Z,2026-04-25T14:00:00Z,4,12,7.75,7.833333333333333,7.583333333333333,4.416666666666667,8,5.583333333333333,5.3999999999999995,2.6000000000000005,,,2026-04-25T13:45:00Z,L0,0,ATR,1199,AMD-IDR-AMD-ISK-HYD,,2026-04-24T15:04:43Z,2026-04-24
2026-04-25,66608:7-71977:5,Reported,2026-04-25T14:50:00Z,66608,71977,2026-04-25T15:35:00Z,2026-04-25T22:45:00Z,4,12,7.75,7.916666666666667,9.766666666666666,2.2333333333333343,8,5.666666666666667,6.65,1.3499999999999996,-1,0.23333333333333428,2026-04-26T00:36:00Z,L4,90.41155351568032,ATR,1199,HYD-ISK-AMD-NMI-AMD,,2026-04-25T15:04:24Z,2026-04-25
2026-04-25,66608:7-71977:5,Yet to Report,2026-04-25T14:50:00Z,66608,71977,2026-04-25T15:35:00Z,2026-04-25T22:35:00Z,4,12,7.75,7.75,9.8,2.1999999999999993,8,5.666666666666667,6.683333333333334,1.3166666666666664,-1,0.1999999999999993,2026-04-26T00:38:00Z,L4,90.41155356283205,ATR,1199,HYD-ISK-AMD-NMI-AMD,,2026-04-24T15:17:51Z,2026-04-24
2026-04-25,20418:6-78812:5,Yet to Report,2026-04-25T06:10:00Z,20418,78812,2026-04-25T06:55:00Z,2026-04-25T14:00:00Z,4,12,7.75,7.833333333333333,7.583333333333333,4.416666666666667,8,5.583333333333333,5.3999999999999995,2.6000000000000005,,,2026-04-25T13:45:00Z,L0,0,ATR,1199,AMD-IDR-AMD-ISK-HYD,,2026-04-24T15:17:51Z,2026-04-24
2026-04-25,66608:7-71977:5,Reported,2026-04-25T14:50:00Z,66608,71977,2026-04-25T15:35:00Z,2026-04-25T22:45:00Z,4,12,7.75,7.916666666666667,9.766666666666666,2.2333333333333343,8,5.666666666666667,6.65,1.3499999999999996,-1,0.23333333333333428,2026-04-26T00:36:00Z,L4,90.41155351568032,ATR,1199,HYD-ISK-AMD-NMI-AMD,,2026-04-25T15:17:49Z,2026-04-25
2026-04-25,66608:7-71977:5,Yet to Report,2026-04-25T14:50:00Z,66608,71977,2026-04-25T15:35:00Z,2026-04-25T22:35:00Z,4,12,7.75,7.75,9.8,2.1999999999999993,8,5.666666666666667,6.683333333333334,1.3166666666666664,-1,0.1999999999999993,2026-04-26T00:38:00Z,L4,90.41155356283205,ATR,1199,HYD-ISK-AMD-NMI-AMD,,2026-04-24T15:33:11Z,2026-04-24
2026-04-25,20418:6-78812:5,Yet to Report,2026-04-25T06:10:00Z,20418,78812,2026-04-25T06:55:00Z,2026-04-25T14:00:00Z,4,12,7.75,7.833333333333333,7.583333333333333,4.416666666666667,8,5.583333333333333,5.3999999999999995,2.6000000000000005,,,2026-04-25T13:45:00Z,L0,0,ATR,1199,AMD-IDR-AMD-ISK-HYD,,2026-04-24T15:33:11Z,2026-04-24
2026-04-25,66608:7-71977:5,Reported,2026-04-25T14:50:00Z,66608,71977,2026-04-25T15:35:00Z,2026-04-25T22:45:00Z,4,12,7.75,7.916666666666667,9.766666666666666,2.2333333333333343,8,5.666666666666667,6.65,1.3499999999999996,-1,0.23333333333333428,2026-04-26T00:36:00Z,L4,90.41155351568032,ATR,1199,HYD-ISK-AMD-NMI-AMD,,2026-04-25T15:34:46Z,2026-04-25
2026-04-25,66608:7-71977:5,Reported,2026-04-25T14:50:00Z,66608,71977,2026-04-25T15:35:00Z,2026-04-25T22:45:00Z,4,12,7.75,7.916666666666667,9.666666666666666,2.333333333333334,8,5.666666666666667,6.65,1.3499999999999996,-1,0.3333333333333339,2026-04-26T00:30:00Z,L4,90.41155337652572,ATR,1199,HYD-ISK-AMD-NMI-AMD,,2026-04-25T15:49:23Z,2026-04-25
2026-04-25,66608:7-71977:5,Yet to Report,2026-04-25T14:50:00Z,66608,71977,2026-04-25T15:35:00Z,2026-04-25T22:35:00Z,4,12,7.75,7.75,9.8,2.1999999999999993,8,5.666666666666667,6.683333333333334,1.3166666666666664,-1,0.1999999999999993,2026-04-26T00:38:00Z,L4,90.41155356283205,ATR,1199,HYD-ISK-AMD-NMI-AMD,,2026-04-24T15:48:23Z,2026-04-24
2026-04-25,20418:6-78812:5,Yet to Report,2026-04-25T06:10:00Z,20418,78812,2026-04-25T06:55:00Z,2026-04-25T14:00:00Z,4,12,7.75,7.833333333333333,7.583333333333333,4.416666666666667,8,5.583333333333333,5.3999999999999995,2.6000000000000005,,,2026-04-25T13:45:00Z,L0,0,ATR,1199,AMD-IDR-AMD-ISK-HYD,,2026-04-24T15:48:23Z,2026-04-24
2026-04-25,66608:7-71977:5,Yet to Report,2026-04-25T14:50:00Z,66608,71977,2026-04-25T15:35:00Z,2026-04-25T22:35:00Z,4,12,7.75,7.75,9.8,2.1999999999999993,8,5.666666666666667,6.683333333333334,1.3166666666666664,-1,0.1999999999999993,2026-04-26T00:38:00Z,L4,90.41155356283205,ATR,1199,HYD-ISK-AMD-NMI-AMD,,2026-04-24T16:06:50Z,2026-04-24
2026-04-25,20418:6-78812:5,Yet to Report,2026-04-25T06:10:00Z,20418,78812,2026-04-25T06:55:00Z,2026-04-25T14:00:00Z,4,12,7.75,7.833333333333333,7.583333333333333,4.416666666666667,8,5.583333333333333,5.3999999999999995,2.6000000000000005,,,2026-04-25T13:45:00Z,L0,0,ATR,1199,AMD-IDR-AMD-ISK-HYD,,2026-04-24T16:06:50Z,2026-04-24
2026-04-25,66608:7-71977:5,Reported,2026-04-25T14:50:00Z,66608,71977,2026-04-25T15:35:00Z,2026-04-25T22:45:00Z,4,12,7.75,7.916666666666667,8.533333333333333,3.466666666666667,8,5.666666666666667,6.616666666666667,1.3833333333333329,,,2026-04-25T23:22:00Z,L0,0,ATR,1199,HYD-ISK-AMD-NMI-AMD,,2026-04-25T16:04:22Z,2026-04-25
2026-04-25,66608:7-71977:5,Reported,2026-04-25T14:50:00Z,66608,71977,2026-04-25T15:35:00Z,2026-04-25T22:45:00Z,4,12,7.75,7.916666666666667,8.533333333333333,3.466666666666667,8,5.666666666666667,6.133333333333334,1.8666666666666663,,,2026-04-25T23:22:00Z,L0,0,ATR,1199,HYD-ISK-AMD-NMI-AMD,,2026-04-25T16:18:08Z,2026-04-25
2026-04-25,66608:7-71977:5,Reported,2026-04-25T14:50:00Z,66608,71977,2026-04-25T15:35:00Z,2026-04-25T22:45:00Z,4,12,7.75,7.916666666666667,8.533333333333333,3.466666666666667,8,5.666666666666667,6.133333333333334,1.8666666666666663,,,2026-04-25T23:22:00Z,L0,0,ATR,1199,HYD-ISK-AMD-NMI-AMD,,2026-04-25T16:33:37Z,2026-04-25
2026-04-25,66608:7-71977:5,Yet to Report,2026-04-25T14:50:00Z,66608,71977,2026-04-25T15:35:00Z,2026-04-25T22:35:00Z,4,12,7.75,7.75,9.8,2.1999999999999993,8,5.666666666666667,6.683333333333334,1.3166666666666664,-1,0.1999999999999993,2026-04-26T00:38:00Z,L4,90.41155356283205,ATR,1199,HYD-ISK-AMD-NMI-AMD,,2026-04-24T16:17:57Z,2026-04-24
2026-04-25,20418:6-78812:5,Yet to Report,2026-04-25T06:10:00Z,20418,78812,2026-04-25T06:55:00Z,2026-04-25T14:00:00Z,4,12,7.75,7.833333333333333,7.583333333333333,4.416666666666667,8,5.583333333333333,5.3999999999999995,2.6000000000000005,,,2026-04-25T13:45:00Z,L0,0,ATR,1199,AMD-IDR-AMD-ISK-HYD,,2026-04-24T16:17:57Z,2026-04-24
2026-04-25,66608:7-71977:5,Reported,2026-04-25T14:50:00Z,66608,71977,2026-04-25T15:35:00Z,2026-04-25T22:45:00Z,4,12,7.75,7.916666666666667,8.533333333333333,3.466666666666667,8,5.666666666666667,6.133333333333334,1.8666666666666663,,,2026-04-25T23:22:00Z,L0,0,ATR,1199,HYD-ISK-AMD-NMI-AMD,,2026-04-25T16:48:36Z,2026-04-25
2026-04-25,66608:7-71977:5,Yet to Report,2026-04-25T14:50:00Z,66608,71977,2026-04-25T15:35:00Z,2026-04-25T22:35:00Z,4,12,7.75,7.75,9.8,2.1999999999999993,8,5.666666666666667,6.683333333333334,1.3166666666666664,-1,0.1999999999999993,2026-04-26T00:38:00Z,L4,90.41155356283205,ATR,1199,HYD-ISK-AMD-NMI-AMD,,2026-04-24T16:34:53Z,2026-04-24
2026-04-25,20418:6-78812:5,Yet to Report,2026-04-25T06:10:00Z,20418,78812,2026-04-25T06:55:00Z,2026-04-25T14:00:00Z,4,12,7.75,7.833333333333333,7.583333333333333,4.416666666666667,8,5.583333333333333,5.3999999999999995,2.6000000000000005,,,2026-04-25T13:45:00Z,L0,0,ATR,1199,AMD-IDR-AMD-ISK-HYD,,2026-04-24T16:34:53Z,2026-04-24
2026-04-25,66608:7-71977:5,Yet to Report,2026-04-25T14:50:00Z,66608,71977,2026-04-25T15:35:00Z,2026-04-25T22:35:00Z,4,12,7.75,7.75,9.8,2.1999999999999993,8,5.666666666666667,6.683333333333334,1.3166666666666664,-1,0.1999999999999993,2026-04-26T00:38:00Z,L4,90.41155356283205,ATR,1199,HYD-ISK-AMD-NMI-AMD,,2026-04-24T16:48:29Z,2026-04-24
2026-04-25,20418:6-78812:5,Yet to Report,2026-04-25T06:10:00Z,20418,78812,2026-04-25T06:55:00Z,2026-04-25T14:00:00Z,4,12,7.75,7.833333333333333,7.583333333333333,4.416666666666667,8,5.583333333333333,5.3999999999999995,2.6000000000000005,,,2026-04-25T13:45:00Z,L0,0,ATR,1199,AMD-IDR-AMD-ISK-HYD,,2026-04-24T16:48:29Z,2026-04-24
2026-04-25,66608:7-71977:5,Yet to Report,2026-04-25T14:50:00Z,66608,71977,2026-04-25T15:35:00Z,2026-04-25T22:35:00Z,4,12,7.75,7.75,9.8,2.1999999999999993,8,5.666666666666667,6.683333333333334,1.3166666666666664,-1,0.1999999999999993,2026-04-26T00:38:00Z,L4,90.41155356283205,ATR,1199,HYD-ISK-AMD-NMI-AMD,,2026-04-24T17:04:41Z,2026-04-24
2026-04-25,20418:6-78812:5,Yet to Report,2026-04-25T06:10:00Z,20418,78812,2026-04-25T06:55:00Z,2026-04-25T14:00:00Z,4,12,7.75,7.833333333333333,7.583333333333333,4.416666666666667,8,5.583333333333333,5.3999999999999995,2.6000000000000005,,,2026-04-25T13:45:00Z,L0,0,ATR,1199,AMD-IDR-AMD-ISK-HYD,,2026-04-24T17:04:41Z,2026-04-24
2026-04-25,66608:7-71977:5,Reported,2026-04-25T14:50:00Z,66608,71977,2026-04-25T15:35:00Z,2026-04-25T22:45:00Z,4,12,7.75,7.916666666666667,8.533333333333333,3.466666666666667,8,5.666666666666667,6.133333333333334,1.8666666666666663,,,2026-04-25T23:22:00Z,L0,0,ATR,1199,HYD-ISK-AMD-NMI-AMD,,2026-04-25T17:04:55Z,2026-04-25
2026-04-25,66608:7-71977:5,Yet to Report,2026-04-25T14:50:00Z,66608,71977,2026-04-25T15:35:00Z,2026-04-25T22:35:00Z,4,12,7.75,7.75,9.8,2.1999999999999993,8,5.666666666666667,6.683333333333334,1.3166666666666664,-1,0.1999999999999993,2026-04-26T00:38:00Z,L4,90.41155356283205,ATR,1199,HYD-ISK-AMD-NMI-AMD,,2026-04-24T17:18:03Z,2026-04-24
2026-04-25,20418:6-78812:5,Yet to Report,2026-04-25T06:10:00Z,20418,78812,2026-04-25T06:55:00Z,2026-04-25T14:00:00Z,4,12,7.75,7.833333333333333,7.583333333333333,4.416666666666667,8,5.583333333333333,5.3999999999999995,2.6000000000000005,,,2026-04-25T13:45:00Z,L0,0,ATR,1199,AMD-IDR-AMD-ISK-HYD,,2026-04-24T17:18:03Z,2026-04-24
2026-04-25,66608:7-71977:5,Reported,2026-04-25T14:50:00Z,66608,71977,2026-04-25T15:35:00Z,2026-04-25T22:45:00Z,4,12,7.75,7.916666666666667,8.533333333333333,3.466666666666667,8,5.666666666666667,6.133333333333334,1.8666666666666663,,,2026-04-25T23:22:00Z,L0,0,ATR,1199,HYD-ISK-AMD-NMI-AMD,,2026-04-25T17:17:45Z,2026-04-25
2026-04-25,66608:7-71977:5,Yet to Report,2026-04-25T14:50:00Z,66608,71977,2026-04-25T15:35:00Z,2026-04-25T22:35:00Z,4,12,7.75,7.75,9.8,2.1999999999999993,8,5.666666666666667,6.683333333333334,1.3166666666666664,-1,0.1999999999999993,2026-04-26T00:38:00Z,L4,90.41155356283205,ATR,1199,HYD-ISK-AMD-NMI-AMD,,2026-04-24T17:33:31Z,2026-04-24
2026-04-25,20418:6-78812:5,Yet to Report,2026-04-25T06:10:00Z,20418,78812,2026-04-25T06:55:00Z,2026-04-25T14:00:00Z,4,12,7.75,7.833333333333333,7.583333333333333,4.416666666666667,8,5.583333333333333,5.3999999999999995,2.6000000000000005,,,2026-04-25T13:45:00Z,L0,0,ATR,1199,AMD-IDR-AMD-ISK-HYD,,2026-04-24T17:33:31Z,2026-04-24
2026-04-25,66608:7-71977:5,Reported,2026-04-25T14:50:00Z,66608,71977,2026-04-25T15:35:00Z,2026-04-25T22:45:00Z,4,12,7.75,7.916666666666667,8.533333333333333,3.466666666666667,8,5.666666666666667,6.133333333333334,1.8666666666666663,,,2026-04-25T23:22:00Z,L0,0,ATR,1199,HYD-ISK-AMD-NMI-AMD,,2026-04-25T17:34:14Z,2026-04-25
2026-04-25,66608:7-71977:5,Yet to Report,2026-04-25T14:50:00Z,66608,71977,2026-04-25T15:35:00Z,2026-04-25T22:35:00Z,4,12,7.75,7.75,9.8,2.1999999999999993,8,5.666666666666667,6.683333333333334,1.3166666666666664,-1,0.1999999999999993,2026-04-26T00:38:00Z,L4,90.41155356283205,ATR,1199,HYD-ISK-AMD-NMI-AMD,,2026-04-24T17:48:32Z,2026-04-24
2026-04-25,20418:6-78812:5,Yet to Report,2026-04-25T06:10:00Z,20418,78812,2026-04-25T06:55:00Z,2026-04-25T14:00:00Z,4,12,7.75,7.833333333333333,7.583333333333333,4.416666666666667,8,5.583333333333333,5.3999999999999995,2.6000000000000005,,,2026-04-25T13:45:00Z,L0,0,ATR,1199,AMD-IDR-AMD-ISK-HYD,,2026-04-24T17:48:32Z,2026-04-24
2026-04-25,66608:7-71977:5,Reported,2026-04-25T14:50:00Z,66608,71977,2026-04-25T15:35:00Z,2026-04-25T22:45:00Z,4,12,7.75,7.916666666666667,8.533333333333333,3.466666666666667,8,5.666666666666667,6.033333333333333,1.9666666666666668,,,2026-04-25T23:22:00Z,L0,0,ATR,1199,HYD-ISK-AMD-NMI-AMD,,2026-04-25T17:48:27Z,2026-04-25
2026-04-25,66608:7-71977:5,Reported,2026-04-25T14:50:00Z,66608,71977,2026-04-25T15:35:00Z,2026-04-25T22:45:00Z,4,12,7.75,7.916666666666667,8.533333333333333,3.466666666666667,8,5.666666666666667,6.050000000000001,1.9499999999999993,,,2026-04-25T23:22:00Z,L0,0,ATR,1199,HYD-ISK-AMD-NMI-AMD,,2026-04-25T18:06:49Z,2026-04-25
2026-04-25,66608:7-71977:5,Yet to Report,2026-04-25T14:50:00Z,66608,71977,2026-04-25T15:35:00Z,2026-04-25T22:35:00Z,4,12,7.75,7.75,9.8,2.1999999999999993,8,5.666666666666667,6.683333333333334,1.3166666666666664,-1,0.1999999999999993,2026-04-26T00:38:00Z,L4,90.41155356283205,ATR,1199,HYD-ISK-AMD-NMI-AMD,,2026-04-24T18:05:53Z,2026-04-24
2026-04-25,20418:6-78812:5,Yet to Report,2026-04-25T06:10:00Z,20418,78812,2026-04-25T06:55:00Z,2026-04-25T14:00:00Z,4,12,7.75,7.833333333333333,7.583333333333333,4.416666666666667,8,5.583333333333333,5.3999999999999995,2.6000000000000005,,,2026-04-25T13:45:00Z,L0,0,ATR,1199,AMD-IDR-AMD-ISK-HYD,,2026-04-24T18:05:53Z,2026-04-24
2026-04-25,66608:7-71977:5,Reported,2026-04-25T14:50:00Z,66608,71977,2026-04-25T15:35:00Z,2026-04-25T22:45:00Z,4,12,7.75,7.916666666666667,8.533333333333333,3.466666666666667,8,5.666666666666667,6.050000000000001,1.9499999999999993,,,2026-04-25T23:22:00Z,L0,0,ATR,1199,HYD-ISK-AMD-NMI-AMD,,2026-04-25T18:18:11Z,2026-04-25
2026-04-25,66608:7-71977:5,Yet to Report,2026-04-25T14:50:00Z,66608,71977,2026-04-25T15:35:00Z,2026-04-25T22:35:00Z,4,12,7.75,7.75,9.8,2.1999999999999993,8,5.666666666666667,6.683333333333334,1.3166666666666664,-1,0.1999999999999993,2026-04-26T00:38:00Z,L4,90.41155356283205,ATR,1199,HYD-ISK-AMD-NMI-AMD,,2026-04-24T18:18:28Z,2026-04-24
2026-04-25,20418:6-78812:5,Yet to Report,2026-04-25T06:10:00Z,20418,78812,2026-04-25T06:55:00Z,2026-04-25T14:00:00Z,4,12,7.75,7.833333333333333,7.583333333333333,4.416666666666667,8,5.583333333333333,5.3999999999999995,2.6000000000000005,,,2026-04-25T13:45:00Z,L0,0,ATR,1199,AMD-IDR-AMD-ISK-HYD,,2026-04-24T18:18:28Z,2026-04-24
2026-04-25,66608:7-71977:5,Yet to Report,2026-04-25T14:50:00Z,66608,71977,2026-04-25T15:35:00Z,2026-04-25T22:35:00Z,4,12,7.75,7.75,9.8,2.1999999999999993,8,5.666666666666667,6.683333333333334,1.3166666666666664,-1,0.1999999999999993,2026-04-26T00:38:00Z,L4,90.41155356283205,ATR,1199,HYD-ISK-AMD-NMI-AMD,,2026-04-24T18:33:42Z,2026-04-24
2026-04-25,20418:6-78812:5,Yet to Report,2026-04-25T06:10:00Z,20418,78812,2026-04-25T06:55:00Z,2026-04-25T14:00:00Z,4,12,7.75,7.833333333333333,7.583333333333333,4.416666666666667,8,5.583333333333333,5.3999999999999995,2.6000000000000005,,,2026-04-25T13:45:00Z,L0,0,ATR,1199,AMD-IDR-AMD-ISK-HYD,,2026-04-24T18:33:42Z,2026-04-24
2026-04-25,66608:7-71977:5,Reported,2026-04-25T14:50:00Z,66608,71977,2026-04-25T15:35:00Z,2026-04-25T22:45:00Z,4,12,7.75,7.916666666666667,8.533333333333333,3.466666666666667,8,5.666666666666667,6.050000000000001,1.9499999999999993,,,2026-04-25T23:22:00Z,L0,0,ATR,1199,HYD-ISK-AMD-NMI-AMD,,2026-04-25T18:33:00Z,2026-04-25
2026-04-25,66608:7-71977:5,Yet to Report,2026-04-25T14:50:00Z,66608,71977,2026-04-25T15:35:00Z,2026-04-25T22:35:00Z,4,12,7.75,7.75,9.8,2.1999999999999993,8,5.666666666666667,6.683333333333334,1.3166666666666664,-1,0.1999999999999993,2026-04-26T00:38:00Z,L4,90.41155356283205,ATR,1199,HYD-ISK-AMD-NMI-AMD,,2026-04-24T18:48:18Z,2026-04-24
2026-04-25,20418:6-78812:5,Yet to Report,2026-04-25T06:10:00Z,20418,78812,2026-04-25T06:55:00Z,2026-04-25T14:00:00Z,4,12,7.75,7.833333333333333,7.583333333333333,4.416666666666667,8,5.583333333333333,5.3999999999999995,2.6000000000000005,,,2026-04-25T13:45:00Z,L0,0,ATR,1199,AMD-IDR-AMD-ISK-HYD,,2026-04-24T18:48:18Z,2026-04-24
2026-04-25,66608:7-71977:5,Reported,2026-04-25T14:50:00Z,66608,71977,2026-04-25T15:35:00Z,2026-04-25T22:45:00Z,4,12,7.75,7.916666666666667,8.533333333333333,3.466666666666667,8,5.666666666666667,6,2,,,2026-04-25T23:22:00Z,L0,0,ATR,1199,HYD-ISK-AMD-NMI-AMD,,2026-04-25T18:48:01Z,2026-04-25
2026-04-25,66608:7-71977:5,Yet to Report,2026-04-25T14:50:00Z,66608,71977,2026-04-25T15:35:00Z,2026-04-25T22:35:00Z,4,12,7.75,7.75,9.8,2.1999999999999993,8,5.666666666666667,6.683333333333334,1.3166666666666664,-1,0.1999999999999993,2026-04-26T00:38:00Z,L4,90.41155356283205,ATR,1199,HYD-ISK-AMD-NMI-AMD,,2026-04-24T19:03:40Z,2026-04-24
2026-04-25,20418:6-78812:5,Yet to Report,2026-04-25T06:10:00Z,20418,78812,2026-04-25T06:55:00Z,2026-04-25T14:00:00Z,4,12,7.75,7.833333333333333,7.583333333333333,4.416666666666667,8,5.583333333333333,5.3999999999999995,2.6000000000000005,,,2026-04-25T13:45:00Z,L0,0,ATR,1199,AMD-IDR-AMD-ISK-HYD,,2026-04-24T19:03:40Z,2026-04-24
2026-04-25,66608:7-71977:5,Reported,2026-04-25T14:50:00Z,66608,71977,2026-04-25T15:35:00Z,2026-04-25T22:45:00Z,4,12,7.75,7.916666666666667,8.533333333333333,3.466666666666667,8,5.666666666666667,6,2,,,2026-04-25T23:22:00Z,L0,0,ATR,1199,HYD-ISK-AMD-NMI-AMD,,2026-04-25T19:05:40Z,2026-04-25
2026-04-25,66608:7-71977:5,Yet to Report,2026-04-25T14:50:00Z,66608,71977,2026-04-25T15:35:00Z,2026-04-25T22:35:00Z,4,12,7.75,7.75,9.8,2.1999999999999993,8,5.666666666666667,6.683333333333334,1.3166666666666664,-1,0.1999999999999993,2026-04-26T00:38:00Z,L4,90.41155356283205,ATR,1199,HYD-ISK-AMD-NMI-AMD,,2026-04-24T19:17:48Z,2026-04-24
2026-04-25,20418:6-78812:5,Yet to Report,2026-04-25T06:10:00Z,20418,78812,2026-04-25T06:55:00Z,2026-04-25T14:00:00Z,4,12,7.75,7.833333333333333,7.583333333333333,4.416666666666667,8,5.583333333333333,5.3999999999999995,2.6000000000000005,,,2026-04-25T13:45:00Z,L0,0,ATR,1199,AMD-IDR-AMD-ISK-HYD,,2026-04-24T19:17:48Z,2026-04-24
2026-04-25,66608:7-71977:5,Reported,2026-04-25T14:50:00Z,66608,71977,2026-04-25T15:35:00Z,2026-04-25T22:50:00Z,4,12,7.75,8,8,4,8,5.666666666666667,6,2,,,2026-04-25T22:50:00Z,L0,0,ATR,1199,HYD-ISK-AMD-NMI-AMD,,2026-04-25T19:17:58Z,2026-04-25
2026-04-25,66608:7-71977:5,Yet to Report,2026-04-25T14:50:00Z,66608,71977,2026-04-25T15:35:00Z,2026-04-25T22:35:00Z,4,12,7.75,7.75,9.8,2.1999999999999993,8,5.666666666666667,6.683333333333334,1.3166666666666664,-1,0.1999999999999993,2026-04-26T00:38:00Z,L4,90.41155356283205,ATR,1199,HYD-ISK-AMD-NMI-AMD,,2026-04-24T19:33:35Z,2026-04-24
2026-04-25,20418:6-78812:5,Yet to Report,2026-04-25T06:10:00Z,20418,78812,2026-04-25T06:55:00Z,2026-04-25T14:00:00Z,4,12,7.75,7.833333333333333,7.583333333333333,4.416666666666667,8,5.583333333333333,5.3999999999999995,2.6000000000000005,,,2026-04-25T13:45:00Z,L0,0,ATR,1199,AMD-IDR-AMD-ISK-HYD,,2026-04-24T19:33:35Z,2026-04-24
2026-04-25,66608:7-71977:5,Reported,2026-04-25T14:50:00Z,66608,71977,2026-04-25T15:35:00Z,2026-04-25T22:50:00Z,4,12,7.75,8,8,4,8,5.666666666666667,6,2,,,2026-04-25T22:50:00Z,L0,0,ATR,1199,HYD-ISK-AMD-NMI-AMD,,2026-04-25T19:34:27Z,2026-04-25
2026-04-25,66608:7-71977:5,Reported,2026-04-25T14:50:00Z,66608,71977,2026-04-25T15:35:00Z,2026-04-25T22:50:00Z,4,12,7.75,8,8,4,8,5.666666666666667,6,2,,,2026-04-25T22:50:00Z,L0,0,ATR,1199,HYD-ISK-AMD-NMI-AMD,,2026-04-25T19:48:41Z,2026-04-25
2026-04-25,66608:7-71977:5,Yet to Report,2026-04-25T14:50:00Z,66608,71977,2026-04-25T15:35:00Z,2026-04-25T22:35:00Z,4,12,7.75,7.75,9.8,2.1999999999999993,8,5.666666666666667,6.683333333333334,1.3166666666666664,-1,0.1999999999999993,2026-04-26T00:38:00Z,L4,90.41155356283205,ATR,1199,HYD-ISK-AMD-NMI-AMD,,2026-04-24T19:48:49Z,2026-04-24
2026-04-25,20418:6-78812:5,Yet to Report,2026-04-25T06:10:00Z,20418,78812,2026-04-25T06:55:00Z,2026-04-25T14:00:00Z,4,12,7.75,7.833333333333333,7.583333333333333,4.416666666666667,8,5.583333333333333,5.3999999999999995,2.6000000000000005,,,2026-04-25T13:45:00Z,L0,0,ATR,1199,AMD-IDR-AMD-ISK-HYD,,2026-04-24T19:48:49Z,2026-04-24
2026-04-25,66608:7-71977:5,Reported,2026-04-25T14:50:00Z,66608,71977,2026-04-25T15:35:00Z,2026-04-25T23:00:00Z,4,12,7.75,8.166666666666666,8.166666666666666,3.833333333333334,8,5.666666666666667,6.133333333333334,1.8666666666666663,,,2026-04-25T23:00:00Z,L0,0,ATR,1199,HYD-ISK-AMD-NMI-AMD,,2026-04-25T20:06:47Z,2026-04-25
2026-04-25,66608:7-71977:5,Yet to Report,2026-04-25T14:50:00Z,66608,71977,2026-04-25T15:35:00Z,2026-04-25T22:35:00Z,4,12,7.75,7.75,9.8,2.1999999999999993,8,5.666666666666667,6.683333333333334,1.3166666666666664,-1,0.1999999999999993,2026-04-26T00:38:00Z,L4,90.41155356283205,ATR,1199,HYD-ISK-AMD-NMI-AMD,,2026-04-24T20:05:03Z,2026-04-24
2026-04-25,20418:6-78812:5,Yet to Report,2026-04-25T06:10:00Z,20418,78812,2026-04-25T06:55:00Z,2026-04-25T14:00:00Z,4,12,7.75,7.833333333333333,7.583333333333333,4.416666666666667,8,5.583333333333333,5.3999999999999995,2.6000000000000005,,,2026-04-25T13:45:00Z,L0,0,ATR,1199,AMD-IDR-AMD-ISK-HYD,,2026-04-24T20:05:03Z,2026-04-24
2026-04-25,66608:7-71977:5,Yet to Report,2026-04-25T14:50:00Z,66608,71977,2026-04-25T15:35:00Z,2026-04-25T22:35:00Z,4,12,7.75,7.75,9.8,2.1999999999999993,8,5.666666666666667,6.683333333333334,1.3166666666666664,-1,0.1999999999999993,2026-04-26T00:38:00Z,L4,90.41155356283205,ATR,1199,HYD-ISK-AMD-NMI-AMD,,2026-04-24T20:18:06Z,2026-04-24
2026-04-25,20418:6-78812:5,Yet to Report,2026-04-25T06:10:00Z,20418,78812,2026-04-25T06:55:00Z,2026-04-25T14:00:00Z,4,12,7.75,7.833333333333333,7.583333333333333,4.416666666666667,8,5.583333333333333,5.3999999999999995,2.6000000000000005,,,2026-04-25T13:45:00Z,L0,0,ATR,1199,AMD-IDR-AMD-ISK-HYD,,2026-04-24T20:18:06Z,2026-04-24
2026-04-25,66608:7-71977:5,Reported,2026-04-25T14:50:00Z,66608,71977,2026-04-25T15:35:00Z,2026-04-25T23:00:00Z,4,12,7.75,8.166666666666666,8.166666666666666,3.833333333333334,8,5.666666666666667,6.133333333333334,1.8666666666666663,,,2026-04-25T23:00:00Z,L0,0,ATR,1199,HYD-ISK-AMD-NMI-AMD,,2026-04-25T20:18:46Z,2026-04-25
2026-04-25,66608:7-71977:5,Yet to Report,2026-04-25T14:50:00Z,66608,71977,2026-04-25T15:35:00Z,2026-04-25T22:35:00Z,4,12,7.75,7.75,9.8,2.1999999999999993,8,5.666666666666667,6.683333333333334,1.3166666666666664,-1,0.1999999999999993,2026-04-26T00:38:00Z,L4,90.41155356283205,ATR,1199,HYD-ISK-AMD-NMI-AMD,,2026-04-24T20:34:34Z,2026-04-24
2026-04-25,20418:6-78812:5,Yet to Report,2026-04-25T06:10:00Z,20418,78812,2026-04-25T06:55:00Z,2026-04-25T14:00:00Z,4,12,7.75,7.833333333333333,7.583333333333333,4.416666666666667,8,5.583333333333333,5.3999999999999995,2.6000000000000005,,,2026-04-25T13:45:00Z,L0,0,ATR,1199,AMD-IDR-AMD-ISK-HYD,,2026-04-24T20:34:34Z,2026-04-24
2026-04-25,66608:7-71977:5,Reported,2026-04-25T14:50:00Z,66608,71977,2026-04-25T15:35:00Z,2026-04-25T23:00:00Z,4,12,7.75,8.166666666666666,8.166666666666666,3.833333333333334,8,5.666666666666667,6.133333333333334,1.8666666666666663,,,2026-04-25T23:00:00Z,L0,0,ATR,1199,HYD-ISK-AMD-NMI-AMD,,2026-04-25T20:34:38Z,2026-04-25
2026-04-25,66608:7-71977:5,Yet to Report,2026-04-25T14:50:00Z,66608,71977,2026-04-25T15:35:00Z,2026-04-25T22:35:00Z,4,12,7.75,7.75,9.8,2.1999999999999993,8,5.666666666666667,6.683333333333334,1.3166666666666664,-1,0.1999999999999993,2026-04-26T00:38:00Z,L4,90.41155356283205,ATR,1199,HYD-ISK-AMD-NMI-AMD,,2026-04-24T20:48:36Z,2026-04-24
2026-04-25,20418:6-78812:5,Yet to Report,2026-04-25T06:10:00Z,20418,78812,2026-04-25T06:55:00Z,2026-04-25T14:00:00Z,4,12,7.75,7.833333333333333,7.583333333333333,4.416666666666667,8,5.583333333333333,5.3999999999999995,2.6000000000000005,,,2026-04-25T13:45:00Z,L0,0,ATR,1199,AMD-IDR-AMD-ISK-HYD,,2026-04-24T20:48:36Z,2026-04-24
2026-04-25,66608:7-71977:5,Reported,2026-04-25T14:50:00Z,66608,71977,2026-04-25T15:35:00Z,2026-04-25T23:00:00Z,4,12,7.75,8.166666666666666,8.166666666666666,3.833333333333334,8,5.666666666666667,6.133333333333334,1.8666666666666663,,,2026-04-25T23:00:00Z,L0,0,ATR,1199,HYD-ISK-AMD-NMI-AMD,,2026-04-25T20:47:55Z,2026-04-25
2026-04-25,66608:7-71977:5,Reported,2026-04-25T14:50:00Z,66608,71977,2026-04-25T15:35:00Z,2026-04-25T23:00:00Z,4,12,7.75,8.166666666666666,8.166666666666666,3.833333333333334,8,5.666666666666667,6.133333333333334,1.8666666666666663,,,2026-04-25T23:00:00Z,L0,0,ATR,1199,HYD-ISK-AMD-NMI-AMD,,2026-04-25T21:05:24Z,2026-04-25
2026-04-25,66608:7-71977:5,Yet to Report,2026-04-25T14:50:00Z,66608,71977,2026-04-25T15:35:00Z,2026-04-25T22:35:00Z,4,12,7.75,7.75,9.8,2.1999999999999993,8,5.666666666666667,6.683333333333334,1.3166666666666664,-1,0.1999999999999993,2026-04-26T00:38:00Z,L4,90.41155356283205,ATR,1199,HYD-ISK-AMD-NMI-AMD,,2026-04-24T21:05:23Z,2026-04-24
2026-04-25,20418:6-78812:5,Yet to Report,2026-04-25T06:10:00Z,20418,78812,2026-04-25T06:55:00Z,2026-04-25T14:00:00Z,4,12,7.75,7.833333333333333,7.583333333333333,4.416666666666667,8,5.583333333333333,5.3999999999999995,2.6000000000000005,,,2026-04-25T13:45:00Z,L0,0,ATR,1199,AMD-IDR-AMD-ISK-HYD,,2026-04-24T21:05:23Z,2026-04-24
2026-04-25,66608:7-71977:5,Reported,2026-04-25T14:50:00Z,66608,71977,2026-04-25T15:35:00Z,2026-04-25T23:00:00Z,4,12,7.75,8.166666666666666,8.166666666666666,3.833333333333334,8,5.666666666666667,6.133333333333334,1.8666666666666663,,,2026-04-25T23:00:00Z,L0,0,ATR,1199,HYD-ISK-AMD-NMI-AMD,,2026-04-25T21:17:53Z,2026-04-25
2026-04-25,66608:7-71977:5,Yet to Report,2026-04-25T14:50:00Z,66608,71977,2026-04-25T15:35:00Z,2026-04-25T22:35:00Z,4,12,7.75,7.75,9.8,2.1999999999999993,8,5.666666666666667,6.683333333333334,1.3166666666666664,-1,0.1999999999999993,2026-04-26T00:38:00Z,L4,90.41155356283205,ATR,1199,HYD-ISK-AMD-NMI-AMD,,2026-04-24T21:18:28Z,2026-04-24
2026-04-25,20418:6-78812:5,Yet to Report,2026-04-25T06:10:00Z,20418,78812,2026-04-25T06:55:00Z,2026-04-25T14:00:00Z,4,12,7.75,7.833333333333333,7.583333333333333,4.416666666666667,8,5.583333333333333,5.3999999999999995,2.6000000000000005,,,2026-04-25T13:45:00Z,L0,0,ATR,1199,AMD-IDR-AMD-ISK-HYD,,2026-04-24T21:18:28Z,2026-04-24
2026-04-25,66608:7-71977:5,Reported,2026-04-25T14:50:00Z,66608,71977,2026-04-25T15:35:00Z,2026-04-25T23:10:00Z,4,12,7.75,8.333333333333334,8.333333333333334,3.666666666666666,8,5.666666666666667,6.133333333333334,1.8666666666666663,,,2026-04-25T23:10:00Z,L0,0,ATR,1199,HYD-ISK-AMD-NMI-AMD,,2026-04-25T21:34:29Z,2026-04-25
2026-04-25,66608:7-71977:5,Yet to Report,2026-04-25T14:50:00Z,66608,71977,2026-04-25T15:35:00Z,2026-04-25T22:35:00Z,4,12,7.75,7.75,9.8,2.1999999999999993,8,5.666666666666667,6.683333333333334,1.3166666666666664,-1,0.1999999999999993,2026-04-26T00:38:00Z,L4,90.41155356283205,ATR,1199,HYD-ISK-AMD-NMI-AMD,,2026-04-24T21:34:53Z,2026-04-24
2026-04-25,20418:6-78812:5,Yet to Report,2026-04-25T06:10:00Z,20418,78812,2026-04-25T06:55:00Z,2026-04-25T14:00:00Z,4,12,7.75,7.833333333333333,7.583333333333333,4.416666666666667,8,5.583333333333333,5.3999999999999995,2.6000000000000005,,,2026-04-25T13:45:00Z,L0,0,ATR,1199,AMD-IDR-AMD-ISK-HYD,,2026-04-24T21:34:53Z,2026-04-24
2026-04-25,66608:7-71977:5,Yet to Report,2026-04-25T14:50:00Z,66608,71977,2026-04-25T15:35:00Z,2026-04-25T22:45:00Z,4,12,7.75,7.916666666666667,9.8,2.1999999999999993,8,5.666666666666667,6.683333333333334,1.3166666666666664,-1,0.1999999999999993,2026-04-26T00:38:00Z,L4,90.41155356283205,ATR,1199,HYD-ISK-AMD-NMI-AMD,,2026-04-24T21:48:12Z,2026-04-24
2026-04-25,20418:6-78812:5,Yet to Report,2026-04-25T06:10:00Z,20418,78812,2026-04-25T06:55:00Z,2026-04-25T14:00:00Z,4,12,7.75,7.833333333333333,7.583333333333333,4.416666666666667,8,5.583333333333333,5.3999999999999995,2.6000000000000005,,,2026-04-25T13:45:00Z,L0,0,ATR,1199,AMD-IDR-AMD-ISK-HYD,,2026-04-24T21:48:12Z,2026-04-24
2026-04-25,66608:7-71977:5,Reported,2026-04-25T14:50:00Z,66608,71977,2026-04-25T15:35:00Z,2026-04-25T23:10:00Z,4,12,7.75,8.333333333333334,8.333333333333334,3.666666666666666,8,5.666666666666667,6.300000000000001,1.6999999999999993,,,2026-04-25T23:10:00Z,L0,0,ATR,1199,HYD-ISK-AMD-NMI-AMD,,2026-04-25T21:48:52Z,2026-04-25
2026-04-25,66608:7-71977:5,Yet to Report,2026-04-25T14:50:00Z,66608,71977,2026-04-25T15:35:00Z,2026-04-25T22:45:00Z,4,12,7.75,7.916666666666667,9.8,2.1999999999999993,8,5.666666666666667,6.683333333333334,1.3166666666666664,-1,0.1999999999999993,2026-04-26T00:38:00Z,L4,90.41155356283205,ATR,1199,HYD-ISK-AMD-NMI-AMD,,2026-04-24T22:05:23Z,2026-04-24
2026-04-25,20418:6-78812:5,Yet to Report,2026-04-25T06:10:00Z,20418,78812,2026-04-25T06:55:00Z,2026-04-25T14:00:00Z,4,12,7.75,7.833333333333333,7.583333333333333,4.416666666666667,8,5.583333333333333,5.3999999999999995,2.6000000000000005,,,2026-04-25T13:45:00Z,L0,0,ATR,1199,AMD-IDR-AMD-ISK-HYD,,2026-04-24T22:05:23Z,2026-04-24
2026-04-25,66608:7-71977:5,Reported,2026-04-25T14:50:00Z,66608,71977,2026-04-25T15:35:00Z,2026-04-25T23:13:00Z,4,12,7.75,8.383333333333333,8.383333333333333,3.616666666666667,8,5.666666666666667,6.300000000000001,1.6999999999999993,,,2026-04-25T23:13:00Z,L0,0,ATR,1199,HYD-ISK-AMD-NMI-AMD,,2026-04-25T22:09:16Z,2026-04-25
2026-04-25,66608:7-71977:5,Yet to Report,2026-04-25T14:50:00Z,66608,71977,2026-04-25T15:35:00Z,2026-04-25T22:45:00Z,4,12,7.75,7.916666666666667,9.8,2.1999999999999993,8,5.666666666666667,6.683333333333334,1.3166666666666664,-1,0.1999999999999993,2026-04-26T00:38:00Z,L4,90.41155356283205,ATR,1199,HYD-ISK-AMD-NMI-AMD,,2026-04-24T22:19:17Z,2026-04-24
2026-04-25,20418:6-78812:5,Yet to Report,2026-04-25T06:10:00Z,20418,78812,2026-04-25T06:55:00Z,2026-04-25T14:00:00Z,4,12,7.75,7.833333333333333,7.583333333333333,4.416666666666667,8,5.583333333333333,5.3999999999999995,2.6000000000000005,,,2026-04-25T13:45:00Z,L0,0,ATR,1199,AMD-IDR-AMD-ISK-HYD,,2026-04-24T22:19:17Z,2026-04-24
2026-04-25,66608:7-71977:5,Reported,2026-04-25T14:50:00Z,66608,71977,2026-04-25T15:35:00Z,2026-04-25T23:20:00Z,4,12,7.75,8.5,8.5,3.5,8,5.666666666666667,6.300000000000001,1.6999999999999993,,,2026-04-25T23:20:00Z,L0,0,ATR,1199,HYD-ISK-AMD-NMI-AMD,,2026-04-25T22:19:42Z,2026-04-25
2026-04-25,66608:7-71977:5,Yet to Report,2026-04-25T14:50:00Z,66608,71977,2026-04-25T15:35:00Z,2026-04-25T22:45:00Z,4,12,7.75,7.916666666666667,9.8,2.1999999999999993,8,5.666666666666667,6.683333333333334,1.3166666666666664,-1,0.1999999999999993,2026-04-26T00:38:00Z,L4,90.41155356283205,ATR,1199,HYD-ISK-AMD-NMI-AMD,,2026-04-24T22:33:25Z,2026-04-24
2026-04-25,20418:6-78812:5,Yet to Report,2026-04-25T06:10:00Z,20418,78812,2026-04-25T06:55:00Z,2026-04-25T14:00:00Z,4,12,7.75,7.833333333333333,7.583333333333333,4.416666666666667,8,5.583333333333333,5.3999999999999995,2.6000000000000005,,,2026-04-25T13:45:00Z,L0,0,ATR,1199,AMD-IDR-AMD-ISK-HYD,,2026-04-24T22:33:25Z,2026-04-24
2026-04-25,66608:7-71977:5,Yet to Report,2026-04-25T14:50:00Z,66608,71977,2026-04-25T15:35:00Z,2026-04-25T22:45:00Z,4,12,7.75,7.916666666666667,9.8,2.1999999999999993,8,5.666666666666667,6.683333333333334,1.3166666666666664,-1,0.1999999999999993,2026-04-26T00:38:00Z,L4,90.41155356283205,ATR,1199,HYD-ISK-AMD-NMI-AMD,,2026-04-24T22:48:13Z,2026-04-24
2026-04-25,20418:6-78812:5,Yet to Report,2026-04-25T06:10:00Z,20418,78812,2026-04-25T06:55:00Z,2026-04-25T14:00:00Z,4,12,7.75,7.833333333333333,7.583333333333333,4.416666666666667,8,5.583333333333333,5.3999999999999995,2.6000000000000005,,,2026-04-25T13:45:00Z,L0,0,ATR,1199,AMD-IDR-AMD-ISK-HYD,,2026-04-24T22:48:13Z,2026-04-24
2026-04-25,66608:7-71977:5,Reported,2026-04-25T14:50:00Z,66608,71977,2026-04-25T15:35:00Z,2026-04-25T23:20:00Z,4,12,7.75,8.5,8.5,3.5,8,5.666666666666667,6.300000000000001,1.6999999999999993,,,2026-04-25T23:20:00Z,L0,0,ATR,1199,HYD-ISK-AMD-NMI-AMD,,2026-04-25T22:33:21Z,2026-04-25
2026-04-25,66608:7-71977:5,Reported,2026-04-25T14:50:00Z,66608,71977,2026-04-25T15:35:00Z,2026-04-25T23:20:00Z,4,12,7.75,8.5,8.5,3.5,8,5.666666666666667,6.416666666666667,1.583333333333333,,,2026-04-25T23:20:00Z,L0,0,ATR,1199,HYD-ISK-AMD-NMI-AMD,,2026-04-25T22:48:15Z,2026-04-25
2026-04-25,66608:7-71977:5,Yet to Report,2026-04-25T14:50:00Z,66608,71977,2026-04-25T15:35:00Z,2026-04-25T22:45:00Z,4,12,7.75,7.916666666666667,9.8,2.1999999999999993,8,5.666666666666667,6.683333333333334,1.3166666666666664,-1,0.1999999999999993,2026-04-26T00:38:00Z,L4,90.41155356283205,ATR,1199,HYD-ISK-AMD-NMI-AMD,,2026-04-24T23:04:28Z,2026-04-24
2026-04-25,20418:6-78812:5,Yet to Report,2026-04-25T06:10:00Z,20418,78812,2026-04-25T06:55:00Z,2026-04-25T14:00:00Z,4,12,7.75,7.833333333333333,7.583333333333333,4.416666666666667,8,5.583333333333333,5.3999999999999995,2.6000000000000005,,,2026-04-25T13:45:00Z,L0,0,ATR,1199,AMD-IDR-AMD-ISK-HYD,,2026-04-24T23:04:28Z,2026-04-24
2026-04-25,66608:7-71977:5,Reported,2026-04-25T14:50:00Z,66608,71977,2026-04-25T15:35:00Z,2026-04-25T23:20:00Z,4,12,7.75,8.5,8.5,3.5,8,5.666666666666667,6.416666666666667,1.583333333333333,,,2026-04-25T23:20:00Z,L0,0,ATR,1199,HYD-ISK-AMD-NMI-AMD,,2026-04-25T23:03:47Z,2026-04-25
2026-04-25,66608:7-71977:5,Yet to Report,2026-04-25T14:50:00Z,66608,71977,2026-04-25T15:35:00Z,2026-04-25T22:45:00Z,4,12,7.75,7.916666666666667,9.8,2.1999999999999993,8,5.666666666666667,6.683333333333334,1.3166666666666664,-1,0.1999999999999993,2026-04-26T00:38:00Z,L4,90.41155356283205,ATR,1199,HYD-ISK-AMD-NMI-AMD,,2026-04-24T23:18:15Z,2026-04-24
2026-04-25,20418:6-78812:5,Yet to Report,2026-04-25T06:10:00Z,20418,78812,2026-04-25T06:55:00Z,2026-04-25T14:00:00Z,4,12,7.75,7.833333333333333,7.583333333333333,4.416666666666667,8,5.583333333333333,5.3999999999999995,2.6000000000000005,,,2026-04-25T13:45:00Z,L0,0,ATR,1199,AMD-IDR-AMD-ISK-HYD,,2026-04-24T23:18:15Z,2026-04-24
2026-04-25,66608:7-71977:5,Reported,2026-04-25T14:50:00Z,66608,71977,2026-04-25T15:35:00Z,2026-04-25T23:20:00Z,4,12,7.75,8.5,8.5,3.5,8,5.666666666666667,6.416666666666667,1.583333333333333,,,2026-04-25T23:20:00Z,L0,0,ATR,1199,HYD-ISK-AMD-NMI-AMD,,2026-04-25T23:18:27Z,2026-04-25
2026-04-25,66608:7-71977:5,Yet to Report,2026-04-25T14:50:00Z,66608,71977,2026-04-25T15:35:00Z,2026-04-25T22:45:00Z,4,12,7.75,7.916666666666667,9.8,2.1999999999999993,8,5.666666666666667,6.683333333333334,1.3166666666666664,-1,0.1999999999999993,2026-04-26T00:38:00Z,L4,90.41155356283205,ATR,1199,HYD-ISK-AMD-NMI-AMD,,2026-04-24T23:34:46Z,2026-04-24
2026-04-25,20418:6-78812:5,Yet to Report,2026-04-25T06:10:00Z,20418,78812,2026-04-25T06:55:00Z,2026-04-25T14:00:00Z,4,12,7.75,7.833333333333333,7.583333333333333,4.416666666666667,8,5.583333333333333,5.3999999999999995,2.6000000000000005,,,2026-04-25T13:45:00Z,L0,0,ATR,1199,AMD-IDR-AMD-ISK-HYD,,2026-04-24T23:34:46Z,2026-04-24
2026-04-25,66608:7-71977:5,Yet to Report,2026-04-25T14:50:00Z,66608,71977,2026-04-25T15:35:00Z,2026-04-25T22:45:00Z,4,12,7.75,7.916666666666667,9.8,2.1999999999999993,8,5.666666666666667,6.683333333333334,1.3166666666666664,-1,0.1999999999999993,2026-04-26T00:38:00Z,L4,90.41155356283205,ATR,1199,HYD-ISK-AMD-NMI-AMD,,2026-04-24T23:48:31Z,2026-04-24
2026-04-25,20418:6-78812:5,Yet to Report,2026-04-25T06:10:00Z,20418,78812,2026-04-25T06:55:00Z,2026-04-25T14:00:00Z,4,12,7.75,7.833333333333333,7.583333333333333,4.416666666666667,8,5.583333333333333,5.3999999999999995,2.6000000000000005,,,2026-04-25T13:45:00Z,L0,0,ATR,1199,AMD-IDR-AMD-ISK-HYD,,2026-04-24T23:48:31Z,2026-04-24
2026-04-25,66608:7-71977:5,Yet to Report,2026-04-25T14:50:00Z,66608,71977,2026-04-25T15:35:00Z,2026-04-25T22:45:00Z,4,12,7.75,7.916666666666667,9.8,2.1999999999999993,8,5.666666666666667,6.683333333333334,1.3166666666666664,-1,0.1999999999999993,2026-04-26T00:38:00Z,L4,90.41155356283205,ATR,1199,HYD-ISK-AMD-NMI-AMD,,2026-04-25T00:03:59Z,2026-04-25
2026-04-25,20418:6-78812:5,Yet to Report,2026-04-25T06:10:00Z,20418,78812,2026-04-25T06:55:00Z,2026-04-25T14:00:00Z,4,12,7.75,7.833333333333333,7.583333333333333,4.416666666666667,8,5.583333333333333,5.3999999999999995,2.6000000000000005,,,2026-04-25T13:45:00Z,L0,0,ATR,1199,AMD-IDR-AMD-ISK-HYD,,2026-04-25T00:03:59Z,2026-04-25
