DUTYDAY,DUTY,REPORTING_STATUS,REPORTING,CP,FO,ETD_STD,ETA_STA,OPS_LEGS,ALLOWABLE_FDP,SCHEDULED_FDP,ACTUAL_FDP,PREDICTED_FDP,FDP_VARIANCE,ALLOWABLE_FT,SCHEDULED_FT,PREDICTED_FT,FT_VARIANCE,NIGHT_LANDINGS_VARIANCE,NIGHT_FDP_VARIANCE,PREDICTED_FDP_END,CRITICALITY,CRITICALITY_SCORE,FLEET,CROUTE,SECTORS,COMMENT,CREATED_AT_IST,CREATED_AT_IST_DAY
2026-04-25,-69126:6,Yet to Report,2026-04-25T09:45:00Z,,69126,2026-04-25T10:45:00Z,2026-04-25T22:25:00Z,2,13,12.666666666666666,12.666666666666666,13.033333333333333,-0.033333333333333215,9,5.833333333333333,5.983333333333333,3.0166666666666666,,,2026-04-25T22:47:00Z,L4,77.64368201593491,Airbus,D3422,DEL-BLR-DEL-BLR,,2026-04-24T00:35:17Z,2026-04-24
2026-04-25,66608:7-71977:5,Yet to Report,2026-04-25T14:50:00Z,66608,71977,2026-04-25T15:35:00Z,2026-04-25T22:35:00Z,4,12,7.75,7.75,9.8,2.1999999999999993,8,5.666666666666667,6.683333333333334,1.3166666666666664,-1,0.1999999999999993,2026-04-26T00:38:00Z,L4,90.41155356283205,ATR,1199,HYD-ISK-AMD-NMI-AMD,,2026-04-24T00:35:17Z,2026-04-24
2026-04-25,-69126:6,Yet to Report,2026-04-25T09:45:00Z,,69126,2026-04-25T10:45:00Z,2026-04-25T22:25:00Z,2,13,12.666666666666666,12.666666666666666,13.033333333333333,-0.033333333333333215,9,5.833333333333333,5.833333333333333,3.166666666666667,,,2026-04-25T22:47:00Z,L4,77.64368198028491,Airbus,D3422,DEL-BLR-DEL-BLR,,2026-04-24T00:17:55Z,2026-04-24
2026-04-25,66608:7-71977:5,Yet to Report,2026-04-25T14:50:00Z,66608,71977,2026-04-25T15:35:00Z,2026-04-25T22:35:00Z,4,12,7.75,7.75,9.8,2.1999999999999993,8,5.666666666666667,5.666666666666667,2.333333333333333,-1,0.1999999999999993,2026-04-26T00:38:00Z,L4,90.41155356283198,ATR,1199,HYD-ISK-AMD-NMI-AMD,,2026-04-24T00:17:55Z,2026-04-24
2026-04-25,-69126:6,Yet to Report,2026-04-25T09:45:00Z,,69126,2026-04-25T10:45:00Z,2026-04-25T22:25:00Z,2,13,12.666666666666666,12.666666666666666,13.033333333333333,-0.033333333333333215,9,5.833333333333333,5.983333333333333,3.0166666666666666,,,2026-04-25T22:47:00Z,L4,77.64368201593491,Airbus,D3422,DEL-BLR-DEL-BLR,,2026-04-24T00:47:57Z,2026-04-24
2026-04-25,66608:7-71977:5,Yet to Report,2026-04-25T14:50:00Z,66608,71977,2026-04-25T15:35:00Z,2026-04-25T22:35:00Z,4,12,7.75,7.75,9.8,2.1999999999999993,8,5.666666666666667,6.683333333333334,1.3166666666666664,-1,0.1999999999999993,2026-04-26T00:38:00Z,L4,90.41155356283205,ATR,1199,HYD-ISK-AMD-NMI-AMD,,2026-04-24T00:47:57Z,2026-04-24
2026-04-25,41887:6-12651:4,Yet to Report,2026-04-25T07:30:00Z,41887,12651,2026-04-25T08:30:00Z,2026-04-25T19:00:00Z,3,12.5,11.75,11.5,12.933333333333334,-0.43333333333333357,8,6.333333333333333,6,2,,,2026-04-25T20:26:00Z,L4,78.20346792878492,Airbus,4681,BLR-BOM-🛧BLR-AMD-BLR,,2026-04-25T00:33:45Z,2026-04-25
2026-04-25,22464:3-69117:5,Yet to Report,2026-04-25T10:45:00Z,22464,69117,2026-04-25T11:45:00Z,2026-04-25T21:15:00Z,4,12,10.583333333333334,10.5,12.733333333333334,-0.7333333333333343,8,7.083333333333333,7.3999999999999995,0.6000000000000005,,,2026-04-25T23:29:00Z,L4,78.59549276738491,Airbus,3909,DEL-HYD-🛧DEL-UDR-DEL,,2026-04-25T00:33:45Z,2026-04-25
2026-04-25,34072:5-58674:7,Yet to Report,2026-04-25T12:45:00Z,34072,58674,2026-04-25T13:45:00Z,2026-04-25T23:05:00Z,4,12,10.25,10.333333333333334,11.25,0.75,8,6.25,6.333333333333333,1.666666666666667,-1,-1.25,2026-04-26T00:00:00Z,L4,90.41155542480794,Airbus,5941,NMI-🛧MAA-VTZ-MAA-NMI,,2026-04-25T00:33:45Z,2026-04-25
2026-04-25,40830:8-80722:5,Yet to Report,2026-04-25T14:05:00Z,40830,80722,2026-04-25T15:05:00Z,2026-04-25T22:35:00Z,4,12,8.5,8.5,10.316666666666666,1.6833333333333336,8,5.5,5.916666666666667,2.083333333333333,-1,-0.31666666666666643,2026-04-26T00:24:00Z,L4,90.4115542931142,Airbus,4196,NMI-IXE-NMI-🛧HYD-NMI,,2026-04-25T00:33:45Z,2026-04-25
2026-04-25,66608:7-71977:5,Yet to Report,2026-04-25T14:50:00Z,66608,71977,2026-04-25T15:35:00Z,2026-04-25T22:45:00Z,4,12,7.75,7.916666666666667,9.766666666666666,2.2333333333333343,8,5.666666666666667,6.65,1.3499999999999996,-1,0.23333333333333428,2026-04-26T00:36:00Z,L4,90.41155351568032,ATR,1199,HYD-ISK-AMD-NMI-AMD,,2026-04-25T00:33:45Z,2026-04-25
2026-04-25,41251:7-,Yet to Report,2026-04-25T14:35:00Z,41251,,2026-04-25T15:35:00Z,2026-04-25T23:05:00Z,4,12,8.416666666666666,8.5,9.75,2.25,8,5.583333333333333,5.716666666666667,2.283333333333333,-1,0.25,2026-04-26T00:20:00Z,L4,90.4115534921041,Airbus,3416,BLR-NAG-🛧BLR-MAA-BLR,,2026-04-25T00:33:45Z,2026-04-25
2026-04-25,41887:6-12651:4,Yet to Report,2026-04-25T07:30:00Z,41887,12651,2026-04-25T08:30:00Z,2026-04-25T19:00:00Z,3,12.5,11.75,11.5,12.933333333333334,-0.43333333333333357,8,6.333333333333333,6.05,1.9500000000000002,,,2026-04-25T20:26:00Z,L4,78.20346795925991,Airbus,4681,BLR-BOM-🛧BLR-AMD-BLR,,2026-04-25T00:18:07Z,2026-04-25
2026-04-25,22464:3-69117:5,Yet to Report,2026-04-25T10:45:00Z,22464,69117,2026-04-25T11:45:00Z,2026-04-25T21:15:00Z,4,12,10.583333333333334,10.5,12.733333333333334,-0.7333333333333343,8,7.083333333333333,7.083333333333333,0.916666666666667,,,2026-04-25T23:29:00Z,L4,78.59549237638491,Airbus,3909,DEL-HYD-🛧DEL-UDR-DEL,,2026-04-25T00:18:07Z,2026-04-25
2026-04-25,34072:5-58674:7,Yet to Report,2026-04-25T12:45:00Z,34072,58674,2026-04-25T13:45:00Z,2026-04-25T23:05:00Z,4,12,10.25,10.333333333333334,11.25,0.75,8,6.25,6.333333333333333,1.666666666666667,-1,-1.25,2026-04-26T00:00:00Z,L4,90.41155542480794,Airbus,5941,NMI-🛧MAA-VTZ-MAA-NMI,,2026-04-25T00:18:07Z,2026-04-25
2026-04-25,40830:8-80722:5,Yet to Report,2026-04-25T14:05:00Z,40830,80722,2026-04-25T15:05:00Z,2026-04-25T22:35:00Z,4,12,8.5,8.5,10.316666666666666,1.6833333333333336,8,5.5,5.5,2.5,-1,-0.31666666666666643,2026-04-26T00:24:00Z,L4,90.41155429311418,Airbus,4196,NMI-IXE-NMI-🛧HYD-NMI,,2026-04-25T00:18:07Z,2026-04-25
2026-04-25,66608:7-71977:5,Yet to Report,2026-04-25T14:50:00Z,66608,71977,2026-04-25T15:35:00Z,2026-04-25T22:45:00Z,4,12,7.75,7.916666666666667,9.766666666666666,2.2333333333333343,8,5.666666666666667,6.683333333333334,1.3166666666666664,-1,0.23333333333333428,2026-04-26T00:36:00Z,L4,90.41155351568032,ATR,1199,HYD-ISK-AMD-NMI-AMD,,2026-04-25T00:18:07Z,2026-04-25
2026-04-25,41251:7-,Yet to Report,2026-04-25T14:35:00Z,41251,,2026-04-25T15:35:00Z,2026-04-25T23:05:00Z,4,12,8.416666666666666,8.5,9.75,2.25,8,5.583333333333333,5.583333333333333,2.416666666666667,-1,0.25,2026-04-26T00:20:00Z,L4,90.4115534921041,Airbus,3416,BLR-NAG-🛧BLR-MAA-BLR,,2026-04-25T00:18:07Z,2026-04-25
2026-04-25,41887:6-12651:4,Yet to Report,2026-04-25T07:30:00Z,41887,12651,2026-04-25T08:30:00Z,2026-04-25T19:00:00Z,3,12.5,11.75,11.5,12.933333333333334,-0.43333333333333357,8,6.333333333333333,6,2,,,2026-04-25T20:26:00Z,L4,78.20346792878492,Airbus,4681,BLR-BOM-🛧BLR-AMD-BLR,,2026-04-25T00:48:04Z,2026-04-25
2026-04-25,22464:3-69117:5,Yet to Report,2026-04-25T10:45:00Z,22464,69117,2026-04-25T11:45:00Z,2026-04-25T21:15:00Z,4,12,10.583333333333334,10.5,12.733333333333334,-0.7333333333333343,8,7.083333333333333,7.3999999999999995,0.6000000000000005,,,2026-04-25T23:29:00Z,L4,78.59549276738491,Airbus,3909,DEL-HYD-🛧DEL-UDR-DEL,,2026-04-25T00:48:04Z,2026-04-25
2026-04-25,34072:5-58674:7,Yet to Report,2026-04-25T12:45:00Z,34072,58674,2026-04-25T13:45:00Z,2026-04-25T23:05:00Z,4,12,10.25,10.333333333333334,11.25,0.75,8,6.25,6.333333333333333,1.666666666666667,-1,-1.25,2026-04-26T00:00:00Z,L4,90.41155542480794,Airbus,5941,NMI-🛧MAA-VTZ-MAA-NMI,,2026-04-25T00:48:04Z,2026-04-25
2026-04-25,40830:8-80722:5,Yet to Report,2026-04-25T14:05:00Z,40830,80722,2026-04-25T15:05:00Z,2026-04-25T22:35:00Z,4,12,8.5,8.5,10.316666666666666,1.6833333333333336,8,5.5,5.916666666666667,2.083333333333333,-1,-0.31666666666666643,2026-04-26T00:24:00Z,L4,90.4115542931142,Airbus,4196,NMI-IXE-NMI-🛧HYD-NMI,,2026-04-25T00:48:04Z,2026-04-25
2026-04-25,66608:7-71977:5,Yet to Report,2026-04-25T14:50:00Z,66608,71977,2026-04-25T15:35:00Z,2026-04-25T22:45:00Z,4,12,7.75,7.916666666666667,9.766666666666666,2.2333333333333343,8,5.666666666666667,6.65,1.3499999999999996,-1,0.23333333333333428,2026-04-26T00:36:00Z,L4,90.41155351568032,ATR,1199,HYD-ISK-AMD-NMI-AMD,,2026-04-25T00:48:04Z,2026-04-25
2026-04-25,41251:7-,Yet to Report,2026-04-25T14:35:00Z,41251,,2026-04-25T15:35:00Z,2026-04-25T23:05:00Z,4,12,8.416666666666666,8.5,9.75,2.25,8,5.583333333333333,5.716666666666667,2.283333333333333,-1,0.25,2026-04-26T00:20:00Z,L4,90.4115534921041,Airbus,3416,BLR-NAG-🛧BLR-MAA-BLR,,2026-04-25T00:48:04Z,2026-04-25
2026-04-25,66608:7-71977:5,Yet to Report,2026-04-25T14:50:00Z,66608,71977,2026-04-25T15:35:00Z,2026-04-25T22:35:00Z,4,12,7.75,7.75,9.8,2.1999999999999993,8,5.666666666666667,6.683333333333334,1.3166666666666664,-1,0.1999999999999993,2026-04-26T00:38:00Z,L4,90.41155356283205,ATR,1199,HYD-ISK-AMD-NMI-AMD,,2026-04-24T01:05:25Z,2026-04-24
2026-04-25,-69126:6,Yet to Report,2026-04-25T09:45:00Z,,69126,2026-04-25T10:45:00Z,2026-04-25T22:25:00Z,2,13,12.666666666666666,12.666666666666666,13.033333333333333,-0.033333333333333215,9,5.833333333333333,5.983333333333333,3.0166666666666666,,,2026-04-25T22:47:00Z,L4,77.64368201593491,Airbus,D3422,DEL-BLR-DEL-BLR,,2026-04-24T01:05:25Z,2026-04-24
2026-04-25,41887:6-12651:4,Yet to Report,2026-04-25T07:30:00Z,41887,12651,2026-04-25T08:30:00Z,2026-04-25T19:00:00Z,3,12.5,11.75,11.5,12.933333333333334,-0.43333333333333357,8,6.333333333333333,6,2,,,2026-04-25T20:26:00Z,L4,78.20346792878492,Airbus,4681,BLR-BOM-🛧BLR-AMD-BLR,,2026-04-25T01:04:01Z,2026-04-25
2026-04-25,22464:3-69117:5,Yet to Report,2026-04-25T10:45:00Z,22464,69117,2026-04-25T11:45:00Z,2026-04-25T21:15:00Z,4,12,10.583333333333334,10.5,12.733333333333334,-0.7333333333333343,8,7.083333333333333,7.3999999999999995,0.6000000000000005,,,2026-04-25T23:29:00Z,L4,78.59549276738491,Airbus,3909,DEL-HYD-🛧DEL-UDR-DEL,,2026-04-25T01:04:01Z,2026-04-25
2026-04-25,34072:5-58674:7,Yet to Report,2026-04-25T12:45:00Z,34072,58674,2026-04-25T13:45:00Z,2026-04-25T23:05:00Z,4,12,10.25,10.333333333333334,11.25,0.75,8,6.25,6.333333333333333,1.666666666666667,-1,-1.25,2026-04-26T00:00:00Z,L4,90.41155542480794,Airbus,5941,NMI-🛧MAA-VTZ-MAA-NMI,,2026-04-25T01:04:01Z,2026-04-25
2026-04-25,40830:8-80722:5,Yet to Report,2026-04-25T14:05:00Z,40830,80722,2026-04-25T15:05:00Z,2026-04-25T22:35:00Z,4,12,8.5,8.5,10.316666666666666,1.6833333333333336,8,5.5,5.916666666666667,2.083333333333333,-1,-0.31666666666666643,2026-04-26T00:24:00Z,L4,90.4115542931142,Airbus,4196,NMI-IXE-NMI-🛧HYD-NMI,,2026-04-25T01:04:01Z,2026-04-25
2026-04-25,66608:7-71977:5,Yet to Report,2026-04-25T14:50:00Z,66608,71977,2026-04-25T15:35:00Z,2026-04-25T22:45:00Z,4,12,7.75,7.916666666666667,9.766666666666666,2.2333333333333343,8,5.666666666666667,6.65,1.3499999999999996,-1,0.23333333333333428,2026-04-26T00:36:00Z,L4,90.41155351568032,ATR,1199,HYD-ISK-AMD-NMI-AMD,,2026-04-25T01:04:01Z,2026-04-25
2026-04-25,41251:7-,Yet to Report,2026-04-25T14:35:00Z,41251,,2026-04-25T15:35:00Z,2026-04-25T23:05:00Z,4,12,8.416666666666666,8.5,9.75,2.25,8,5.583333333333333,5.716666666666667,2.283333333333333,-1,0.25,2026-04-26T00:20:00Z,L4,90.4115534921041,Airbus,3416,BLR-NAG-🛧BLR-MAA-BLR,,2026-04-25T01:04:01Z,2026-04-25
2026-04-25,46124:7-90374:5,Reported,2026-04-25T18:50:00Z,46124,90374,2026-04-25T20:05:00Z,2026-04-26T06:35:00Z,1,11,10.666666666666666,11.75,11.75,-0.75,9,4.083333333333333,5.383333333333333,3.616666666666667,,,2026-04-26T06:35:00Z,L4,78.61622539920991,Airbus,F82,BOM-DMM-BOM,,2026-04-26T00:17:46Z,2026-04-26
2026-04-25,66608:7-71977:5,Yet to Report,2026-04-25T14:50:00Z,66608,71977,2026-04-25T15:35:00Z,2026-04-25T22:35:00Z,4,12,7.75,7.75,9.8,2.1999999999999993,8,5.666666666666667,6.683333333333334,1.3166666666666664,-1,0.1999999999999993,2026-04-26T00:38:00Z,L4,90.41155356283205,ATR,1199,HYD-ISK-AMD-NMI-AMD,,2026-04-24T01:17:39Z,2026-04-24
2026-04-25,-69126:6,Yet to Report,2026-04-25T09:45:00Z,,69126,2026-04-25T10:45:00Z,2026-04-25T22:25:00Z,2,13,12.666666666666666,12.666666666666666,13.033333333333333,-0.033333333333333215,9,5.833333333333333,5.983333333333333,3.0166666666666666,,,2026-04-25T22:47:00Z,L4,77.64368201593491,Airbus,D3422,DEL-BLR-DEL-BLR,,2026-04-24T01:17:39Z,2026-04-24
2026-04-25,46124:7-90374:5,Reported,2026-04-25T18:50:00Z,46124,90374,2026-04-25T20:05:00Z,2026-04-26T06:35:00Z,1,11,10.666666666666666,11.75,11.75,-0.75,9,4.083333333333333,5.383333333333333,3.616666666666667,,,2026-04-26T06:35:00Z,L4,78.61622539920991,Airbus,F82,BOM-DMM-BOM,,2026-04-26T00:34:55Z,2026-04-26
2026-04-25,66608:7-71977:5,Yet to Report,2026-04-25T14:50:00Z,66608,71977,2026-04-25T15:35:00Z,2026-04-25T22:35:00Z,4,12,7.75,7.75,9.8,2.1999999999999993,8,5.666666666666667,6.683333333333334,1.3166666666666664,-1,0.1999999999999993,2026-04-26T00:38:00Z,L4,90.41155356283205,ATR,1199,HYD-ISK-AMD-NMI-AMD,,2026-04-24T01:33:33Z,2026-04-24
2026-04-25,-69126:6,Yet to Report,2026-04-25T09:45:00Z,,69126,2026-04-25T10:45:00Z,2026-04-25T22:25:00Z,2,13,12.666666666666666,12.666666666666666,13.033333333333333,-0.033333333333333215,9,5.833333333333333,5.983333333333333,3.0166666666666666,,,2026-04-25T22:47:00Z,L4,77.64368201593491,Airbus,D3422,DEL-BLR-DEL-BLR,,2026-04-24T01:33:33Z,2026-04-24
2026-04-25,41887:6-12651:4,Yet to Report,2026-04-25T07:30:00Z,41887,12651,2026-04-25T08:30:00Z,2026-04-25T19:00:00Z,3,12.5,11.75,11.5,12.933333333333334,-0.43333333333333357,8,6.333333333333333,6,2,,,2026-04-25T20:26:00Z,L4,78.20346792878492,Airbus,4681,BLR-BOM-🛧BLR-AMD-BLR,,2026-04-25T01:18:01Z,2026-04-25
2026-04-25,22464:3-69117:5,Yet to Report,2026-04-25T10:45:00Z,22464,69117,2026-04-25T11:45:00Z,2026-04-25T21:15:00Z,4,12,10.583333333333334,10.5,12.733333333333334,-0.7333333333333343,8,7.083333333333333,7.3999999999999995,0.6000000000000005,,,2026-04-25T23:29:00Z,L4,78.59549276738491,Airbus,3909,DEL-HYD-🛧DEL-UDR-DEL,,2026-04-25T01:18:01Z,2026-04-25
2026-04-25,34072:5-58674:7,Yet to Report,2026-04-25T12:45:00Z,34072,58674,2026-04-25T13:45:00Z,2026-04-25T23:05:00Z,4,12,10.25,10.333333333333334,11.25,0.75,8,6.25,6.333333333333333,1.666666666666667,-1,-1.25,2026-04-26T00:00:00Z,L4,90.41155542480794,Airbus,5941,NMI-🛧MAA-VTZ-MAA-NMI,,2026-04-25T01:18:01Z,2026-04-25
2026-04-25,40830:8-80722:5,Yet to Report,2026-04-25T14:05:00Z,40830,80722,2026-04-25T15:05:00Z,2026-04-25T22:35:00Z,4,12,8.5,8.5,10.316666666666666,1.6833333333333336,8,5.5,5.916666666666667,2.083333333333333,-1,-0.31666666666666643,2026-04-26T00:24:00Z,L4,90.4115542931142,Airbus,4196,NMI-IXE-NMI-🛧HYD-NMI,,2026-04-25T01:18:01Z,2026-04-25
2026-04-25,66608:7-71977:5,Yet to Report,2026-04-25T14:50:00Z,66608,71977,2026-04-25T15:35:00Z,2026-04-25T22:45:00Z,4,12,7.75,7.916666666666667,9.766666666666666,2.2333333333333343,8,5.666666666666667,6.65,1.3499999999999996,-1,0.23333333333333428,2026-04-26T00:36:00Z,L4,90.41155351568032,ATR,1199,HYD-ISK-AMD-NMI-AMD,,2026-04-25T01:18:01Z,2026-04-25
2026-04-25,41251:7-,Yet to Report,2026-04-25T14:35:00Z,41251,,2026-04-25T15:35:00Z,2026-04-25T23:05:00Z,4,12,8.416666666666666,8.5,9.75,2.25,8,5.583333333333333,5.716666666666667,2.283333333333333,-1,0.25,2026-04-26T00:20:00Z,L4,90.4115534921041,Airbus,3416,BLR-NAG-🛧BLR-MAA-BLR,,2026-04-25T01:18:01Z,2026-04-25
2026-04-25,66608:7-71977:5,Yet to Report,2026-04-25T14:50:00Z,66608,71977,2026-04-25T15:35:00Z,2026-04-25T22:35:00Z,4,12,7.75,7.75,9.8,2.1999999999999993,8,5.666666666666667,6.683333333333334,1.3166666666666664,-1,0.1999999999999993,2026-04-26T00:38:00Z,L4,90.41155356283205,ATR,1199,HYD-ISK-AMD-NMI-AMD,,2026-04-24T01:47:48Z,2026-04-24
2026-04-25,-69126:6,Yet to Report,2026-04-25T09:45:00Z,,69126,2026-04-25T10:45:00Z,2026-04-25T22:25:00Z,2,13,12.666666666666666,12.666666666666666,13.033333333333333,-0.033333333333333215,9,5.833333333333333,5.983333333333333,3.0166666666666666,,,2026-04-25T22:47:00Z,L4,77.64368201593491,Airbus,D3422,DEL-BLR-DEL-BLR,,2026-04-24T01:47:48Z,2026-04-24
2026-04-25,66608:7-71977:5,Yet to Report,2026-04-25T14:50:00Z,66608,71977,2026-04-25T15:35:00Z,2026-04-25T22:35:00Z,4,12,7.75,7.75,9.8,2.1999999999999993,8,5.666666666666667,6.683333333333334,1.3166666666666664,-1,0.1999999999999993,2026-04-26T00:38:00Z,L4,90.41155356283205,ATR,1199,HYD-ISK-AMD-NMI-AMD,,2026-04-24T02:05:07Z,2026-04-24
2026-04-25,-69126:6,Yet to Report,2026-04-25T09:45:00Z,,69126,2026-04-25T10:45:00Z,2026-04-25T22:25:00Z,2,13,12.666666666666666,12.666666666666666,13.033333333333333,-0.033333333333333215,9,5.833333333333333,5.983333333333333,3.0166666666666666,,,2026-04-25T22:47:00Z,L4,77.64368201593491,Airbus,D3422,DEL-BLR-DEL-BLR,,2026-04-24T02:05:07Z,2026-04-24
2026-04-25,66608:7-71977:5,Yet to Report,2026-04-25T14:50:00Z,66608,71977,2026-04-25T15:35:00Z,2026-04-25T22:35:00Z,4,12,7.75,7.75,9.8,2.1999999999999993,8,5.666666666666667,6.683333333333334,1.3166666666666664,-1,0.1999999999999993,2026-04-26T00:38:00Z,L4,90.41155356283205,ATR,1199,HYD-ISK-AMD-NMI-AMD,,2026-04-24T02:17:56Z,2026-04-24
2026-04-25,-69126:6,Yet to Report,2026-04-25T09:45:00Z,,69126,2026-04-25T10:45:00Z,2026-04-25T22:25:00Z,2,13,12.666666666666666,12.666666666666666,13.033333333333333,-0.033333333333333215,9,5.833333333333333,5.983333333333333,3.0166666666666666,,,2026-04-25T22:47:00Z,L4,77.64368201593491,Airbus,D3422,DEL-BLR-DEL-BLR,,2026-04-24T02:17:56Z,2026-04-24
2026-04-25,46124:7-90374:5,Reported,2026-04-25T18:50:00Z,46124,90374,2026-04-25T20:05:00Z,2026-04-26T06:35:00Z,1,11,10.666666666666666,11.75,11.75,-0.75,9,4.083333333333333,4.6499999999999995,4.3500000000000005,,,2026-04-26T06:35:00Z,L4,78.61622532273492,Airbus,F82,BOM-DMM-BOM,,2026-04-26T00:48:36Z,2026-04-26
2026-04-25,41887:6-12651:4,Yet to Report,2026-04-25T07:30:00Z,41887,12651,2026-04-25T08:30:00Z,2026-04-25T19:00:00Z,3,12.5,11.75,11.5,12.933333333333334,-0.43333333333333357,8,6.333333333333333,6,2,,,2026-04-25T20:26:00Z,L4,78.20346792878492,Airbus,4681,BLR-BOM-🛧BLR-AMD-BLR,,2026-04-25T01:34:11Z,2026-04-25
2026-04-25,22464:3-69117:5,Yet to Report,2026-04-25T10:45:00Z,22464,69117,2026-04-25T11:45:00Z,2026-04-25T21:15:00Z,4,12,10.583333333333334,10.5,12.733333333333334,-0.7333333333333343,8,7.083333333333333,7.3999999999999995,0.6000000000000005,,,2026-04-25T23:29:00Z,L4,78.59549276738491,Airbus,3909,DEL-HYD-🛧DEL-UDR-DEL,,2026-04-25T01:34:11Z,2026-04-25
2026-04-25,40830:8-80722:5,Yet to Report,2026-04-25T14:05:00Z,40830,80722,2026-04-25T15:05:00Z,2026-04-25T22:35:00Z,4,12,8.5,8.5,10.316666666666666,1.6833333333333336,8,5.5,5.916666666666667,2.083333333333333,-1,-0.31666666666666643,2026-04-26T00:24:00Z,L4,90.4115542931142,Airbus,4196,NMI-IXE-NMI-🛧HYD-NMI,,2026-04-25T01:34:11Z,2026-04-25
2026-04-25,66608:7-71977:5,Yet to Report,2026-04-25T14:50:00Z,66608,71977,2026-04-25T15:35:00Z,2026-04-25T22:45:00Z,4,12,7.75,7.916666666666667,9.766666666666666,2.2333333333333343,8,5.666666666666667,6.65,1.3499999999999996,-1,0.23333333333333428,2026-04-26T00:36:00Z,L4,90.41155351568032,ATR,1199,HYD-ISK-AMD-NMI-AMD,,2026-04-25T01:34:11Z,2026-04-25
2026-04-25,34072:5-,Yet to Report,2026-04-25T12:45:00Z,34072,,2026-04-25T13:45:00Z,2026-04-25T23:05:00Z,4,12,10.25,10.333333333333334,11.25,0.75,8,6.25,6.25,1.75,-1,-1.25,2026-04-26T00:00:00Z,L4,90.41155542480794,Airbus,5941,NMI-🛧MAA-VTZ-MAA-NMI,,2026-04-25T01:34:11Z,2026-04-25
2026-04-25,41251:7-,Yet to Report,2026-04-25T14:35:00Z,41251,,2026-04-25T15:35:00Z,2026-04-25T23:05:00Z,4,12,8.416666666666666,8.5,9.75,2.25,8,5.583333333333333,5.716666666666667,2.283333333333333,-1,0.25,2026-04-26T00:20:00Z,L4,90.4115534921041,Airbus,3416,BLR-NAG-🛧BLR-MAA-BLR,,2026-04-25T01:34:11Z,2026-04-25
2026-04-25,41887:6-12651:4,Yet to Report,2026-04-25T07:30:00Z,41887,12651,2026-04-25T08:30:00Z,2026-04-25T19:00:00Z,3,12.5,11.75,11.5,12.933333333333334,-0.43333333333333357,8,6.333333333333333,6,2,,,2026-04-25T20:26:00Z,L4,78.20346792878492,Airbus,4681,BLR-BOM-🛧BLR-AMD-BLR,,2026-04-25T01:48:30Z,2026-04-25
2026-04-25,22464:3-69117:5,Yet to Report,2026-04-25T10:45:00Z,22464,69117,2026-04-25T11:45:00Z,2026-04-25T21:15:00Z,4,12,10.583333333333334,10.5,12.733333333333334,-0.7333333333333343,8,7.083333333333333,7.3999999999999995,0.6000000000000005,,,2026-04-25T23:29:00Z,L4,78.59549276738491,Airbus,3909,DEL-HYD-🛧DEL-UDR-DEL,,2026-04-25T01:48:30Z,2026-04-25
2026-04-25,40830:8-80722:5,Yet to Report,2026-04-25T14:05:00Z,40830,80722,2026-04-25T15:05:00Z,2026-04-25T22:35:00Z,4,12,8.5,8.5,10.316666666666666,1.6833333333333336,8,5.5,5.916666666666667,2.083333333333333,-1,-0.31666666666666643,2026-04-26T00:24:00Z,L4,90.4115542931142,Airbus,4196,NMI-IXE-NMI-🛧HYD-NMI,,2026-04-25T01:48:30Z,2026-04-25
2026-04-25,66608:7-71977:5,Yet to Report,2026-04-25T14:50:00Z,66608,71977,2026-04-25T15:35:00Z,2026-04-25T22:45:00Z,4,12,7.75,7.916666666666667,9.766666666666666,2.2333333333333343,8,5.666666666666667,6.65,1.3499999999999996,-1,0.23333333333333428,2026-04-26T00:36:00Z,L4,90.41155351568032,ATR,1199,HYD-ISK-AMD-NMI-AMD,,2026-04-25T01:48:30Z,2026-04-25
2026-04-25,34072:5-,Yet to Report,2026-04-25T12:45:00Z,34072,,2026-04-25T13:45:00Z,2026-04-25T23:05:00Z,4,12,10.25,10.333333333333334,11.25,0.75,8,6.25,6.333333333333333,1.666666666666667,-1,-1.25,2026-04-26T00:00:00Z,L4,90.41155542480794,Airbus,5941,NMI-🛧MAA-VTZ-MAA-NMI,,2026-04-25T01:48:30Z,2026-04-25
2026-04-25,41251:7-,Yet to Report,2026-04-25T14:35:00Z,41251,,2026-04-25T15:35:00Z,2026-04-25T23:05:00Z,4,12,8.416666666666666,8.5,9.75,2.25,8,5.583333333333333,5.716666666666667,2.283333333333333,-1,0.25,2026-04-26T00:20:00Z,L4,90.4115534921041,Airbus,3416,BLR-NAG-🛧BLR-MAA-BLR,,2026-04-25T01:48:30Z,2026-04-25
2026-04-25,41251:7-,Yet to Report,2026-04-25T14:35:00Z,41251,,2026-04-25T15:35:00Z,2026-04-25T23:05:00Z,4,12,8.416666666666666,8.5,9.75,2.25,8,5.583333333333333,5.716666666666667,2.283333333333333,-1,0.25,2026-04-26T00:20:00Z,L4,90.4115534921041,Airbus,3416,BLR-NAG-🛧BLR-MAA-BLR,,2026-04-25T02:18:55Z,2026-04-25
2026-04-25,41887:6-12651:4,Yet to Report,2026-04-25T07:30:00Z,41887,12651,2026-04-25T08:30:00Z,2026-04-25T19:00:00Z,3,12.5,11.75,11.5,12.933333333333334,-0.43333333333333357,8,6.333333333333333,6,2,,,2026-04-25T20:26:00Z,L4,78.20346792878492,Airbus,4681,BLR-BOM-🛧BLR-AMD-BLR,,2026-04-25T02:18:55Z,2026-04-25
2026-04-25,22464:3-69117:5,Yet to Report,2026-04-25T10:45:00Z,22464,69117,2026-04-25T11:45:00Z,2026-04-25T21:15:00Z,4,12,10.583333333333334,10.5,12.733333333333334,-0.7333333333333343,8,7.083333333333333,7.3999999999999995,0.6000000000000005,,,2026-04-25T23:29:00Z,L4,78.59549276738491,Airbus,3909,DEL-HYD-🛧DEL-UDR-DEL,,2026-04-25T02:18:55Z,2026-04-25
2026-04-25,34072:5-88475:8,Yet to Report,2026-04-25T12:45:00Z,34072,88475,2026-04-25T13:45:00Z,2026-04-25T23:05:00Z,4,12,10.25,10.333333333333334,11.25,0.75,8,6.25,6.25,1.75,-1,-1.25,2026-04-26T00:00:00Z,L4,90.41155542480794,Airbus,5941,NMI-🛧MAA-VTZ-MAA-NMI,,2026-04-25T02:18:55Z,2026-04-25
2026-04-25,40830:8-80722:5,Yet to Report,2026-04-25T14:05:00Z,40830,80722,2026-04-25T15:05:00Z,2026-04-25T22:35:00Z,4,12,8.5,8.5,10.316666666666666,1.6833333333333336,8,5.5,5.916666666666667,2.083333333333333,-1,-0.31666666666666643,2026-04-26T00:24:00Z,L4,90.4115542931142,Airbus,4196,NMI-IXE-NMI-🛧HYD-NMI,,2026-04-25T02:18:55Z,2026-04-25
2026-04-25,66608:7-71977:5,Yet to Report,2026-04-25T14:50:00Z,66608,71977,2026-04-25T15:35:00Z,2026-04-25T22:45:00Z,4,12,7.75,7.916666666666667,9.766666666666666,2.2333333333333343,8,5.666666666666667,6.65,1.3499999999999996,-1,0.23333333333333428,2026-04-26T00:36:00Z,L4,90.41155351568032,ATR,1199,HYD-ISK-AMD-NMI-AMD,,2026-04-25T02:18:55Z,2026-04-25
2026-04-25,41887:6-12651:4,Yet to Report,2026-04-25T07:30:00Z,41887,12651,2026-04-25T08:30:00Z,2026-04-25T19:00:00Z,3,12.5,11.75,11.5,12.933333333333334,-0.43333333333333357,8,6.333333333333333,6,2,,,2026-04-25T20:26:00Z,L4,78.20346792878492,Airbus,4681,BLR-BOM-🛧BLR-AMD-BLR,,2026-04-25T02:04:18Z,2026-04-25
2026-04-25,22464:3-69117:5,Yet to Report,2026-04-25T10:45:00Z,22464,69117,2026-04-25T11:45:00Z,2026-04-25T21:15:00Z,4,12,10.583333333333334,10.5,12.733333333333334,-0.7333333333333343,8,7.083333333333333,7.3999999999999995,0.6000000000000005,,,2026-04-25T23:29:00Z,L4,78.59549276738491,Airbus,3909,DEL-HYD-🛧DEL-UDR-DEL,,2026-04-25T02:04:18Z,2026-04-25
2026-04-25,40830:8-80722:5,Yet to Report,2026-04-25T14:05:00Z,40830,80722,2026-04-25T15:05:00Z,2026-04-25T22:35:00Z,4,12,8.5,8.5,10.316666666666666,1.6833333333333336,8,5.5,5.916666666666667,2.083333333333333,-1,-0.31666666666666643,2026-04-26T00:24:00Z,L4,90.4115542931142,Airbus,4196,NMI-IXE-NMI-🛧HYD-NMI,,2026-04-25T02:04:18Z,2026-04-25
2026-04-25,66608:7-71977:5,Yet to Report,2026-04-25T14:50:00Z,66608,71977,2026-04-25T15:35:00Z,2026-04-25T22:45:00Z,4,12,7.75,7.916666666666667,9.766666666666666,2.2333333333333343,8,5.666666666666667,6.65,1.3499999999999996,-1,0.23333333333333428,2026-04-26T00:36:00Z,L4,90.41155351568032,ATR,1199,HYD-ISK-AMD-NMI-AMD,,2026-04-25T02:04:18Z,2026-04-25
2026-04-25,34072:5-,Yet to Report,2026-04-25T12:45:00Z,34072,,2026-04-25T13:45:00Z,2026-04-25T23:05:00Z,4,12,10.25,10.333333333333334,11.25,0.75,8,6.25,6.333333333333333,1.666666666666667,-1,-1.25,2026-04-26T00:00:00Z,L4,90.41155542480794,Airbus,5941,NMI-🛧MAA-VTZ-MAA-NMI,,2026-04-25T02:04:18Z,2026-04-25
2026-04-25,41251:7-,Yet to Report,2026-04-25T14:35:00Z,41251,,2026-04-25T15:35:00Z,2026-04-25T23:05:00Z,4,12,8.416666666666666,8.5,9.75,2.25,8,5.583333333333333,5.716666666666667,2.283333333333333,-1,0.25,2026-04-26T00:20:00Z,L4,90.4115534921041,Airbus,3416,BLR-NAG-🛧BLR-MAA-BLR,,2026-04-25T02:04:18Z,2026-04-25
2026-04-25,66608:7-71977:5,Yet to Report,2026-04-25T14:50:00Z,66608,71977,2026-04-25T15:35:00Z,2026-04-25T22:35:00Z,4,12,7.75,7.75,9.8,2.1999999999999993,8,5.666666666666667,6.683333333333334,1.3166666666666664,-1,0.1999999999999993,2026-04-26T00:38:00Z,L4,90.41155356283205,ATR,1199,HYD-ISK-AMD-NMI-AMD,,2026-04-24T02:33:58Z,2026-04-24
2026-04-25,-69126:6,Yet to Report,2026-04-25T09:45:00Z,,69126,2026-04-25T10:45:00Z,2026-04-25T22:25:00Z,2,13,12.666666666666666,12.666666666666666,13.033333333333333,-0.033333333333333215,9,5.833333333333333,5.983333333333333,3.0166666666666666,,,2026-04-25T22:47:00Z,L4,77.64368201593491,Airbus,D3422,DEL-BLR-DEL-BLR,,2026-04-24T02:33:58Z,2026-04-24
2026-04-25,66608:7-71977:5,Yet to Report,2026-04-25T14:50:00Z,66608,71977,2026-04-25T15:35:00Z,2026-04-25T22:35:00Z,4,12,7.75,7.75,9.8,2.1999999999999993,8,5.666666666666667,6.683333333333334,1.3166666666666664,-1,0.1999999999999993,2026-04-26T00:38:00Z,L4,90.41155356283205,ATR,1199,HYD-ISK-AMD-NMI-AMD,,2026-04-24T02:49:02Z,2026-04-24
2026-04-25,-69126:6,Yet to Report,2026-04-25T09:45:00Z,,69126,2026-04-25T10:45:00Z,2026-04-25T22:25:00Z,2,13,12.666666666666666,12.666666666666666,13.033333333333333,-0.033333333333333215,9,5.833333333333333,5.983333333333333,3.0166666666666666,,,2026-04-25T22:47:00Z,L4,77.64368201593491,Airbus,D3422,DEL-BLR-DEL-BLR,,2026-04-24T02:49:02Z,2026-04-24
2026-04-25,-69126:6,Yet to Report,2026-04-25T09:45:00Z,,69126,2026-04-25T10:45:00Z,2026-04-25T22:25:00Z,2,13,12.666666666666666,12.666666666666666,13.033333333333333,-0.033333333333333215,9,5.833333333333333,5.983333333333333,3.0166666666666666,,,2026-04-25T22:47:00Z,L4,77.64368201593491,Airbus,D3422,DEL-BLR-DEL-BLR,,2026-04-24T03:04:07Z,2026-04-24
2026-04-25,66608:7-71977:5,Yet to Report,2026-04-25T14:50:00Z,66608,71977,2026-04-25T15:35:00Z,2026-04-25T22:35:00Z,4,12,7.75,7.75,9.8,2.1999999999999993,8,5.666666666666667,6.683333333333334,1.3166666666666664,-1,0.1999999999999993,2026-04-26T00:38:00Z,L4,90.41155356283205,ATR,1199,HYD-ISK-AMD-NMI-AMD,,2026-04-24T03:04:07Z,2026-04-24
2026-04-25,66608:7-71977:5,Yet to Report,2026-04-25T14:50:00Z,66608,71977,2026-04-25T15:35:00Z,2026-04-25T22:35:00Z,4,12,7.75,7.75,9.8,2.1999999999999993,8,5.666666666666667,6.683333333333334,1.3166666666666664,-1,0.1999999999999993,2026-04-26T00:38:00Z,L4,90.41155356283205,ATR,1199,HYD-ISK-AMD-NMI-AMD,,2026-04-24T03:48:00Z,2026-04-24
2026-04-25,-69126:6,Yet to Report,2026-04-25T09:45:00Z,,69126,2026-04-25T10:45:00Z,2026-04-25T22:25:00Z,2,13,12.666666666666666,12.666666666666666,13.033333333333333,-0.033333333333333215,9,5.833333333333333,5.983333333333333,3.0166666666666666,,,2026-04-25T22:47:00Z,L4,77.64368201593491,Airbus,D3422,DEL-BLR-DEL-BLR,,2026-04-24T03:48:00Z,2026-04-24
2026-04-25,46124:7-90374:5,Reported,2026-04-25T18:50:00Z,46124,90374,2026-04-25T20:05:00Z,2026-04-26T06:35:00Z,1,11,10.666666666666666,11.75,11.75,-0.75,9,4.083333333333333,4.716666666666667,4.283333333333333,,,2026-04-26T06:35:00Z,L4,78.61622532790992,Airbus,F82,BOM-DMM-BOM,,2026-04-26T01:06:03Z,2026-04-26
2026-04-25,66608:7-71977:5,Yet to Report,2026-04-25T14:50:00Z,66608,71977,2026-04-25T15:35:00Z,2026-04-25T22:35:00Z,4,12,7.75,7.75,9.8,2.1999999999999993,8,5.666666666666667,6.683333333333334,1.3166666666666664,-1,0.1999999999999993,2026-04-26T00:38:00Z,L4,90.41155356283205,ATR,1199,HYD-ISK-AMD-NMI-AMD,,2026-04-24T04:06:02Z,2026-04-24
2026-04-25,-69126:6,Yet to Report,2026-04-25T09:45:00Z,,69126,2026-04-25T10:45:00Z,2026-04-25T22:25:00Z,2,13,12.666666666666666,12.666666666666666,13.033333333333333,-0.033333333333333215,9,5.833333333333333,5.983333333333333,3.0166666666666666,,,2026-04-25T22:47:00Z,L4,77.64368201593491,Airbus,D3422,DEL-BLR-DEL-BLR,,2026-04-24T04:06:02Z,2026-04-24
2026-04-25,41251:7-,Yet to Report,2026-04-25T14:35:00Z,41251,,2026-04-25T15:35:00Z,2026-04-25T23:05:00Z,4,12,8.416666666666666,8.5,9.75,2.25,8,5.583333333333333,5.716666666666667,2.283333333333333,-1,0.25,2026-04-26T00:20:00Z,L4,90.4115534921041,Airbus,3416,BLR-NAG-🛧BLR-MAA-BLR,,2026-04-25T02:33:40Z,2026-04-25
2026-04-25,41887:6-12651:4,Yet to Report,2026-04-25T07:30:00Z,41887,12651,2026-04-25T08:30:00Z,2026-04-25T19:00:00Z,3,12.5,11.75,11.5,12.933333333333334,-0.43333333333333357,8,6.333333333333333,6,2,,,2026-04-25T20:26:00Z,L4,78.20346792878492,Airbus,4681,BLR-BOM-🛧BLR-AMD-BLR,,2026-04-25T02:33:40Z,2026-04-25
2026-04-25,22464:3-69117:5,Yet to Report,2026-04-25T10:45:00Z,22464,69117,2026-04-25T11:45:00Z,2026-04-25T21:15:00Z,4,12,10.583333333333334,10.5,12.733333333333334,-0.7333333333333343,8,7.083333333333333,7.3999999999999995,0.6000000000000005,,,2026-04-25T23:29:00Z,L4,78.59549276738491,Airbus,3909,DEL-HYD-🛧DEL-UDR-DEL,,2026-04-25T02:33:40Z,2026-04-25
2026-04-25,34072:5-88475:8,Yet to Report,2026-04-25T12:45:00Z,34072,88475,2026-04-25T13:45:00Z,2026-04-25T23:05:00Z,4,12,10.25,10.333333333333334,11.25,0.75,8,6.25,6.333333333333333,1.666666666666667,-1,-1.25,2026-04-26T00:00:00Z,L4,90.41155542480794,Airbus,5941,NMI-🛧MAA-VTZ-MAA-NMI,,2026-04-25T02:33:40Z,2026-04-25
2026-04-25,40830:8-80722:5,Yet to Report,2026-04-25T14:05:00Z,40830,80722,2026-04-25T15:05:00Z,2026-04-25T22:35:00Z,4,12,8.5,8.5,10.316666666666666,1.6833333333333336,8,5.5,5.916666666666667,2.083333333333333,-1,-0.31666666666666643,2026-04-26T00:24:00Z,L4,90.4115542931142,Airbus,4196,NMI-IXE-NMI-🛧HYD-NMI,,2026-04-25T02:33:40Z,2026-04-25
2026-04-25,66608:7-71977:5,Yet to Report,2026-04-25T14:50:00Z,66608,71977,2026-04-25T15:35:00Z,2026-04-25T22:45:00Z,4,12,7.75,7.916666666666667,9.766666666666666,2.2333333333333343,8,5.666666666666667,6.65,1.3499999999999996,-1,0.23333333333333428,2026-04-26T00:36:00Z,L4,90.41155351568032,ATR,1199,HYD-ISK-AMD-NMI-AMD,,2026-04-25T02:33:40Z,2026-04-25
2026-04-25,66608:7-71977:5,Yet to Report,2026-04-25T14:50:00Z,66608,71977,2026-04-25T15:35:00Z,2026-04-25T22:35:00Z,4,12,7.75,7.75,9.8,2.1999999999999993,8,5.666666666666667,6.683333333333334,1.3166666666666664,-1,0.1999999999999993,2026-04-26T00:38:00Z,L4,90.41155356283205,ATR,1199,HYD-ISK-AMD-NMI-AMD,,2026-04-24T03:34:29Z,2026-04-24
2026-04-25,-69126:6,Yet to Report,2026-04-25T09:45:00Z,,69126,2026-04-25T10:45:00Z,2026-04-25T22:25:00Z,2,13,12.666666666666666,12.666666666666666,13.033333333333333,-0.033333333333333215,9,5.833333333333333,5.983333333333333,3.0166666666666666,,,2026-04-25T22:47:00Z,L4,77.64368201593491,Airbus,D3422,DEL-BLR-DEL-BLR,,2026-04-24T03:34:29Z,2026-04-24
2026-04-25,66608:7-71977:5,Yet to Report,2026-04-25T14:50:00Z,66608,71977,2026-04-25T15:35:00Z,2026-04-25T22:35:00Z,4,12,7.75,7.75,9.8,2.1999999999999993,8,5.666666666666667,6.683333333333334,1.3166666666666664,-1,0.1999999999999993,2026-04-26T00:38:00Z,L4,90.41155356283205,ATR,1199,HYD-ISK-AMD-NMI-AMD,,2026-04-24T03:19:13Z,2026-04-24
2026-04-25,-69126:6,Yet to Report,2026-04-25T09:45:00Z,,69126,2026-04-25T10:45:00Z,2026-04-25T22:25:00Z,2,13,12.666666666666666,12.666666666666666,13.033333333333333,-0.033333333333333215,9,5.833333333333333,5.983333333333333,3.0166666666666666,,,2026-04-25T22:47:00Z,L4,77.64368201593491,Airbus,D3422,DEL-BLR-DEL-BLR,,2026-04-24T03:19:13Z,2026-04-24
2026-04-25,46124:7-90374:5,Reported,2026-04-25T18:50:00Z,46124,90374,2026-04-25T20:05:00Z,2026-04-26T06:35:00Z,1,11,10.666666666666666,11.75,11.75,-0.75,9,4.083333333333333,4.716666666666667,4.283333333333333,,,2026-04-26T06:35:00Z,L4,78.61622532790992,Airbus,F82,BOM-DMM-BOM,,2026-04-26T01:18:22Z,2026-04-26
2026-04-25,66608:7-71977:5,Yet to Report,2026-04-25T14:50:00Z,66608,71977,2026-04-25T15:35:00Z,2026-04-25T22:35:00Z,4,12,7.75,7.75,9.8,2.1999999999999993,8,5.666666666666667,6.683333333333334,1.3166666666666664,-1,0.1999999999999993,2026-04-26T00:38:00Z,L4,90.41155356283205,ATR,1199,HYD-ISK-AMD-NMI-AMD,,2026-04-24T04:18:34Z,2026-04-24
2026-04-25,-69126:6,Yet to Report,2026-04-25T09:45:00Z,,69126,2026-04-25T10:45:00Z,2026-04-25T22:25:00Z,2,13,12.666666666666666,12.666666666666666,13.033333333333333,-0.033333333333333215,9,5.833333333333333,5.983333333333333,3.0166666666666666,,,2026-04-25T22:47:00Z,L4,77.64368201593491,Airbus,D3422,DEL-BLR-DEL-BLR,,2026-04-24T04:18:34Z,2026-04-24
2026-04-25,41251:7-,Yet to Report,2026-04-25T14:35:00Z,41251,,2026-04-25T15:35:00Z,2026-04-25T23:05:00Z,4,12,8.416666666666666,8.5,9.75,2.25,8,5.583333333333333,5.716666666666667,2.283333333333333,-1,0.25,2026-04-26T00:20:00Z,L4,90.4115534921041,Airbus,3416,BLR-NAG-🛧BLR-MAA-BLR,,2026-04-25T03:33:53Z,2026-04-25
2026-04-25,41887:6-12651:4,Yet to Report,2026-04-25T07:30:00Z,41887,12651,2026-04-25T08:30:00Z,2026-04-25T19:00:00Z,3,12.5,11.75,11.5,12.933333333333334,-0.43333333333333357,8,6.333333333333333,6,2,,,2026-04-25T20:26:00Z,L4,78.20346792878492,Airbus,4681,BLR-BOM-🛧BLR-AMD-BLR,,2026-04-25T03:33:53Z,2026-04-25
2026-04-25,22464:3-69117:5,Yet to Report,2026-04-25T10:45:00Z,22464,69117,2026-04-25T11:45:00Z,2026-04-25T21:15:00Z,4,12,10.583333333333334,10.5,12.733333333333334,-0.7333333333333343,8,7.083333333333333,7.3999999999999995,0.6000000000000005,,,2026-04-25T23:29:00Z,L4,78.59549276738491,Airbus,3909,DEL-HYD-🛧DEL-UDR-DEL,,2026-04-25T03:33:53Z,2026-04-25
2026-04-25,34072:5-88475:8,Yet to Report,2026-04-25T12:45:00Z,34072,88475,2026-04-25T13:45:00Z,2026-04-25T23:05:00Z,4,12,10.25,10.333333333333334,11.25,0.75,8,6.25,6.333333333333333,1.666666666666667,-1,-1.25,2026-04-26T00:00:00Z,L4,90.41155542480794,Airbus,5941,NMI-🛧MAA-VTZ-MAA-NMI,,2026-04-25T03:33:53Z,2026-04-25
2026-04-25,40830:8-80722:5,Yet to Report,2026-04-25T14:05:00Z,40830,80722,2026-04-25T15:05:00Z,2026-04-25T22:35:00Z,4,12,8.5,8.5,10.316666666666666,1.6833333333333336,8,5.5,5.916666666666667,2.083333333333333,-1,-0.31666666666666643,2026-04-26T00:24:00Z,L4,90.4115542931142,Airbus,4196,NMI-IXE-NMI-🛧HYD-NMI,,2026-04-25T03:33:53Z,2026-04-25
2026-04-25,66608:7-71977:5,Yet to Report,2026-04-25T14:50:00Z,66608,71977,2026-04-25T15:35:00Z,2026-04-25T22:45:00Z,4,12,7.75,7.916666666666667,9.766666666666666,2.2333333333333343,8,5.666666666666667,6.65,1.3499999999999996,-1,0.23333333333333428,2026-04-26T00:36:00Z,L4,90.41155351568032,ATR,1199,HYD-ISK-AMD-NMI-AMD,,2026-04-25T03:33:53Z,2026-04-25
2026-04-25,41251:7-,Yet to Report,2026-04-25T14:35:00Z,41251,,2026-04-25T15:35:00Z,2026-04-25T23:05:00Z,4,12,8.416666666666666,8.5,9.75,2.25,8,5.583333333333333,5.716666666666667,2.283333333333333,-1,0.25,2026-04-26T00:20:00Z,L4,90.4115534921041,Airbus,3416,BLR-NAG-🛧BLR-MAA-BLR,,2026-04-25T03:05:37Z,2026-04-25
2026-04-25,41887:6-12651:4,Yet to Report,2026-04-25T07:30:00Z,41887,12651,2026-04-25T08:30:00Z,2026-04-25T19:00:00Z,3,12.5,11.75,11.5,12.933333333333334,-0.43333333333333357,8,6.333333333333333,6,2,,,2026-04-25T20:26:00Z,L4,78.20346792878492,Airbus,4681,BLR-BOM-🛧BLR-AMD-BLR,,2026-04-25T03:05:37Z,2026-04-25
2026-04-25,22464:3-69117:5,Yet to Report,2026-04-25T10:45:00Z,22464,69117,2026-04-25T11:45:00Z,2026-04-25T21:15:00Z,4,12,10.583333333333334,10.5,12.733333333333334,-0.7333333333333343,8,7.083333333333333,7.3999999999999995,0.6000000000000005,,,2026-04-25T23:29:00Z,L4,78.59549276738491,Airbus,3909,DEL-HYD-🛧DEL-UDR-DEL,,2026-04-25T03:05:37Z,2026-04-25
2026-04-25,34072:5-88475:8,Yet to Report,2026-04-25T12:45:00Z,34072,88475,2026-04-25T13:45:00Z,2026-04-25T23:05:00Z,4,12,10.25,10.333333333333334,11.25,0.75,8,6.25,6.333333333333333,1.666666666666667,-1,-1.25,2026-04-26T00:00:00Z,L4,90.41155542480794,Airbus,5941,NMI-🛧MAA-VTZ-MAA-NMI,,2026-04-25T03:05:37Z,2026-04-25
2026-04-25,40830:8-80722:5,Yet to Report,2026-04-25T14:05:00Z,40830,80722,2026-04-25T15:05:00Z,2026-04-25T22:35:00Z,4,12,8.5,8.5,10.316666666666666,1.6833333333333336,8,5.5,5.916666666666667,2.083333333333333,-1,-0.31666666666666643,2026-04-26T00:24:00Z,L4,90.4115542931142,Airbus,4196,NMI-IXE-NMI-🛧HYD-NMI,,2026-04-25T03:05:37Z,2026-04-25
2026-04-25,66608:7-71977:5,Yet to Report,2026-04-25T14:50:00Z,66608,71977,2026-04-25T15:35:00Z,2026-04-25T22:45:00Z,4,12,7.75,7.916666666666667,9.766666666666666,2.2333333333333343,8,5.666666666666667,6.65,1.3499999999999996,-1,0.23333333333333428,2026-04-26T00:36:00Z,L4,90.41155351568032,ATR,1199,HYD-ISK-AMD-NMI-AMD,,2026-04-25T03:05:37Z,2026-04-25
2026-04-25,66608:7-71977:5,Yet to Report,2026-04-25T14:50:00Z,66608,71977,2026-04-25T15:35:00Z,2026-04-25T22:35:00Z,4,12,7.75,7.75,9.8,2.1999999999999993,8,5.666666666666667,6.683333333333334,1.3166666666666664,-1,0.1999999999999993,2026-04-26T00:38:00Z,L4,90.41155356283205,ATR,1199,HYD-ISK-AMD-NMI-AMD,,2026-04-24T04:34:38Z,2026-04-24
2026-04-25,-69126:6,Yet to Report,2026-04-25T09:45:00Z,,69126,2026-04-25T10:45:00Z,2026-04-25T22:25:00Z,2,13,12.666666666666666,12.666666666666666,13.033333333333333,-0.033333333333333215,9,5.833333333333333,5.983333333333333,3.0166666666666666,,,2026-04-25T22:47:00Z,L4,77.64368201593491,Airbus,D3422,DEL-BLR-DEL-BLR,,2026-04-24T04:34:38Z,2026-04-24
2026-04-25,41887:6-12651:4,Yet to Report,2026-04-25T07:30:00Z,41887,12651,2026-04-25T08:30:00Z,2026-04-25T19:00:00Z,3,12.5,11.75,11.5,12.933333333333334,-0.43333333333333357,8,6.333333333333333,6,2,,,2026-04-25T20:26:00Z,L4,78.20346792878492,Airbus,4681,BLR-BOM-🛧BLR-AMD-BLR,,2026-04-25T02:48:35Z,2026-04-25
2026-04-25,22464:3-69117:5,Yet to Report,2026-04-25T10:45:00Z,22464,69117,2026-04-25T11:45:00Z,2026-04-25T21:15:00Z,4,12,10.583333333333334,10.5,12.733333333333334,-0.7333333333333343,8,7.083333333333333,7.3999999999999995,0.6000000000000005,,,2026-04-25T23:29:00Z,L4,78.59549276738491,Airbus,3909,DEL-HYD-🛧DEL-UDR-DEL,,2026-04-25T02:48:35Z,2026-04-25
2026-04-25,34072:5-88475:8,Yet to Report,2026-04-25T12:45:00Z,34072,88475,2026-04-25T13:45:00Z,2026-04-25T23:05:00Z,4,12,10.25,10.333333333333334,11.25,0.75,8,6.25,6.333333333333333,1.666666666666667,-1,-1.25,2026-04-26T00:00:00Z,L4,90.41155542480794,Airbus,5941,NMI-🛧MAA-VTZ-MAA-NMI,,2026-04-25T02:48:35Z,2026-04-25
2026-04-25,40830:8-80722:5,Yet to Report,2026-04-25T14:05:00Z,40830,80722,2026-04-25T15:05:00Z,2026-04-25T22:35:00Z,4,12,8.5,8.5,10.316666666666666,1.6833333333333336,8,5.5,5.916666666666667,2.083333333333333,-1,-0.31666666666666643,2026-04-26T00:24:00Z,L4,90.4115542931142,Airbus,4196,NMI-IXE-NMI-🛧HYD-NMI,,2026-04-25T02:48:35Z,2026-04-25
2026-04-25,66608:7-71977:5,Yet to Report,2026-04-25T14:50:00Z,66608,71977,2026-04-25T15:35:00Z,2026-04-25T22:45:00Z,4,12,7.75,7.916666666666667,9.766666666666666,2.2333333333333343,8,5.666666666666667,6.65,1.3499999999999996,-1,0.23333333333333428,2026-04-26T00:36:00Z,L4,90.41155351568032,ATR,1199,HYD-ISK-AMD-NMI-AMD,,2026-04-25T02:48:35Z,2026-04-25
2026-04-25,41251:7-,Yet to Report,2026-04-25T14:35:00Z,41251,,2026-04-25T15:35:00Z,2026-04-25T23:05:00Z,4,12,8.416666666666666,8.5,9.75,2.25,8,5.583333333333333,5.716666666666667,2.283333333333333,-1,0.25,2026-04-26T00:20:00Z,L4,90.4115534921041,Airbus,3416,BLR-NAG-🛧BLR-MAA-BLR,,2026-04-25T02:48:35Z,2026-04-25
2026-04-25,41251:7-,Yet to Report,2026-04-25T14:35:00Z,41251,,2026-04-25T15:35:00Z,2026-04-25T23:05:00Z,4,12,8.416666666666666,8.5,9.75,2.25,8,5.583333333333333,5.716666666666667,2.283333333333333,-1,0.25,2026-04-26T00:20:00Z,L4,90.4115534921041,Airbus,3416,BLR-NAG-🛧BLR-MAA-BLR,,2026-04-25T03:17:53Z,2026-04-25
2026-04-25,41887:6-12651:4,Yet to Report,2026-04-25T07:30:00Z,41887,12651,2026-04-25T08:30:00Z,2026-04-25T19:00:00Z,3,12.5,11.75,11.5,12.933333333333334,-0.43333333333333357,8,6.333333333333333,6,2,,,2026-04-25T20:26:00Z,L4,78.20346792878492,Airbus,4681,BLR-BOM-🛧BLR-AMD-BLR,,2026-04-25T03:17:53Z,2026-04-25
2026-04-25,22464:3-69117:5,Yet to Report,2026-04-25T10:45:00Z,22464,69117,2026-04-25T11:45:00Z,2026-04-25T21:15:00Z,4,12,10.583333333333334,10.5,12.733333333333334,-0.7333333333333343,8,7.083333333333333,7.3999999999999995,0.6000000000000005,,,2026-04-25T23:29:00Z,L4,78.59549276738491,Airbus,3909,DEL-HYD-🛧DEL-UDR-DEL,,2026-04-25T03:17:53Z,2026-04-25
2026-04-25,34072:5-88475:8,Yet to Report,2026-04-25T12:45:00Z,34072,88475,2026-04-25T13:45:00Z,2026-04-25T23:05:00Z,4,12,10.25,10.333333333333334,11.25,0.75,8,6.25,6.333333333333333,1.666666666666667,-1,-1.25,2026-04-26T00:00:00Z,L4,90.41155542480794,Airbus,5941,NMI-🛧MAA-VTZ-MAA-NMI,,2026-04-25T03:17:53Z,2026-04-25
2026-04-25,40830:8-80722:5,Yet to Report,2026-04-25T14:05:00Z,40830,80722,2026-04-25T15:05:00Z,2026-04-25T22:35:00Z,4,12,8.5,8.5,10.316666666666666,1.6833333333333336,8,5.5,5.916666666666667,2.083333333333333,-1,-0.31666666666666643,2026-04-26T00:24:00Z,L4,90.4115542931142,Airbus,4196,NMI-IXE-NMI-🛧HYD-NMI,,2026-04-25T03:17:53Z,2026-04-25
2026-04-25,66608:7-71977:5,Yet to Report,2026-04-25T14:50:00Z,66608,71977,2026-04-25T15:35:00Z,2026-04-25T22:45:00Z,4,12,7.75,7.916666666666667,9.766666666666666,2.2333333333333343,8,5.666666666666667,6.65,1.3499999999999996,-1,0.23333333333333428,2026-04-26T00:36:00Z,L4,90.41155351568032,ATR,1199,HYD-ISK-AMD-NMI-AMD,,2026-04-25T03:17:53Z,2026-04-25
2026-04-25,41251:7-,Yet to Report,2026-04-25T14:35:00Z,41251,,2026-04-25T15:35:00Z,2026-04-25T23:05:00Z,4,12,8.416666666666666,8.5,9.75,2.25,8,5.583333333333333,5.716666666666667,2.283333333333333,-1,0.25,2026-04-26T00:20:00Z,L4,90.4115534921041,Airbus,3416,BLR-NAG-🛧BLR-MAA-BLR,,2026-04-25T04:47:59Z,2026-04-25
2026-04-25,41887:6-12651:4,Yet to Report,2026-04-25T07:30:00Z,41887,12651,2026-04-25T08:30:00Z,2026-04-25T19:00:00Z,3,12.5,11.75,11.5,12.933333333333334,-0.43333333333333357,8,6.333333333333333,6,2,,,2026-04-25T20:26:00Z,L4,78.20346792878492,Airbus,4681,BLR-BOM-🛧BLR-AMD-BLR,,2026-04-25T04:47:59Z,2026-04-25
2026-04-25,22464:3-69117:5,Yet to Report,2026-04-25T10:45:00Z,22464,69117,2026-04-25T11:45:00Z,2026-04-25T21:15:00Z,4,12,10.583333333333334,10.5,12.733333333333334,-0.7333333333333343,8,7.083333333333333,7.3999999999999995,0.6000000000000005,,,2026-04-25T23:29:00Z,L4,78.59549276738491,Airbus,3909,DEL-HYD-🛧DEL-UDR-DEL,,2026-04-25T04:47:59Z,2026-04-25
2026-04-25,34072:5-88475:8,Yet to Report,2026-04-25T12:45:00Z,34072,88475,2026-04-25T13:45:00Z,2026-04-25T23:05:00Z,4,12,10.25,10.333333333333334,11.25,0.75,8,6.25,6.333333333333333,1.666666666666667,-1,-1.25,2026-04-26T00:00:00Z,L4,90.41155542480794,Airbus,5941,NMI-🛧MAA-VTZ-MAA-NMI,,2026-04-25T04:47:59Z,2026-04-25
2026-04-25,40830:8-80722:5,Yet to Report,2026-04-25T14:05:00Z,40830,80722,2026-04-25T15:05:00Z,2026-04-25T22:35:00Z,4,12,8.5,8.5,10.316666666666666,1.6833333333333336,8,5.5,5.916666666666667,2.083333333333333,-1,-0.31666666666666643,2026-04-26T00:24:00Z,L4,90.4115542931142,Airbus,4196,NMI-IXE-NMI-🛧HYD-NMI,,2026-04-25T04:47:59Z,2026-04-25
2026-04-25,66608:7-71977:5,Yet to Report,2026-04-25T14:50:00Z,66608,71977,2026-04-25T15:35:00Z,2026-04-25T22:45:00Z,4,12,7.75,7.916666666666667,9.766666666666666,2.2333333333333343,8,5.666666666666667,6.65,1.3499999999999996,-1,0.23333333333333428,2026-04-26T00:36:00Z,L4,90.41155351568032,ATR,1199,HYD-ISK-AMD-NMI-AMD,,2026-04-25T04:47:59Z,2026-04-25
2026-04-25,41251:7-,Yet to Report,2026-04-25T14:35:00Z,41251,,2026-04-25T15:35:00Z,2026-04-25T23:05:00Z,4,12,8.416666666666666,8.5,9.75,2.25,8,5.583333333333333,5.716666666666667,2.283333333333333,-1,0.25,2026-04-26T00:20:00Z,L4,90.4115534921041,Airbus,3416,BLR-NAG-🛧BLR-MAA-BLR,,2026-04-25T04:34:19Z,2026-04-25
2026-04-25,41887:6-12651:4,Yet to Report,2026-04-25T07:30:00Z,41887,12651,2026-04-25T08:30:00Z,2026-04-25T19:00:00Z,3,12.5,11.75,11.5,12.933333333333334,-0.43333333333333357,8,6.333333333333333,6,2,,,2026-04-25T20:26:00Z,L4,78.20346792878492,Airbus,4681,BLR-BOM-🛧BLR-AMD-BLR,,2026-04-25T04:34:19Z,2026-04-25
2026-04-25,22464:3-69117:5,Yet to Report,2026-04-25T10:45:00Z,22464,69117,2026-04-25T11:45:00Z,2026-04-25T21:15:00Z,4,12,10.583333333333334,10.5,12.733333333333334,-0.7333333333333343,8,7.083333333333333,7.3999999999999995,0.6000000000000005,,,2026-04-25T23:29:00Z,L4,78.59549276738491,Airbus,3909,DEL-HYD-🛧DEL-UDR-DEL,,2026-04-25T04:34:19Z,2026-04-25
2026-04-25,34072:5-88475:8,Yet to Report,2026-04-25T12:45:00Z,34072,88475,2026-04-25T13:45:00Z,2026-04-25T23:05:00Z,4,12,10.25,10.333333333333334,11.25,0.75,8,6.25,6.333333333333333,1.666666666666667,-1,-1.25,2026-04-26T00:00:00Z,L4,90.41155542480794,Airbus,5941,NMI-🛧MAA-VTZ-MAA-NMI,,2026-04-25T04:34:19Z,2026-04-25
2026-04-25,40830:8-80722:5,Yet to Report,2026-04-25T14:05:00Z,40830,80722,2026-04-25T15:05:00Z,2026-04-25T22:35:00Z,4,12,8.5,8.5,10.316666666666666,1.6833333333333336,8,5.5,5.916666666666667,2.083333333333333,-1,-0.31666666666666643,2026-04-26T00:24:00Z,L4,90.4115542931142,Airbus,4196,NMI-IXE-NMI-🛧HYD-NMI,,2026-04-25T04:34:19Z,2026-04-25
2026-04-25,66608:7-71977:5,Yet to Report,2026-04-25T14:50:00Z,66608,71977,2026-04-25T15:35:00Z,2026-04-25T22:45:00Z,4,12,7.75,7.916666666666667,9.766666666666666,2.2333333333333343,8,5.666666666666667,6.65,1.3499999999999996,-1,0.23333333333333428,2026-04-26T00:36:00Z,L4,90.41155351568032,ATR,1199,HYD-ISK-AMD-NMI-AMD,,2026-04-25T04:34:19Z,2026-04-25
2026-04-25,41251:7-,Yet to Report,2026-04-25T14:35:00Z,41251,,2026-04-25T15:35:00Z,2026-04-25T23:05:00Z,4,12,8.416666666666666,8.5,9.75,2.25,8,5.583333333333333,5.716666666666667,2.283333333333333,-1,0.25,2026-04-26T00:20:00Z,L4,90.4115534921041,Airbus,3416,BLR-NAG-🛧BLR-MAA-BLR,,2026-04-25T03:48:31Z,2026-04-25
2026-04-25,41887:6-12651:4,Yet to Report,2026-04-25T07:30:00Z,41887,12651,2026-04-25T08:30:00Z,2026-04-25T19:00:00Z,3,12.5,11.75,11.5,12.933333333333334,-0.43333333333333357,8,6.333333333333333,6,2,,,2026-04-25T20:26:00Z,L4,78.20346792878492,Airbus,4681,BLR-BOM-🛧BLR-AMD-BLR,,2026-04-25T03:48:31Z,2026-04-25
2026-04-25,22464:3-69117:5,Yet to Report,2026-04-25T10:45:00Z,22464,69117,2026-04-25T11:45:00Z,2026-04-25T21:15:00Z,4,12,10.583333333333334,10.5,12.733333333333334,-0.7333333333333343,8,7.083333333333333,7.3999999999999995,0.6000000000000005,,,2026-04-25T23:29:00Z,L4,78.59549276738491,Airbus,3909,DEL-HYD-🛧DEL-UDR-DEL,,2026-04-25T03:48:31Z,2026-04-25
2026-04-25,34072:5-88475:8,Yet to Report,2026-04-25T12:45:00Z,34072,88475,2026-04-25T13:45:00Z,2026-04-25T23:05:00Z,4,12,10.25,10.333333333333334,11.25,0.75,8,6.25,6.333333333333333,1.666666666666667,-1,-1.25,2026-04-26T00:00:00Z,L4,90.41155542480794,Airbus,5941,NMI-🛧MAA-VTZ-MAA-NMI,,2026-04-25T03:48:31Z,2026-04-25
2026-04-25,40830:8-80722:5,Yet to Report,2026-04-25T14:05:00Z,40830,80722,2026-04-25T15:05:00Z,2026-04-25T22:35:00Z,4,12,8.5,8.5,10.316666666666666,1.6833333333333336,8,5.5,5.916666666666667,2.083333333333333,-1,-0.31666666666666643,2026-04-26T00:24:00Z,L4,90.4115542931142,Airbus,4196,NMI-IXE-NMI-🛧HYD-NMI,,2026-04-25T03:48:31Z,2026-04-25
2026-04-25,66608:7-71977:5,Yet to Report,2026-04-25T14:50:00Z,66608,71977,2026-04-25T15:35:00Z,2026-04-25T22:45:00Z,4,12,7.75,7.916666666666667,9.766666666666666,2.2333333333333343,8,5.666666666666667,6.65,1.3499999999999996,-1,0.23333333333333428,2026-04-26T00:36:00Z,L4,90.41155351568032,ATR,1199,HYD-ISK-AMD-NMI-AMD,,2026-04-25T03:48:31Z,2026-04-25
2026-04-25,66608:7-71977:5,Yet to Report,2026-04-25T14:50:00Z,66608,71977,2026-04-25T15:35:00Z,2026-04-25T22:35:00Z,4,12,7.75,7.75,9.8,2.1999999999999993,8,5.666666666666667,6.683333333333334,1.3166666666666664,-1,0.1999999999999993,2026-04-26T00:38:00Z,L4,90.41155356283205,ATR,1199,HYD-ISK-AMD-NMI-AMD,,2026-04-24T04:48:54Z,2026-04-24
2026-04-25,-69126:6,Yet to Report,2026-04-25T09:45:00Z,,69126,2026-04-25T10:45:00Z,2026-04-25T22:25:00Z,2,13,12.666666666666666,12.666666666666666,13.033333333333333,-0.033333333333333215,9,5.833333333333333,5.983333333333333,3.0166666666666666,,,2026-04-25T22:47:00Z,L4,77.64368201593491,Airbus,D3422,DEL-BLR-DEL-BLR,,2026-04-24T04:48:54Z,2026-04-24
2026-04-25,41251:7-,Yet to Report,2026-04-25T14:35:00Z,41251,,2026-04-25T15:35:00Z,2026-04-25T23:05:00Z,4,12,8.416666666666666,8.5,9.75,2.25,8,5.583333333333333,5.716666666666667,2.283333333333333,-1,0.25,2026-04-26T00:20:00Z,L4,90.4115534921041,Airbus,3416,BLR-NAG-🛧BLR-MAA-BLR,,2026-04-25T04:04:30Z,2026-04-25
2026-04-25,41887:6-12651:4,Yet to Report,2026-04-25T07:30:00Z,41887,12651,2026-04-25T08:30:00Z,2026-04-25T19:00:00Z,3,12.5,11.75,11.5,12.933333333333334,-0.43333333333333357,8,6.333333333333333,6,2,,,2026-04-25T20:26:00Z,L4,78.20346792878492,Airbus,4681,BLR-BOM-🛧BLR-AMD-BLR,,2026-04-25T04:04:30Z,2026-04-25
2026-04-25,22464:3-69117:5,Yet to Report,2026-04-25T10:45:00Z,22464,69117,2026-04-25T11:45:00Z,2026-04-25T21:15:00Z,4,12,10.583333333333334,10.5,12.733333333333334,-0.7333333333333343,8,7.083333333333333,7.3999999999999995,0.6000000000000005,,,2026-04-25T23:29:00Z,L4,78.59549276738491,Airbus,3909,DEL-HYD-🛧DEL-UDR-DEL,,2026-04-25T04:04:30Z,2026-04-25
2026-04-25,34072:5-88475:8,Yet to Report,2026-04-25T12:45:00Z,34072,88475,2026-04-25T13:45:00Z,2026-04-25T23:05:00Z,4,12,10.25,10.333333333333334,11.25,0.75,8,6.25,6.333333333333333,1.666666666666667,-1,-1.25,2026-04-26T00:00:00Z,L4,90.41155542480794,Airbus,5941,NMI-🛧MAA-VTZ-MAA-NMI,,2026-04-25T04:04:30Z,2026-04-25
2026-04-25,40830:8-80722:5,Yet to Report,2026-04-25T14:05:00Z,40830,80722,2026-04-25T15:05:00Z,2026-04-25T22:35:00Z,4,12,8.5,8.5,10.316666666666666,1.6833333333333336,8,5.5,5.916666666666667,2.083333333333333,-1,-0.31666666666666643,2026-04-26T00:24:00Z,L4,90.4115542931142,Airbus,4196,NMI-IXE-NMI-🛧HYD-NMI,,2026-04-25T04:04:30Z,2026-04-25
2026-04-25,66608:7-71977:5,Yet to Report,2026-04-25T14:50:00Z,66608,71977,2026-04-25T15:35:00Z,2026-04-25T22:45:00Z,4,12,7.75,7.916666666666667,9.766666666666666,2.2333333333333343,8,5.666666666666667,6.65,1.3499999999999996,-1,0.23333333333333428,2026-04-26T00:36:00Z,L4,90.41155351568032,ATR,1199,HYD-ISK-AMD-NMI-AMD,,2026-04-25T04:04:30Z,2026-04-25
2026-04-25,46124:7-90374:5,Reported,2026-04-25T18:50:00Z,46124,90374,2026-04-25T20:05:00Z,2026-04-26T06:05:00Z,1,11,10.666666666666666,11.25,11.25,-0.25,9,4.083333333333333,4.716666666666667,4.283333333333333,,,2026-04-26T06:05:00Z,L4,77.95019132790992,Airbus,F82,BOM-DMM-BOM,,2026-04-26T01:48:52Z,2026-04-26
2026-04-25,41251:7-,Yet to Report,2026-04-25T14:35:00Z,41251,,2026-04-25T15:35:00Z,2026-04-25T23:05:00Z,4,12,8.416666666666666,8.5,9.75,2.25,8,5.583333333333333,5.716666666666667,2.283333333333333,-1,0.25,2026-04-26T00:20:00Z,L4,90.4115534921041,Airbus,3416,BLR-NAG-🛧BLR-MAA-BLR,,2026-04-25T04:18:03Z,2026-04-25
2026-04-25,41887:6-12651:4,Yet to Report,2026-04-25T07:30:00Z,41887,12651,2026-04-25T08:30:00Z,2026-04-25T19:00:00Z,3,12.5,11.75,11.5,12.933333333333334,-0.43333333333333357,8,6.333333333333333,6,2,,,2026-04-25T20:26:00Z,L4,78.20346792878492,Airbus,4681,BLR-BOM-🛧BLR-AMD-BLR,,2026-04-25T04:18:03Z,2026-04-25
2026-04-25,22464:3-69117:5,Yet to Report,2026-04-25T10:45:00Z,22464,69117,2026-04-25T11:45:00Z,2026-04-25T21:15:00Z,4,12,10.583333333333334,10.5,12.733333333333334,-0.7333333333333343,8,7.083333333333333,7.3999999999999995,0.6000000000000005,,,2026-04-25T23:29:00Z,L4,78.59549276738491,Airbus,3909,DEL-HYD-🛧DEL-UDR-DEL,,2026-04-25T04:18:03Z,2026-04-25
2026-04-25,34072:5-88475:8,Yet to Report,2026-04-25T12:45:00Z,34072,88475,2026-04-25T13:45:00Z,2026-04-25T23:05:00Z,4,12,10.25,10.333333333333334,11.25,0.75,8,6.25,6.333333333333333,1.666666666666667,-1,-1.25,2026-04-26T00:00:00Z,L4,90.41155542480794,Airbus,5941,NMI-🛧MAA-VTZ-MAA-NMI,,2026-04-25T04:18:03Z,2026-04-25
2026-04-25,40830:8-80722:5,Yet to Report,2026-04-25T14:05:00Z,40830,80722,2026-04-25T15:05:00Z,2026-04-25T22:35:00Z,4,12,8.5,8.5,10.316666666666666,1.6833333333333336,8,5.5,5.916666666666667,2.083333333333333,-1,-0.31666666666666643,2026-04-26T00:24:00Z,L4,90.4115542931142,Airbus,4196,NMI-IXE-NMI-🛧HYD-NMI,,2026-04-25T04:18:03Z,2026-04-25
2026-04-25,66608:7-71977:5,Yet to Report,2026-04-25T14:50:00Z,66608,71977,2026-04-25T15:35:00Z,2026-04-25T22:45:00Z,4,12,7.75,7.916666666666667,9.766666666666666,2.2333333333333343,8,5.666666666666667,6.65,1.3499999999999996,-1,0.23333333333333428,2026-04-26T00:36:00Z,L4,90.41155351568032,ATR,1199,HYD-ISK-AMD-NMI-AMD,,2026-04-25T04:18:03Z,2026-04-25
2026-04-25,66608:7-71977:5,Yet to Report,2026-04-25T14:50:00Z,66608,71977,2026-04-25T15:35:00Z,2026-04-25T22:35:00Z,4,12,7.75,7.75,9.8,2.1999999999999993,8,5.666666666666667,6.683333333333334,1.3166666666666664,-1,0.1999999999999993,2026-04-26T00:38:00Z,L4,90.41155356283205,ATR,1199,HYD-ISK-AMD-NMI-AMD,,2026-04-24T05:18:13Z,2026-04-24
2026-04-25,-69126:6,Yet to Report,2026-04-25T09:45:00Z,,69126,2026-04-25T10:45:00Z,2026-04-25T22:25:00Z,2,13,12.666666666666666,12.666666666666666,13.033333333333333,-0.033333333333333215,9,5.833333333333333,5.983333333333333,3.0166666666666666,,,2026-04-25T22:47:00Z,L4,77.64368201593491,Airbus,D3422,DEL-BLR-DEL-BLR,,2026-04-24T05:18:13Z,2026-04-24
2026-04-25,66608:7-71977:5,Yet to Report,2026-04-25T14:50:00Z,66608,71977,2026-04-25T15:35:00Z,2026-04-25T22:35:00Z,4,12,7.75,7.75,9.8,2.1999999999999993,8,5.666666666666667,6.683333333333334,1.3166666666666664,-1,0.1999999999999993,2026-04-26T00:38:00Z,L4,90.41155356283205,ATR,1199,HYD-ISK-AMD-NMI-AMD,,2026-04-24T05:47:48Z,2026-04-24
2026-04-25,-69126:6,Yet to Report,2026-04-25T09:45:00Z,,69126,2026-04-25T10:45:00Z,2026-04-25T22:25:00Z,2,13,12.666666666666666,12.666666666666666,13.033333333333333,-0.033333333333333215,9,5.833333333333333,5.983333333333333,3.0166666666666666,,,2026-04-25T22:47:00Z,L4,77.64368201593491,Airbus,D3422,DEL-BLR-DEL-BLR,,2026-04-24T05:47:48Z,2026-04-24
2026-04-25,41251:7-,Yet to Report,2026-04-25T14:35:00Z,41251,,2026-04-25T15:35:00Z,2026-04-25T23:05:00Z,4,12,8.416666666666666,8.5,9.75,2.25,8,5.583333333333333,5.716666666666667,2.283333333333333,-1,0.25,2026-04-26T00:20:00Z,L4,90.4115534921041,Airbus,3416,BLR-NAG-🛧BLR-MAA-BLR,,2026-04-25T05:03:46Z,2026-04-25
2026-04-25,41887:6-12651:4,Yet to Report,2026-04-25T07:30:00Z,41887,12651,2026-04-25T08:30:00Z,2026-04-25T19:00:00Z,3,12.5,11.75,11.5,12.933333333333334,-0.43333333333333357,8,6.333333333333333,6,2,,,2026-04-25T20:26:00Z,L4,78.20346792878492,Airbus,4681,BLR-BOM-🛧BLR-AMD-BLR,,2026-04-25T05:03:46Z,2026-04-25
2026-04-25,22464:3-69117:5,Yet to Report,2026-04-25T10:45:00Z,22464,69117,2026-04-25T11:45:00Z,2026-04-25T21:15:00Z,4,12,10.583333333333334,10.5,12.733333333333334,-0.7333333333333343,8,7.083333333333333,7.3999999999999995,0.6000000000000005,,,2026-04-25T23:29:00Z,L4,78.59549276738491,Airbus,3909,DEL-HYD-🛧DEL-UDR-DEL,,2026-04-25T05:03:46Z,2026-04-25
2026-04-25,34072:5-88475:8,Yet to Report,2026-04-25T12:45:00Z,34072,88475,2026-04-25T13:45:00Z,2026-04-25T23:05:00Z,4,12,10.25,10.333333333333334,11.25,0.75,8,6.25,6.333333333333333,1.666666666666667,-1,-1.25,2026-04-26T00:00:00Z,L4,90.41155542480794,Airbus,5941,NMI-🛧MAA-VTZ-MAA-NMI,,2026-04-25T05:03:46Z,2026-04-25
2026-04-25,40830:8-80722:5,Yet to Report,2026-04-25T14:05:00Z,40830,80722,2026-04-25T15:05:00Z,2026-04-25T22:35:00Z,4,12,8.5,8.5,10.316666666666666,1.6833333333333336,8,5.5,5.916666666666667,2.083333333333333,-1,-0.31666666666666643,2026-04-26T00:24:00Z,L4,90.4115542931142,Airbus,4196,NMI-IXE-NMI-🛧HYD-NMI,,2026-04-25T05:03:46Z,2026-04-25
2026-04-25,66608:7-71977:5,Yet to Report,2026-04-25T14:50:00Z,66608,71977,2026-04-25T15:35:00Z,2026-04-25T22:45:00Z,4,12,7.75,7.916666666666667,9.766666666666666,2.2333333333333343,8,5.666666666666667,6.65,1.3499999999999996,-1,0.23333333333333428,2026-04-26T00:36:00Z,L4,90.41155351568032,ATR,1199,HYD-ISK-AMD-NMI-AMD,,2026-04-25T05:03:46Z,2026-04-25
2026-04-25,66608:7-71977:5,Yet to Report,2026-04-25T14:50:00Z,66608,71977,2026-04-25T15:35:00Z,2026-04-25T22:35:00Z,4,12,7.75,7.75,9.8,2.1999999999999993,8,5.666666666666667,6.683333333333334,1.3166666666666664,-1,0.1999999999999993,2026-04-26T00:38:00Z,L4,90.41155356283205,ATR,1199,HYD-ISK-AMD-NMI-AMD,,2026-04-24T05:35:29Z,2026-04-24
2026-04-25,-69126:6,Yet to Report,2026-04-25T09:45:00Z,,69126,2026-04-25T10:45:00Z,2026-04-25T22:25:00Z,2,13,12.666666666666666,12.666666666666666,13.033333333333333,-0.033333333333333215,9,5.833333333333333,5.983333333333333,3.0166666666666666,,,2026-04-25T22:47:00Z,L4,77.64368201593491,Airbus,D3422,DEL-BLR-DEL-BLR,,2026-04-24T05:35:29Z,2026-04-24
2026-04-25,66608:7-71977:5,Yet to Report,2026-04-25T14:50:00Z,66608,71977,2026-04-25T15:35:00Z,2026-04-25T22:35:00Z,4,12,7.75,7.75,9.8,2.1999999999999993,8,5.666666666666667,6.683333333333334,1.3166666666666664,-1,0.1999999999999993,2026-04-26T00:38:00Z,L4,90.41155356283205,ATR,1199,HYD-ISK-AMD-NMI-AMD,,2026-04-24T05:03:39Z,2026-04-24
2026-04-25,-69126:6,Yet to Report,2026-04-25T09:45:00Z,,69126,2026-04-25T10:45:00Z,2026-04-25T22:25:00Z,2,13,12.666666666666666,12.666666666666666,13.033333333333333,-0.033333333333333215,9,5.833333333333333,5.983333333333333,3.0166666666666666,,,2026-04-25T22:47:00Z,L4,77.64368201593491,Airbus,D3422,DEL-BLR-DEL-BLR,,2026-04-24T05:03:39Z,2026-04-24
2026-04-25,46124:7-90374:5,Reported,2026-04-25T18:50:00Z,46124,90374,2026-04-25T20:05:00Z,2026-04-26T06:35:00Z,1,11,10.666666666666666,11.75,11.75,-0.75,9,4.083333333333333,4.716666666666667,4.283333333333333,,,2026-04-26T06:35:00Z,L4,78.61622532790992,Airbus,F82,BOM-DMM-BOM,,2026-04-26T01:33:55Z,2026-04-26
2026-04-25,66608:7-71977:5,Yet to Report,2026-04-25T14:50:00Z,66608,71977,2026-04-25T15:35:00Z,2026-04-25T22:35:00Z,4,12,7.75,7.75,9.8,2.1999999999999993,8,5.666666666666667,6.683333333333334,1.3166666666666664,-1,0.1999999999999993,2026-04-26T00:38:00Z,L4,90.41155356283205,ATR,1199,HYD-ISK-AMD-NMI-AMD,,2026-04-24T06:06:44Z,2026-04-24
2026-04-25,-69126:6,Yet to Report,2026-04-25T09:45:00Z,,69126,2026-04-25T10:45:00Z,2026-04-25T22:25:00Z,2,13,12.666666666666666,12.666666666666666,13.033333333333333,-0.033333333333333215,9,5.833333333333333,5.983333333333333,3.0166666666666666,,,2026-04-25T22:47:00Z,L4,77.64368201593491,Airbus,D3422,DEL-BLR-DEL-BLR,,2026-04-24T06:06:44Z,2026-04-24
2026-04-25,66608:7-71977:5,Yet to Report,2026-04-25T14:50:00Z,66608,71977,2026-04-25T15:35:00Z,2026-04-25T22:35:00Z,4,12,7.75,7.75,9.8,2.1999999999999993,8,5.666666666666667,6.683333333333334,1.3166666666666664,-1,0.1999999999999993,2026-04-26T00:38:00Z,L4,90.41155356283205,ATR,1199,HYD-ISK-AMD-NMI-AMD,,2026-04-24T06:18:26Z,2026-04-24
2026-04-25,-69126:6,Yet to Report,2026-04-25T09:45:00Z,,69126,2026-04-25T10:45:00Z,2026-04-25T22:25:00Z,2,13,12.666666666666666,12.666666666666666,13.033333333333333,-0.033333333333333215,9,5.833333333333333,5.983333333333333,3.0166666666666666,,,2026-04-25T22:47:00Z,L4,77.64368201593491,Airbus,D3422,DEL-BLR-DEL-BLR,,2026-04-24T06:18:26Z,2026-04-24
2026-04-25,41251:7-,Yet to Report,2026-04-25T14:35:00Z,41251,,2026-04-25T15:35:00Z,2026-04-25T23:05:00Z,4,12,8.416666666666666,8.5,9.75,2.25,8,5.583333333333333,5.716666666666667,2.283333333333333,-1,0.25,2026-04-26T00:20:00Z,L4,90.4115534921041,Airbus,3416,BLR-NAG-🛧BLR-MAA-BLR,,2026-04-25T05:17:58Z,2026-04-25
2026-04-25,41887:6-12651:4,Yet to Report,2026-04-25T07:30:00Z,41887,12651,2026-04-25T08:30:00Z,2026-04-25T19:00:00Z,3,12.5,11.75,11.5,12.933333333333334,-0.43333333333333357,8,6.333333333333333,6,2,,,2026-04-25T20:26:00Z,L4,78.20346792878492,Airbus,4681,BLR-BOM-🛧BLR-AMD-BLR,,2026-04-25T05:17:58Z,2026-04-25
2026-04-25,22464:3-69117:5,Yet to Report,2026-04-25T10:45:00Z,22464,69117,2026-04-25T11:45:00Z,2026-04-25T21:15:00Z,4,12,10.583333333333334,10.5,12.733333333333334,-0.7333333333333343,8,7.083333333333333,7.3999999999999995,0.6000000000000005,,,2026-04-25T23:29:00Z,L4,78.59549276738491,Airbus,3909,DEL-HYD-🛧DEL-UDR-DEL,,2026-04-25T05:17:58Z,2026-04-25
2026-04-25,66608:7-71977:5,Yet to Report,2026-04-25T14:50:00Z,66608,71977,2026-04-25T15:35:00Z,2026-04-25T22:45:00Z,4,12,7.75,7.916666666666667,9.766666666666666,2.2333333333333343,8,5.666666666666667,6.65,1.3499999999999996,-1,0.23333333333333428,2026-04-26T00:36:00Z,L4,90.41155351568032,ATR,1199,HYD-ISK-AMD-NMI-AMD,,2026-04-25T05:17:58Z,2026-04-25
2026-04-25,34072:5-88475:8,Yet to Report,2026-04-25T12:45:00Z,34072,88475,2026-04-25T13:45:00Z,2026-04-25T23:05:00Z,4,12,10.25,10.333333333333334,11.25,0.75,8,6.25,6.333333333333333,1.666666666666667,-1,-1.25,2026-04-26T00:00:00Z,L4,90.41155542480794,Airbus,5941,NMI-🛧MAA-VTZ-MAA-NMI,,2026-04-25T05:17:58Z,2026-04-25
2026-04-25,40830:8-80722:5,Yet to Report,2026-04-25T14:05:00Z,40830,80722,2026-04-25T15:05:00Z,2026-04-25T22:35:00Z,4,12,8.5,8.5,10.316666666666666,1.6833333333333336,8,5.5,5.916666666666667,2.083333333333333,-1,-0.31666666666666643,2026-04-26T00:24:00Z,L4,90.4115542931142,Airbus,4196,NMI-IXE-NMI-🛧HYD-NMI,,2026-04-25T05:17:58Z,2026-04-25
2026-04-25,41887:6-12651:4,Yet to Report,2026-04-25T07:30:00Z,41887,12651,2026-04-25T08:30:00Z,2026-04-25T19:00:00Z,3,12.5,11.75,11.5,12.933333333333334,-0.43333333333333357,8,6.333333333333333,6,2,,,2026-04-25T20:26:00Z,L4,78.20346792878492,Airbus,4681,BLR-BOM-🛧BLR-AMD-BLR,,2026-04-25T05:34:48Z,2026-04-25
2026-04-25,22464:3-69117:5,Yet to Report,2026-04-25T10:45:00Z,22464,69117,2026-04-25T11:45:00Z,2026-04-25T21:15:00Z,4,12,10.583333333333334,10.5,12.733333333333334,-0.7333333333333343,8,7.083333333333333,7.3999999999999995,0.6000000000000005,,,2026-04-25T23:29:00Z,L4,78.59549276738491,Airbus,3909,DEL-HYD-🛧DEL-UDR-DEL,,2026-04-25T05:34:48Z,2026-04-25
2026-04-25,66608:7-71977:5,Yet to Report,2026-04-25T14:50:00Z,66608,71977,2026-04-25T15:35:00Z,2026-04-25T22:45:00Z,4,12,7.75,7.916666666666667,9.766666666666666,2.2333333333333343,8,5.666666666666667,6.65,1.3499999999999996,-1,0.23333333333333428,2026-04-26T00:36:00Z,L4,90.41155351568032,ATR,1199,HYD-ISK-AMD-NMI-AMD,,2026-04-25T05:34:48Z,2026-04-25
2026-04-25,34072:5-88475:8,Yet to Report,2026-04-25T12:45:00Z,34072,88475,2026-04-25T13:45:00Z,2026-04-25T23:05:00Z,4,12,10.25,10.333333333333334,11.25,0.75,8,6.25,6.333333333333333,1.666666666666667,-1,-1.25,2026-04-26T00:00:00Z,L4,90.41155542480794,Airbus,5941,NMI-🛧MAA-VTZ-MAA-NMI,,2026-04-25T05:34:48Z,2026-04-25
2026-04-25,40830:8-80722:5,Yet to Report,2026-04-25T14:05:00Z,40830,80722,2026-04-25T15:05:00Z,2026-04-25T22:35:00Z,4,12,8.5,8.5,10.316666666666666,1.6833333333333336,8,5.5,5.916666666666667,2.083333333333333,-1,-0.31666666666666643,2026-04-26T00:24:00Z,L4,90.4115542931142,Airbus,4196,NMI-IXE-NMI-🛧HYD-NMI,,2026-04-25T05:34:48Z,2026-04-25
2026-04-25,41251:7-,Yet to Report,2026-04-25T14:35:00Z,41251,,2026-04-25T15:35:00Z,2026-04-25T23:05:00Z,4,12,8.416666666666666,8.5,9.75,2.25,8,5.583333333333333,5.716666666666667,2.283333333333333,-1,0.25,2026-04-26T00:20:00Z,L4,90.4115534921041,Airbus,3416,BLR-NAG-🛧BLR-MAA-BLR,,2026-04-25T05:34:48Z,2026-04-25
2026-04-25,46124:7-90374:5,Reported,2026-04-25T18:50:00Z,46124,90374,2026-04-25T20:05:00Z,2026-04-26T06:04:00Z,1,11,10.666666666666666,11.233333333333333,11.233333333333333,-0.2333333333333325,9,4.083333333333333,4.716666666666667,4.283333333333333,,,2026-04-26T06:04:00Z,L4,77.92681182790992,Airbus,F82,BOM-DMM-BOM,,2026-04-26T02:05:38Z,2026-04-26
2026-04-25,66608:7-71977:5,Yet to Report,2026-04-25T14:50:00Z,66608,71977,2026-04-25T15:35:00Z,2026-04-25T22:35:00Z,4,12,7.75,7.75,9.8,2.1999999999999993,8,5.666666666666667,6.683333333333334,1.3166666666666664,-1,0.1999999999999993,2026-04-26T00:38:00Z,L4,90.41155356283205,ATR,1199,HYD-ISK-AMD-NMI-AMD,,2026-04-24T06:33:44Z,2026-04-24
2026-04-25,-69126:6,Yet to Report,2026-04-25T09:45:00Z,,69126,2026-04-25T10:45:00Z,2026-04-25T22:25:00Z,2,13,12.666666666666666,12.666666666666666,13.033333333333333,-0.033333333333333215,9,5.833333333333333,5.983333333333333,3.0166666666666666,,,2026-04-25T22:47:00Z,L4,77.64368201593491,Airbus,D3422,DEL-BLR-DEL-BLR,,2026-04-24T06:33:44Z,2026-04-24
2026-04-25,41887:6-12651:4,Yet to Report,2026-04-25T07:30:00Z,41887,12651,2026-04-25T08:30:00Z,2026-04-25T19:00:00Z,3,12.5,11.75,11.5,12.933333333333334,-0.43333333333333357,8,6.333333333333333,6,2,,,2026-04-25T20:26:00Z,L4,78.20346792878492,Airbus,4681,BLR-BOM-🛧BLR-AMD-BLR,,2026-04-25T05:49:24Z,2026-04-25
2026-04-25,22464:3-69117:5,Yet to Report,2026-04-25T10:45:00Z,22464,69117,2026-04-25T11:45:00Z,2026-04-25T21:15:00Z,4,12,10.583333333333334,10.5,12.733333333333334,-0.7333333333333343,8,7.083333333333333,7.3999999999999995,0.6000000000000005,,,2026-04-25T23:29:00Z,L4,78.59549276738491,Airbus,3909,DEL-HYD-🛧DEL-UDR-DEL,,2026-04-25T05:49:24Z,2026-04-25
2026-04-25,66608:7-71977:5,Yet to Report,2026-04-25T14:50:00Z,66608,71977,2026-04-25T15:35:00Z,2026-04-25T22:45:00Z,4,12,7.75,7.916666666666667,9.766666666666666,2.2333333333333343,8,5.666666666666667,6.65,1.3499999999999996,-1,0.23333333333333428,2026-04-26T00:36:00Z,L4,90.41155351568032,ATR,1199,HYD-ISK-AMD-NMI-AMD,,2026-04-25T05:49:24Z,2026-04-25
2026-04-25,34072:5-88475:8,Yet to Report,2026-04-25T12:45:00Z,34072,88475,2026-04-25T13:45:00Z,2026-04-25T23:05:00Z,4,12,10.25,10.333333333333334,11.25,0.75,8,6.25,6.333333333333333,1.666666666666667,-1,-1.25,2026-04-26T00:00:00Z,L4,90.41155542480794,Airbus,5941,NMI-🛧MAA-VTZ-MAA-NMI,,2026-04-25T05:49:24Z,2026-04-25
2026-04-25,40830:8-80722:5,Yet to Report,2026-04-25T14:05:00Z,40830,80722,2026-04-25T15:05:00Z,2026-04-25T22:35:00Z,4,12,8.5,8.5,10.316666666666666,1.6833333333333336,8,5.5,5.916666666666667,2.083333333333333,-1,-0.31666666666666643,2026-04-26T00:24:00Z,L4,90.4115542931142,Airbus,4196,NMI-IXE-NMI-🛧HYD-NMI,,2026-04-25T05:49:24Z,2026-04-25
2026-04-25,41251:7-,Yet to Report,2026-04-25T14:35:00Z,41251,,2026-04-25T15:35:00Z,2026-04-25T23:05:00Z,4,12,8.416666666666666,8.5,9.75,2.25,8,5.583333333333333,5.716666666666667,2.283333333333333,-1,0.25,2026-04-26T00:20:00Z,L4,90.4115534921041,Airbus,3416,BLR-NAG-🛧BLR-MAA-BLR,,2026-04-25T05:49:24Z,2026-04-25
2026-04-25,46124:7-90374:5,Reported,2026-04-25T18:50:00Z,46124,90374,2026-04-25T20:05:00Z,2026-04-26T06:04:00Z,1,11,10.666666666666666,11.233333333333333,11.233333333333333,-0.2333333333333325,9,4.083333333333333,4.699999999999999,4.300000000000001,,,2026-04-26T06:04:00Z,L4,77.92681182675992,Airbus,F82,BOM-DMM-BOM,,2026-04-26T02:18:14Z,2026-04-26
2026-04-25,66608:7-71977:5,Yet to Report,2026-04-25T14:50:00Z,66608,71977,2026-04-25T15:35:00Z,2026-04-25T22:35:00Z,4,12,7.75,7.75,9.8,2.1999999999999993,8,5.666666666666667,6.683333333333334,1.3166666666666664,-1,0.1999999999999993,2026-04-26T00:38:00Z,L4,90.41155356283205,ATR,1199,HYD-ISK-AMD-NMI-AMD,,2026-04-24T07:18:28Z,2026-04-24
2026-04-25,-69126:6,Yet to Report,2026-04-25T09:45:00Z,,69126,2026-04-25T10:45:00Z,2026-04-25T22:25:00Z,2,13,12.666666666666666,12.666666666666666,13.033333333333333,-0.033333333333333215,9,5.833333333333333,5.983333333333333,3.0166666666666666,,,2026-04-25T22:47:00Z,L4,77.64368201593491,Airbus,D3422,DEL-BLR-DEL-BLR,,2026-04-24T07:18:28Z,2026-04-24
2026-04-25,41887:6-12651:4,Yet to Report,2026-04-25T07:30:00Z,41887,12651,2026-04-25T08:30:00Z,2026-04-25T19:00:00Z,3,12.5,11.75,11.5,12.933333333333334,-0.43333333333333357,8,6.333333333333333,6,2,,,2026-04-25T20:26:00Z,L4,78.20346792878492,Airbus,4681,BLR-BOM-🛧BLR-AMD-BLR,,2026-04-25T06:34:12Z,2026-04-25
2026-04-25,22464:3-69117:5,Yet to Report,2026-04-25T10:45:00Z,22464,69117,2026-04-25T11:45:00Z,2026-04-25T21:15:00Z,4,12,10.583333333333334,10.5,12.733333333333334,-0.7333333333333343,8,7.083333333333333,7.3999999999999995,0.6000000000000005,,,2026-04-25T23:29:00Z,L4,78.59549276738491,Airbus,3909,DEL-HYD-🛧DEL-UDR-DEL,,2026-04-25T06:34:12Z,2026-04-25
2026-04-25,66608:7-71977:5,Yet to Report,2026-04-25T14:50:00Z,66608,71977,2026-04-25T15:35:00Z,2026-04-25T22:45:00Z,4,12,7.75,7.916666666666667,9.766666666666666,2.2333333333333343,8,5.666666666666667,6.65,1.3499999999999996,-1,0.23333333333333428,2026-04-26T00:36:00Z,L4,90.41155351568032,ATR,1199,HYD-ISK-AMD-NMI-AMD,,2026-04-25T06:34:12Z,2026-04-25
2026-04-25,34072:5-88475:8,Yet to Report,2026-04-25T12:45:00Z,34072,88475,2026-04-25T13:45:00Z,2026-04-25T23:05:00Z,4,12,10.25,10.333333333333334,11.25,0.75,8,6.25,6.333333333333333,1.666666666666667,-1,-1.25,2026-04-26T00:00:00Z,L4,90.41155542480794,Airbus,5941,NMI-🛧MAA-VTZ-MAA-NMI,,2026-04-25T06:34:12Z,2026-04-25
2026-04-25,40830:8-80722:5,Yet to Report,2026-04-25T14:05:00Z,40830,80722,2026-04-25T15:05:00Z,2026-04-25T22:35:00Z,4,12,8.5,8.5,10.316666666666666,1.6833333333333336,8,5.5,5.916666666666667,2.083333333333333,-1,-0.31666666666666643,2026-04-26T00:24:00Z,L4,90.4115542931142,Airbus,4196,NMI-IXE-NMI-🛧HYD-NMI,,2026-04-25T06:34:12Z,2026-04-25
2026-04-25,41251:7-,Yet to Report,2026-04-25T14:35:00Z,41251,,2026-04-25T15:35:00Z,2026-04-25T23:05:00Z,4,12,8.416666666666666,8.5,9.75,2.25,8,5.583333333333333,5.716666666666667,2.283333333333333,-1,0.25,2026-04-26T00:20:00Z,L4,90.4115534921041,Airbus,3416,BLR-NAG-🛧BLR-MAA-BLR,,2026-04-25T06:34:12Z,2026-04-25
2026-04-25,41887:6-12651:4,Yet to Report,2026-04-25T07:30:00Z,41887,12651,2026-04-25T08:30:00Z,2026-04-25T19:00:00Z,3,12.5,11.75,11.5,12.933333333333334,-0.43333333333333357,8,6.333333333333333,6,2,,,2026-04-25T20:26:00Z,L4,78.20346792878492,Airbus,4681,BLR-BOM-🛧BLR-AMD-BLR,,2026-04-25T06:06:00Z,2026-04-25
2026-04-25,22464:3-69117:5,Yet to Report,2026-04-25T10:45:00Z,22464,69117,2026-04-25T11:45:00Z,2026-04-25T21:15:00Z,4,12,10.583333333333334,10.5,12.733333333333334,-0.7333333333333343,8,7.083333333333333,7.3999999999999995,0.6000000000000005,,,2026-04-25T23:29:00Z,L4,78.59549276738491,Airbus,3909,DEL-HYD-🛧DEL-UDR-DEL,,2026-04-25T06:06:00Z,2026-04-25
2026-04-25,66608:7-71977:5,Yet to Report,2026-04-25T14:50:00Z,66608,71977,2026-04-25T15:35:00Z,2026-04-25T22:45:00Z,4,12,7.75,7.916666666666667,9.766666666666666,2.2333333333333343,8,5.666666666666667,6.65,1.3499999999999996,-1,0.23333333333333428,2026-04-26T00:36:00Z,L4,90.41155351568032,ATR,1199,HYD-ISK-AMD-NMI-AMD,,2026-04-25T06:06:00Z,2026-04-25
2026-04-25,34072:5-88475:8,Yet to Report,2026-04-25T12:45:00Z,34072,88475,2026-04-25T13:45:00Z,2026-04-25T23:05:00Z,4,12,10.25,10.333333333333334,11.25,0.75,8,6.25,6.333333333333333,1.666666666666667,-1,-1.25,2026-04-26T00:00:00Z,L4,90.41155542480794,Airbus,5941,NMI-🛧MAA-VTZ-MAA-NMI,,2026-04-25T06:06:00Z,2026-04-25
2026-04-25,40830:8-80722:5,Yet to Report,2026-04-25T14:05:00Z,40830,80722,2026-04-25T15:05:00Z,2026-04-25T22:35:00Z,4,12,8.5,8.5,10.316666666666666,1.6833333333333336,8,5.5,5.916666666666667,2.083333333333333,-1,-0.31666666666666643,2026-04-26T00:24:00Z,L4,90.4115542931142,Airbus,4196,NMI-IXE-NMI-🛧HYD-NMI,,2026-04-25T06:06:00Z,2026-04-25
2026-04-25,41251:7-,Yet to Report,2026-04-25T14:35:00Z,41251,,2026-04-25T15:35:00Z,2026-04-25T23:05:00Z,4,12,8.416666666666666,8.5,9.75,2.25,8,5.583333333333333,5.716666666666667,2.283333333333333,-1,0.25,2026-04-26T00:20:00Z,L4,90.4115534921041,Airbus,3416,BLR-NAG-🛧BLR-MAA-BLR,,2026-04-25T06:06:00Z,2026-04-25
2026-04-25,66608:7-71977:5,Yet to Report,2026-04-25T14:50:00Z,66608,71977,2026-04-25T15:35:00Z,2026-04-25T22:35:00Z,4,12,7.75,7.75,9.8,2.1999999999999993,8,5.666666666666667,6.683333333333334,1.3166666666666664,-1,0.1999999999999993,2026-04-26T00:38:00Z,L4,90.41155356283205,ATR,1199,HYD-ISK-AMD-NMI-AMD,,2026-04-24T06:48:25Z,2026-04-24
2026-04-25,-69126:6,Yet to Report,2026-04-25T09:45:00Z,,69126,2026-04-25T10:45:00Z,2026-04-25T22:25:00Z,2,13,12.666666666666666,12.666666666666666,13.033333333333333,-0.033333333333333215,9,5.833333333333333,5.983333333333333,3.0166666666666666,,,2026-04-25T22:47:00Z,L4,77.64368201593491,Airbus,D3422,DEL-BLR-DEL-BLR,,2026-04-24T06:48:25Z,2026-04-24
2026-04-25,66608:7-71977:5,Yet to Report,2026-04-25T14:50:00Z,66608,71977,2026-04-25T15:35:00Z,2026-04-25T22:35:00Z,4,12,7.75,7.75,9.8,2.1999999999999993,8,5.666666666666667,6.683333333333334,1.3166666666666664,-1,0.1999999999999993,2026-04-26T00:38:00Z,L4,90.41155356283205,ATR,1199,HYD-ISK-AMD-NMI-AMD,,2026-04-24T07:05:28Z,2026-04-24
2026-04-25,-69126:6,Yet to Report,2026-04-25T09:45:00Z,,69126,2026-04-25T10:45:00Z,2026-04-25T22:25:00Z,2,13,12.666666666666666,12.666666666666666,13.033333333333333,-0.033333333333333215,9,5.833333333333333,5.983333333333333,3.0166666666666666,,,2026-04-25T22:47:00Z,L4,77.64368201593491,Airbus,D3422,DEL-BLR-DEL-BLR,,2026-04-24T07:05:28Z,2026-04-24
2026-04-25,46124:7-90374:5,Reported,2026-04-25T18:50:00Z,46124,90374,2026-04-25T20:05:00Z,2026-04-26T06:04:00Z,1,11,10.666666666666666,11.233333333333333,11.233333333333333,-0.2333333333333325,9,4.083333333333333,4.699999999999999,4.300000000000001,,,2026-04-26T06:04:00Z,L4,77.92681182675992,Airbus,F82,BOM-DMM-BOM,,2026-04-26T02:33:51Z,2026-04-26
2026-04-25,41887:6-12651:4,Yet to Report,2026-04-25T07:30:00Z,41887,12651,2026-04-25T08:30:00Z,2026-04-25T19:00:00Z,3,12.5,11.75,11.5,12.933333333333334,-0.43333333333333357,8,6.333333333333333,6,2,,,2026-04-25T20:26:00Z,L4,78.20346792878492,Airbus,4681,BLR-BOM-🛧BLR-AMD-BLR,,2026-04-25T06:17:56Z,2026-04-25
2026-04-25,22464:3-69117:5,Yet to Report,2026-04-25T10:45:00Z,22464,69117,2026-04-25T11:45:00Z,2026-04-25T21:15:00Z,4,12,10.583333333333334,10.5,12.733333333333334,-0.7333333333333343,8,7.083333333333333,7.3999999999999995,0.6000000000000005,,,2026-04-25T23:29:00Z,L4,78.59549276738491,Airbus,3909,DEL-HYD-🛧DEL-UDR-DEL,,2026-04-25T06:17:56Z,2026-04-25
2026-04-25,66608:7-71977:5,Yet to Report,2026-04-25T14:50:00Z,66608,71977,2026-04-25T15:35:00Z,2026-04-25T22:45:00Z,4,12,7.75,7.916666666666667,9.766666666666666,2.2333333333333343,8,5.666666666666667,6.65,1.3499999999999996,-1,0.23333333333333428,2026-04-26T00:36:00Z,L4,90.41155351568032,ATR,1199,HYD-ISK-AMD-NMI-AMD,,2026-04-25T06:17:56Z,2026-04-25
2026-04-25,34072:5-88475:8,Yet to Report,2026-04-25T12:45:00Z,34072,88475,2026-04-25T13:45:00Z,2026-04-25T23:05:00Z,4,12,10.25,10.333333333333334,11.25,0.75,8,6.25,6.333333333333333,1.666666666666667,-1,-1.25,2026-04-26T00:00:00Z,L4,90.41155542480794,Airbus,5941,NMI-🛧MAA-VTZ-MAA-NMI,,2026-04-25T06:17:56Z,2026-04-25
2026-04-25,40830:8-80722:5,Yet to Report,2026-04-25T14:05:00Z,40830,80722,2026-04-25T15:05:00Z,2026-04-25T22:35:00Z,4,12,8.5,8.5,10.316666666666666,1.6833333333333336,8,5.5,5.916666666666667,2.083333333333333,-1,-0.31666666666666643,2026-04-26T00:24:00Z,L4,90.4115542931142,Airbus,4196,NMI-IXE-NMI-🛧HYD-NMI,,2026-04-25T06:17:56Z,2026-04-25
2026-04-25,41251:7-,Yet to Report,2026-04-25T14:35:00Z,41251,,2026-04-25T15:35:00Z,2026-04-25T23:05:00Z,4,12,8.416666666666666,8.5,9.75,2.25,8,5.583333333333333,5.716666666666667,2.283333333333333,-1,0.25,2026-04-26T00:20:00Z,L4,90.4115534921041,Airbus,3416,BLR-NAG-🛧BLR-MAA-BLR,,2026-04-25T06:17:56Z,2026-04-25
2026-04-25,46124:7-90374:5,Reported,2026-04-25T18:50:00Z,46124,90374,2026-04-25T20:05:00Z,2026-04-26T06:04:00Z,1,11,10.666666666666666,11.233333333333333,11.233333333333333,-0.2333333333333325,9,4.083333333333333,4.699999999999999,4.300000000000001,,,2026-04-26T06:04:00Z,L4,77.92681182675992,Airbus,F82,BOM-DMM-BOM,,2026-04-26T02:48:39Z,2026-04-26
2026-04-25,46124:7-90374:5,Reported,2026-04-25T18:50:00Z,46124,90374,2026-04-25T20:05:00Z,2026-04-26T06:04:00Z,1,11,10.666666666666666,11.233333333333333,11.233333333333333,-0.2333333333333325,9,4.083333333333333,4.699999999999999,4.300000000000001,,,2026-04-26T06:04:00Z,L4,77.92681182675992,Airbus,F82,BOM-DMM-BOM,,2026-04-26T03:48:40Z,2026-04-26
2026-04-25,46124:7-90374:5,Reported,2026-04-25T18:50:00Z,46124,90374,2026-04-25T20:05:00Z,2026-04-26T06:04:00Z,1,11,10.666666666666666,11.233333333333333,11.233333333333333,-0.2333333333333325,9,4.083333333333333,4.699999999999999,4.300000000000001,,,2026-04-26T06:04:00Z,L4,77.92681182675992,Airbus,F82,BOM-DMM-BOM,,2026-04-26T04:17:51Z,2026-04-26
2026-04-25,41887:6-12651:4,Yet to Report,2026-04-25T07:30:00Z,41887,12651,2026-04-25T08:30:00Z,2026-04-25T19:00:00Z,3,12.5,11.75,11.5,12.933333333333334,-0.43333333333333357,8,6.333333333333333,6,2,,,2026-04-25T20:26:00Z,L4,78.20346792878492,Airbus,4681,BLR-BOM-🛧BLR-AMD-BLR,,2026-04-25T07:06:11Z,2026-04-25
2026-04-25,22464:3-69117:5,Yet to Report,2026-04-25T10:45:00Z,22464,69117,2026-04-25T11:45:00Z,2026-04-25T21:15:00Z,4,12,10.583333333333334,10.5,12.733333333333334,-0.7333333333333343,8,7.083333333333333,7.3999999999999995,0.6000000000000005,,,2026-04-25T23:29:00Z,L4,78.59549276738491,Airbus,3909,DEL-HYD-🛧DEL-UDR-DEL,,2026-04-25T07:06:11Z,2026-04-25
2026-04-25,66608:7-71977:5,Yet to Report,2026-04-25T14:50:00Z,66608,71977,2026-04-25T15:35:00Z,2026-04-25T22:45:00Z,4,12,7.75,7.916666666666667,9.766666666666666,2.2333333333333343,8,5.666666666666667,6.65,1.3499999999999996,-1,0.23333333333333428,2026-04-26T00:36:00Z,L4,90.41155351568032,ATR,1199,HYD-ISK-AMD-NMI-AMD,,2026-04-25T07:06:11Z,2026-04-25
2026-04-25,34072:5-88475:8,Yet to Report,2026-04-25T12:45:00Z,34072,88475,2026-04-25T13:45:00Z,2026-04-25T23:05:00Z,4,12,10.25,10.333333333333334,11.25,0.75,8,6.25,6.333333333333333,1.666666666666667,-1,-1.25,2026-04-26T00:00:00Z,L4,90.41155542480794,Airbus,5941,NMI-🛧MAA-VTZ-MAA-NMI,,2026-04-25T07:06:11Z,2026-04-25
2026-04-25,40830:8-80722:5,Yet to Report,2026-04-25T14:05:00Z,40830,80722,2026-04-25T15:05:00Z,2026-04-25T22:35:00Z,4,12,8.5,8.5,10.316666666666666,1.6833333333333336,8,5.5,5.916666666666667,2.083333333333333,-1,-0.31666666666666643,2026-04-26T00:24:00Z,L4,90.4115542931142,Airbus,4196,NMI-IXE-NMI-🛧HYD-NMI,,2026-04-25T07:06:11Z,2026-04-25
2026-04-25,41251:7-,Yet to Report,2026-04-25T14:35:00Z,41251,,2026-04-25T15:35:00Z,2026-04-25T23:05:00Z,4,12,8.416666666666666,8.5,9.75,2.25,8,5.583333333333333,5.716666666666667,2.283333333333333,-1,0.25,2026-04-26T00:20:00Z,L4,90.4115534921041,Airbus,3416,BLR-NAG-🛧BLR-MAA-BLR,,2026-04-25T07:06:11Z,2026-04-25
2026-04-25,46124:7-90374:5,Reported,2026-04-25T18:50:00Z,46124,90374,2026-04-25T20:05:00Z,2026-04-26T06:04:00Z,1,11,10.666666666666666,11.233333333333333,11.233333333333333,-0.2333333333333325,9,4.083333333333333,4.699999999999999,4.300000000000001,,,2026-04-26T06:04:00Z,L4,77.92681182675992,Airbus,F82,BOM-DMM-BOM,,2026-04-26T04:48:36Z,2026-04-26
2026-04-25,46124:7-90374:5,Reported,2026-04-25T18:50:00Z,46124,90374,2026-04-25T20:05:00Z,2026-04-26T06:04:00Z,1,11,10.666666666666666,11.233333333333333,11.233333333333333,-0.2333333333333325,9,4.083333333333333,4.699999999999999,4.300000000000001,,,2026-04-26T06:04:00Z,L4,77.92681182675992,Airbus,F82,BOM-DMM-BOM,,2026-04-26T04:06:10Z,2026-04-26
2026-04-25,46124:7-90374:5,Reported,2026-04-25T18:50:00Z,46124,90374,2026-04-25T20:05:00Z,2026-04-26T06:04:00Z,1,11,10.666666666666666,11.233333333333333,11.233333333333333,-0.2333333333333325,9,4.083333333333333,4.699999999999999,4.300000000000001,,,2026-04-26T06:04:00Z,L4,77.92681182675992,Airbus,F82,BOM-DMM-BOM,,2026-04-26T03:34:07Z,2026-04-26
2026-04-25,41251:7-,Yet to Report,2026-04-25T14:35:00Z,41251,,2026-04-25T15:35:00Z,2026-04-25T23:05:00Z,4,12,8.416666666666666,8.5,9.75,2.25,8,5.583333333333333,5.716666666666667,2.283333333333333,-1,0.25,2026-04-26T00:20:00Z,L4,90.4115534921041,Airbus,3416,BLR-NAG-🛧BLR-MAA-BLR,,2026-04-25T07:18:12Z,2026-04-25
2026-04-25,41887:6-12651:4,Yet to Report,2026-04-25T07:30:00Z,41887,12651,2026-04-25T08:30:00Z,2026-04-25T19:00:00Z,3,12.5,11.75,11.5,12.933333333333334,-0.43333333333333357,8,6.333333333333333,6,2,,,2026-04-25T20:26:00Z,L4,78.20346792878492,Airbus,4681,BLR-BOM-🛧BLR-AMD-BLR,,2026-04-25T07:18:12Z,2026-04-25
2026-04-25,22464:3-69117:5,Yet to Report,2026-04-25T10:45:00Z,22464,69117,2026-04-25T11:45:00Z,2026-04-25T21:15:00Z,4,12,10.583333333333334,10.5,12.733333333333334,-0.7333333333333343,8,7.083333333333333,7.3999999999999995,0.6000000000000005,,,2026-04-25T23:29:00Z,L4,78.59549276738491,Airbus,3909,DEL-HYD-🛧DEL-UDR-DEL,,2026-04-25T07:18:12Z,2026-04-25
2026-04-25,66608:7-71977:5,Yet to Report,2026-04-25T14:50:00Z,66608,71977,2026-04-25T15:35:00Z,2026-04-25T22:45:00Z,4,12,7.75,7.916666666666667,9.766666666666666,2.2333333333333343,8,5.666666666666667,6.65,1.3499999999999996,-1,0.23333333333333428,2026-04-26T00:36:00Z,L4,90.41155351568032,ATR,1199,HYD-ISK-AMD-NMI-AMD,,2026-04-25T07:18:12Z,2026-04-25
2026-04-25,34072:5-88475:8,Yet to Report,2026-04-25T12:45:00Z,34072,88475,2026-04-25T13:45:00Z,2026-04-25T23:05:00Z,4,12,10.25,10.333333333333334,11.533333333333333,0.4666666666666668,8,6.25,6.333333333333333,1.666666666666667,-1,-1.5333333333333332,2026-04-26T00:17:00Z,L4,90.41155568244474,Airbus,5941,NMI-🛧MAA-VTZ-🛧MAA-NMI,,2026-04-25T07:18:12Z,2026-04-25
2026-04-25,40830:8-80722:5,Yet to Report,2026-04-25T14:05:00Z,40830,80722,2026-04-25T15:05:00Z,2026-04-25T22:35:00Z,4,12,8.5,8.5,10.316666666666666,1.6833333333333336,8,5.5,5.916666666666667,2.083333333333333,-1,-0.31666666666666643,2026-04-26T00:24:00Z,L4,90.4115542931142,Airbus,4196,NMI-IXE-NMI-🛧HYD-NMI,,2026-04-25T07:18:12Z,2026-04-25
2026-04-25,46124:7-90374:5,Reported,2026-04-25T18:50:00Z,46124,90374,2026-04-25T20:05:00Z,2026-04-26T06:04:00Z,1,11,10.666666666666666,11.233333333333333,11.233333333333333,-0.2333333333333325,9,4.083333333333333,4.699999999999999,4.300000000000001,,,2026-04-26T06:04:00Z,L4,77.92681182675992,Airbus,F82,BOM-DMM-BOM,,2026-04-26T04:33:39Z,2026-04-26
2026-04-25,41887:6-12651:4,Yet to Report,2026-04-25T07:30:00Z,41887,12651,2026-04-25T08:30:00Z,2026-04-25T19:00:00Z,3,12.5,11.75,11.5,12.933333333333334,-0.43333333333333357,8,6.333333333333333,6,2,,,2026-04-25T20:26:00Z,L4,78.20346792878492,Airbus,4681,BLR-BOM-🛧BLR-AMD-BLR,,2026-04-25T06:48:28Z,2026-04-25
2026-04-25,22464:3-69117:5,Yet to Report,2026-04-25T10:45:00Z,22464,69117,2026-04-25T11:45:00Z,2026-04-25T21:15:00Z,4,12,10.583333333333334,10.5,12.733333333333334,-0.7333333333333343,8,7.083333333333333,7.3999999999999995,0.6000000000000005,,,2026-04-25T23:29:00Z,L4,78.59549276738491,Airbus,3909,DEL-HYD-🛧DEL-UDR-DEL,,2026-04-25T06:48:28Z,2026-04-25
2026-04-25,66608:7-71977:5,Yet to Report,2026-04-25T14:50:00Z,66608,71977,2026-04-25T15:35:00Z,2026-04-25T22:45:00Z,4,12,7.75,7.916666666666667,9.766666666666666,2.2333333333333343,8,5.666666666666667,6.65,1.3499999999999996,-1,0.23333333333333428,2026-04-26T00:36:00Z,L4,90.41155351568032,ATR,1199,HYD-ISK-AMD-NMI-AMD,,2026-04-25T06:48:28Z,2026-04-25
2026-04-25,34072:5-88475:8,Yet to Report,2026-04-25T12:45:00Z,34072,88475,2026-04-25T13:45:00Z,2026-04-25T23:05:00Z,4,12,10.25,10.333333333333334,11.25,0.75,8,6.25,6.333333333333333,1.666666666666667,-1,-1.25,2026-04-26T00:00:00Z,L4,90.41155542480794,Airbus,5941,NMI-🛧MAA-VTZ-MAA-NMI,,2026-04-25T06:48:28Z,2026-04-25
2026-04-25,40830:8-80722:5,Yet to Report,2026-04-25T14:05:00Z,40830,80722,2026-04-25T15:05:00Z,2026-04-25T22:35:00Z,4,12,8.5,8.5,10.316666666666666,1.6833333333333336,8,5.5,5.916666666666667,2.083333333333333,-1,-0.31666666666666643,2026-04-26T00:24:00Z,L4,90.4115542931142,Airbus,4196,NMI-IXE-NMI-🛧HYD-NMI,,2026-04-25T06:48:28Z,2026-04-25
2026-04-25,41251:7-,Yet to Report,2026-04-25T14:35:00Z,41251,,2026-04-25T15:35:00Z,2026-04-25T23:05:00Z,4,12,8.416666666666666,8.5,9.75,2.25,8,5.583333333333333,5.716666666666667,2.283333333333333,-1,0.25,2026-04-26T00:20:00Z,L4,90.4115534921041,Airbus,3416,BLR-NAG-🛧BLR-MAA-BLR,,2026-04-25T06:48:28Z,2026-04-25
2026-04-25,46124:7-90374:5,Reported,2026-04-25T18:50:00Z,46124,90374,2026-04-25T20:05:00Z,2026-04-26T06:04:00Z,1,11,10.666666666666666,11.233333333333333,11.233333333333333,-0.2333333333333325,9,4.083333333333333,4.699999999999999,4.300000000000001,,,2026-04-26T06:04:00Z,L4,77.92681182675992,Airbus,F82,BOM-DMM-BOM,,2026-04-26T03:17:57Z,2026-04-26
2026-04-25,46124:7-90374:5,Reported,2026-04-25T18:50:00Z,46124,90374,2026-04-25T20:05:00Z,2026-04-26T06:04:00Z,1,11,10.666666666666666,11.233333333333333,11.233333333333333,-0.2333333333333325,9,4.083333333333333,4.699999999999999,4.300000000000001,,,2026-04-26T06:04:00Z,L4,77.92681182675992,Airbus,F82,BOM-DMM-BOM,,2026-04-26T03:04:28Z,2026-04-26
2026-04-25,66608:7-71977:5,Yet to Report,2026-04-25T14:50:00Z,66608,71977,2026-04-25T15:35:00Z,2026-04-25T22:35:00Z,4,12,7.75,7.75,9.8,2.1999999999999993,8,5.666666666666667,6.683333333333334,1.3166666666666664,-1,0.1999999999999993,2026-04-26T00:38:00Z,L4,90.41155356283205,ATR,1199,HYD-ISK-AMD-NMI-AMD,,2026-04-24T07:34:03Z,2026-04-24
2026-04-25,-69126:6,Yet to Report,2026-04-25T09:45:00Z,,69126,2026-04-25T10:45:00Z,2026-04-25T22:25:00Z,2,13,12.666666666666666,12.666666666666666,13.033333333333333,-0.033333333333333215,9,5.833333333333333,5.983333333333333,3.0166666666666666,,,2026-04-25T22:47:00Z,L4,77.64368201593491,Airbus,D3422,DEL-BLR-DEL-BLR,,2026-04-24T07:34:03Z,2026-04-24
2026-04-25,41251:7-,Yet to Report,2026-04-25T14:35:00Z,41251,,2026-04-25T15:35:00Z,2026-04-25T23:05:00Z,4,12,8.416666666666666,8.5,9.75,2.25,8,5.583333333333333,5.716666666666667,2.283333333333333,-1,0.25,2026-04-26T00:20:00Z,L4,90.4115534921041,Airbus,3416,BLR-NAG-🛧BLR-MAA-BLR,,2026-04-25T07:34:52Z,2026-04-25
2026-04-25,41887:6-12651:4,Yet to Report,2026-04-25T07:30:00Z,41887,12651,2026-04-25T08:30:00Z,2026-04-25T19:00:00Z,3,12.5,11.75,11.5,12.933333333333334,-0.43333333333333357,8,6.333333333333333,6,2,,,2026-04-25T20:26:00Z,L4,78.20346792878492,Airbus,4681,BLR-BOM-🛧BLR-AMD-BLR,,2026-04-25T07:34:52Z,2026-04-25
2026-04-25,22464:3-69117:5,Yet to Report,2026-04-25T10:45:00Z,22464,69117,2026-04-25T11:45:00Z,2026-04-25T21:15:00Z,4,12,10.583333333333334,10.5,12.733333333333334,-0.7333333333333343,8,7.083333333333333,7.3999999999999995,0.6000000000000005,,,2026-04-25T23:29:00Z,L4,78.59549276738491,Airbus,3909,DEL-HYD-🛧DEL-UDR-DEL,,2026-04-25T07:34:52Z,2026-04-25
2026-04-25,66608:7-71977:5,Yet to Report,2026-04-25T14:50:00Z,66608,71977,2026-04-25T15:35:00Z,2026-04-25T22:45:00Z,4,12,7.75,7.916666666666667,9.766666666666666,2.2333333333333343,8,5.666666666666667,6.65,1.3499999999999996,-1,0.23333333333333428,2026-04-26T00:36:00Z,L4,90.41155351568032,ATR,1199,HYD-ISK-AMD-NMI-AMD,,2026-04-25T07:34:52Z,2026-04-25
2026-04-25,34072:5-88475:8,Yet to Report,2026-04-25T12:45:00Z,34072,88475,2026-04-25T13:45:00Z,2026-04-25T23:05:00Z,4,12,10.25,10.333333333333334,11.533333333333333,0.4666666666666668,8,6.25,6.333333333333333,1.666666666666667,-1,-1.5333333333333332,2026-04-26T00:17:00Z,L4,90.41155568244474,Airbus,5941,NMI-🛧MAA-VTZ-🛧MAA-NMI,,2026-04-25T07:34:52Z,2026-04-25
2026-04-25,40830:8-80722:5,Yet to Report,2026-04-25T14:05:00Z,40830,80722,2026-04-25T15:05:00Z,2026-04-25T22:35:00Z,4,12,8.5,8.5,10.316666666666666,1.6833333333333336,8,5.5,5.916666666666667,2.083333333333333,-1,-0.31666666666666643,2026-04-26T00:24:00Z,L4,90.4115542931142,Airbus,4196,NMI-IXE-NMI-🛧HYD-NMI,,2026-04-25T07:34:52Z,2026-04-25
2026-04-25,78505:5-71974:8,Reported,2026-04-25T05:55:00Z,78505,71974,2026-04-25T06:40:00Z,2026-04-25T14:50:00Z,4,10,8.916666666666666,8.916666666666666,9.116666666666665,0.8833333333333346,7,6.833333333333333,7.05,-0.04999999999999982,,,2026-04-25T15:02:00Z,L4,71.91739066548492,ATR,1310,BLR-VGA-BLR-TCR-BLR,,2026-04-25T07:34:52Z,2026-04-25
2026-04-25,46124:7-90374:5,Reported,2026-04-25T18:50:00Z,46124,90374,2026-04-25T20:05:00Z,2026-04-26T06:04:00Z,1,11,10.666666666666666,11.233333333333333,11.233333333333333,-0.2333333333333325,9,4.083333333333333,4.699999999999999,4.300000000000001,,,2026-04-26T06:04:00Z,L4,77.92681182675992,Airbus,F82,BOM-DMM-BOM,,2026-04-26T05:18:02Z,2026-04-26
2026-04-25,46124:7-90374:5,Reported,2026-04-25T18:50:00Z,46124,90374,2026-04-25T20:05:00Z,2026-04-26T06:04:00Z,1,11,10.666666666666666,11.233333333333333,11.233333333333333,-0.2333333333333325,9,4.083333333333333,4.699999999999999,4.300000000000001,,,2026-04-26T06:04:00Z,L4,77.92681182675992,Airbus,F82,BOM-DMM-BOM,,2026-04-26T05:04:33Z,2026-04-26
2026-04-25,66608:7-71977:5,Yet to Report,2026-04-25T14:50:00Z,66608,71977,2026-04-25T15:35:00Z,2026-04-25T22:35:00Z,4,12,7.75,7.75,9.8,2.1999999999999993,8,5.666666666666667,6.683333333333334,1.3166666666666664,-1,0.1999999999999993,2026-04-26T00:38:00Z,L4,90.41155356283205,ATR,1199,HYD-ISK-AMD-NMI-AMD,,2026-04-24T07:48:41Z,2026-04-24
2026-04-25,-69126:6,Yet to Report,2026-04-25T09:45:00Z,,69126,2026-04-25T10:45:00Z,2026-04-25T22:25:00Z,2,13,12.666666666666666,12.666666666666666,13.033333333333333,-0.033333333333333215,9,5.833333333333333,5.983333333333333,3.0166666666666666,,,2026-04-25T22:47:00Z,L4,77.64368201593491,Airbus,D3422,DEL-BLR-DEL-BLR,,2026-04-24T07:48:41Z,2026-04-24
2026-04-25,66608:7-71977:5,Yet to Report,2026-04-25T14:50:00Z,66608,71977,2026-04-25T15:35:00Z,2026-04-25T22:35:00Z,4,12,7.75,7.75,9.8,2.1999999999999993,8,5.666666666666667,6.683333333333334,1.3166666666666664,-1,0.1999999999999993,2026-04-26T00:38:00Z,L4,90.41155356283205,ATR,1199,HYD-ISK-AMD-NMI-AMD,,2026-04-24T08:06:02Z,2026-04-24
2026-04-25,-69126:6,Yet to Report,2026-04-25T09:45:00Z,,69126,2026-04-25T10:45:00Z,2026-04-25T22:25:00Z,2,13,12.666666666666666,12.666666666666666,13.033333333333333,-0.033333333333333215,9,5.833333333333333,5.983333333333333,3.0166666666666666,,,2026-04-25T22:47:00Z,L4,77.64368201593491,Airbus,D3422,DEL-BLR-DEL-BLR,,2026-04-24T08:06:02Z,2026-04-24
2026-04-25,46124:7-90374:5,Reported,2026-04-25T18:50:00Z,46124,90374,2026-04-25T20:05:00Z,2026-04-26T06:04:00Z,1,11,10.666666666666666,11.233333333333333,11.233333333333333,-0.2333333333333325,9,4.083333333333333,4.699999999999999,4.300000000000001,,,2026-04-26T06:04:00Z,L4,77.92681182675992,Airbus,F82,BOM-DMM-BOM,,2026-04-26T05:34:29Z,2026-04-26
2026-04-25,41251:7-,Yet to Report,2026-04-25T14:35:00Z,41251,,2026-04-25T15:35:00Z,2026-04-25T23:05:00Z,4,12,8.416666666666666,8.5,9.75,2.25,8,5.583333333333333,5.716666666666667,2.283333333333333,-1,0.25,2026-04-26T00:20:00Z,L4,90.4115534921041,Airbus,3416,BLR-NAG-🛧BLR-MAA-BLR,,2026-04-25T07:48:46Z,2026-04-25
2026-04-25,41887:6-12651:4,Reported,2026-04-25T07:30:00Z,41887,12651,2026-04-25T08:30:00Z,2026-04-25T19:00:00Z,3,12.5,11.75,11.5,12.933333333333334,-0.43333333333333357,8,6.333333333333333,6,2,,,2026-04-25T20:26:00Z,L4,78.20346792878492,Airbus,4681,BLR-BOM-🛧BLR-AMD-BLR,,2026-04-25T07:48:46Z,2026-04-25
2026-04-25,22464:3-69117:5,Yet to Report,2026-04-25T10:45:00Z,22464,69117,2026-04-25T11:45:00Z,2026-04-25T21:15:00Z,4,12,10.583333333333334,10.5,12.733333333333334,-0.7333333333333343,8,7.083333333333333,7.3999999999999995,0.6000000000000005,,,2026-04-25T23:29:00Z,L4,78.59549276738491,Airbus,3909,DEL-HYD-🛧DEL-UDR-DEL,,2026-04-25T07:48:46Z,2026-04-25
2026-04-25,66608:7-71977:5,Yet to Report,2026-04-25T14:50:00Z,66608,71977,2026-04-25T15:35:00Z,2026-04-25T22:45:00Z,4,12,7.75,7.916666666666667,9.766666666666666,2.2333333333333343,8,5.666666666666667,6.65,1.3499999999999996,-1,0.23333333333333428,2026-04-26T00:36:00Z,L4,90.41155351568032,ATR,1199,HYD-ISK-AMD-NMI-AMD,,2026-04-25T07:48:46Z,2026-04-25
2026-04-25,34072:5-88475:8,Yet to Report,2026-04-25T12:45:00Z,34072,88475,2026-04-25T13:45:00Z,2026-04-25T23:05:00Z,4,12,10.25,10.333333333333334,11.533333333333333,0.4666666666666668,8,6.25,6.333333333333333,1.666666666666667,-1,-1.5333333333333332,2026-04-26T00:17:00Z,L4,90.41155568244474,Airbus,5941,NMI-🛧MAA-VTZ-🛧MAA-NMI,,2026-04-25T07:48:46Z,2026-04-25
2026-04-25,40830:8-80722:5,Yet to Report,2026-04-25T14:05:00Z,40830,80722,2026-04-25T15:05:00Z,2026-04-25T22:35:00Z,4,12,8.5,8.5,10.316666666666666,1.6833333333333336,8,5.5,5.916666666666667,2.083333333333333,-1,-0.31666666666666643,2026-04-26T00:24:00Z,L4,90.4115542931142,Airbus,4196,NMI-IXE-NMI-🛧HYD-NMI,,2026-04-25T07:48:46Z,2026-04-25
2026-04-25,78505:5-71974:8,Reported,2026-04-25T05:55:00Z,78505,71974,2026-04-25T06:40:00Z,2026-04-25T14:50:00Z,4,10,8.916666666666666,8.916666666666666,9.116666666666665,0.8833333333333346,7,6.833333333333333,7.05,-0.04999999999999982,,,2026-04-25T15:02:00Z,L4,71.91739066548492,ATR,1310,BLR-VGA-BLR-TCR-BLR,,2026-04-25T07:48:46Z,2026-04-25
2026-04-25,66608:7-71977:5,Yet to Report,2026-04-25T14:50:00Z,66608,71977,2026-04-25T15:35:00Z,2026-04-25T22:35:00Z,4,12,7.75,7.75,9.8,2.1999999999999993,8,5.666666666666667,6.683333333333334,1.3166666666666664,-1,0.1999999999999993,2026-04-26T00:38:00Z,L4,90.41155356283205,ATR,1199,HYD-ISK-AMD-NMI-AMD,,2026-04-24T08:17:59Z,2026-04-24
2026-04-25,-69126:6,Yet to Report,2026-04-25T09:45:00Z,,69126,2026-04-25T10:45:00Z,2026-04-25T22:25:00Z,2,13,12.666666666666666,12.666666666666666,13.033333333333333,-0.033333333333333215,9,5.833333333333333,5.983333333333333,3.0166666666666666,,,2026-04-25T22:47:00Z,L4,77.64368201593491,Airbus,D3422,DEL-BLR-DEL-BLR,,2026-04-24T08:17:59Z,2026-04-24
2026-04-25,66608:7-71977:5,Yet to Report,2026-04-25T14:50:00Z,66608,71977,2026-04-25T15:35:00Z,2026-04-25T22:35:00Z,4,12,7.75,7.75,9.8,2.1999999999999993,8,5.666666666666667,6.683333333333334,1.3166666666666664,-1,0.1999999999999993,2026-04-26T00:38:00Z,L4,90.41155356283205,ATR,1199,HYD-ISK-AMD-NMI-AMD,,2026-04-24T08:33:50Z,2026-04-24
2026-04-25,-69126:6,Yet to Report,2026-04-25T09:45:00Z,,69126,2026-04-25T10:45:00Z,2026-04-25T22:25:00Z,2,13,12.666666666666666,12.666666666666666,13.033333333333333,-0.033333333333333215,9,5.833333333333333,5.983333333333333,3.0166666666666666,,,2026-04-25T22:47:00Z,L4,77.64368201593491,Airbus,D3422,DEL-BLR-DEL-BLR,,2026-04-24T08:33:50Z,2026-04-24
2026-04-25,41251:7-,Yet to Report,2026-04-25T14:35:00Z,41251,,2026-04-25T15:35:00Z,2026-04-25T23:05:00Z,4,12,8.416666666666666,8.5,9.75,2.25,8,5.583333333333333,5.716666666666667,2.283333333333333,-1,0.25,2026-04-26T00:20:00Z,L4,90.4115534921041,Airbus,3416,BLR-NAG-🛧BLR-MAA-BLR,,2026-04-25T08:05:31Z,2026-04-25
2026-04-25,34072:5-88475:8,Yet to Report,2026-04-25T12:45:00Z,34072,88475,2026-04-25T13:45:00Z,2026-04-25T23:05:00Z,4,12,10.25,10.333333333333334,11.533333333333333,0.4666666666666668,8,6.25,6.333333333333333,1.666666666666667,-1,-1.5333333333333332,2026-04-26T00:17:00Z,L4,90.41155568244474,Airbus,5941,NMI-🛧MAA-VTZ-🛧MAA-NMI,,2026-04-25T08:05:31Z,2026-04-25
2026-04-25,40830:8-80722:5,Yet to Report,2026-04-25T14:05:00Z,40830,80722,2026-04-25T15:05:00Z,2026-04-25T22:35:00Z,4,12,8.5,8.5,10.316666666666666,1.6833333333333336,8,5.5,5.916666666666667,2.083333333333333,-1,-0.31666666666666643,2026-04-26T00:24:00Z,L4,90.4115542931142,Airbus,4196,NMI-IXE-NMI-🛧HYD-NMI,,2026-04-25T08:05:31Z,2026-04-25
2026-04-25,66608:7-71977:5,Yet to Report,2026-04-25T14:50:00Z,66608,71977,2026-04-25T15:35:00Z,2026-04-25T22:45:00Z,4,12,7.75,7.916666666666667,9.766666666666666,2.2333333333333343,8,5.666666666666667,6.65,1.3499999999999996,-1,0.23333333333333428,2026-04-26T00:36:00Z,L4,90.41155351568032,ATR,1199,HYD-ISK-AMD-NMI-AMD,,2026-04-25T08:05:31Z,2026-04-25
2026-04-25,41887:6-12651:4,Reported,2026-04-25T07:30:00Z,41887,12651,2026-04-25T08:30:00Z,2026-04-25T19:00:00Z,3,12.5,11.75,11.5,12.933333333333334,-0.43333333333333357,8,6.333333333333333,6,2,,,2026-04-25T20:26:00Z,L4,78.20346792878492,Airbus,4681,BLR-BOM-🛧BLR-AMD-BLR,,2026-04-25T08:05:31Z,2026-04-25
2026-04-25,22464:3-69117:5,Yet to Report,2026-04-25T10:45:00Z,22464,69117,2026-04-25T11:45:00Z,2026-04-25T21:15:00Z,4,12,10.583333333333334,10.5,12.733333333333334,-0.7333333333333343,8,7.083333333333333,7.3999999999999995,0.6000000000000005,,,2026-04-25T23:29:00Z,L4,78.59549276738491,Airbus,3909,DEL-HYD-🛧DEL-UDR-DEL,,2026-04-25T08:05:31Z,2026-04-25
2026-04-25,66608:7-71977:5,Yet to Report,2026-04-25T14:50:00Z,66608,71977,2026-04-25T15:35:00Z,2026-04-25T22:35:00Z,4,12,7.75,7.75,9.8,2.1999999999999993,8,5.666666666666667,6.683333333333334,1.3166666666666664,-1,0.1999999999999993,2026-04-26T00:38:00Z,L4,90.41155356283205,ATR,1199,HYD-ISK-AMD-NMI-AMD,,2026-04-24T08:47:54Z,2026-04-24
2026-04-25,-69126:6,Yet to Report,2026-04-25T09:45:00Z,,69126,2026-04-25T10:45:00Z,2026-04-25T22:25:00Z,2,13,12.666666666666666,12.666666666666666,13.033333333333333,-0.033333333333333215,9,5.833333333333333,5.983333333333333,3.0166666666666666,,,2026-04-25T22:47:00Z,L4,77.64368201593491,Airbus,D3422,DEL-BLR-DEL-BLR,,2026-04-24T08:47:54Z,2026-04-24
2026-04-25,41251:7-,Yet to Report,2026-04-25T14:35:00Z,41251,,2026-04-25T15:35:00Z,2026-04-25T23:05:00Z,4,12,8.416666666666666,8.5,9.75,2.25,8,5.583333333333333,5.716666666666667,2.283333333333333,-1,0.25,2026-04-26T00:20:00Z,L4,90.4115534921041,Airbus,3416,BLR-NAG-🛧BLR-MAA-BLR,,2026-04-25T08:17:57Z,2026-04-25
2026-04-25,34072:5-88475:8,Yet to Report,2026-04-25T12:45:00Z,34072,88475,2026-04-25T13:45:00Z,2026-04-25T23:05:00Z,4,12,10.25,10.333333333333334,11.533333333333333,0.4666666666666668,8,6.25,6.333333333333333,1.666666666666667,-1,-1.5333333333333332,2026-04-26T00:17:00Z,L4,90.41155568244474,Airbus,5941,NMI-🛧MAA-VTZ-🛧MAA-NMI,,2026-04-25T08:17:57Z,2026-04-25
2026-04-25,40830:8-80722:5,Yet to Report,2026-04-25T14:05:00Z,40830,80722,2026-04-25T15:05:00Z,2026-04-25T22:35:00Z,4,12,8.5,8.5,10.316666666666666,1.6833333333333336,8,5.5,5.916666666666667,2.083333333333333,-1,-0.31666666666666643,2026-04-26T00:24:00Z,L4,90.4115542931142,Airbus,4196,NMI-IXE-NMI-🛧HYD-NMI,,2026-04-25T08:17:57Z,2026-04-25
2026-04-25,66608:7-71977:5,Yet to Report,2026-04-25T14:50:00Z,66608,71977,2026-04-25T15:35:00Z,2026-04-25T22:45:00Z,4,12,7.75,7.916666666666667,9.766666666666666,2.2333333333333343,8,5.666666666666667,6.65,1.3499999999999996,-1,0.23333333333333428,2026-04-26T00:36:00Z,L4,90.41155351568032,ATR,1199,HYD-ISK-AMD-NMI-AMD,,2026-04-25T08:17:57Z,2026-04-25
2026-04-25,41887:6-12651:4,Reported,2026-04-25T07:30:00Z,41887,12651,2026-04-25T08:30:00Z,2026-04-25T19:00:00Z,3,12.5,11.75,11.5,12.933333333333334,-0.43333333333333357,8,6.333333333333333,6,2,,,2026-04-25T20:26:00Z,L4,78.20346792878492,Airbus,4681,BLR-BOM-🛧BLR-AMD-BLR,,2026-04-25T08:17:57Z,2026-04-25
2026-04-25,22464:3-69117:5,Yet to Report,2026-04-25T10:45:00Z,22464,69117,2026-04-25T11:45:00Z,2026-04-25T21:15:00Z,4,12,10.583333333333334,10.5,12.733333333333334,-0.7333333333333343,8,7.083333333333333,7.3999999999999995,0.6000000000000005,,,2026-04-25T23:29:00Z,L4,78.59549276738491,Airbus,3909,DEL-HYD-🛧DEL-UDR-DEL,,2026-04-25T08:17:57Z,2026-04-25
2026-04-25,41251:7-,Yet to Report,2026-04-25T14:35:00Z,41251,,2026-04-25T15:35:00Z,2026-04-25T23:05:00Z,4,12,8.416666666666666,8.5,9.75,2.25,8,5.583333333333333,5.716666666666667,2.283333333333333,-1,0.25,2026-04-26T00:20:00Z,L4,90.4115534921041,Airbus,3416,BLR-NAG-🛧BLR-MAA-BLR,,2026-04-25T08:34:50Z,2026-04-25
2026-04-25,41887:6-12651:4,Reported,2026-04-25T07:30:00Z,41887,12651,2026-04-25T08:30:00Z,2026-04-25T19:00:00Z,3,12.5,11.75,11.5,12.933333333333334,-0.43333333333333357,8,6.333333333333333,6,2,,,2026-04-25T20:26:00Z,L4,78.20346792878492,Airbus,4681,BLR-BOM-🛧BLR-AMD-BLR,,2026-04-25T08:34:50Z,2026-04-25
2026-04-25,22464:3-69117:5,Yet to Report,2026-04-25T10:45:00Z,22464,69117,2026-04-25T11:45:00Z,2026-04-25T21:15:00Z,4,12,10.583333333333334,10.5,12.733333333333334,-0.7333333333333343,8,7.083333333333333,7.3999999999999995,0.6000000000000005,,,2026-04-25T23:29:00Z,L4,78.59549276738491,Airbus,3909,DEL-HYD-🛧DEL-UDR-DEL,,2026-04-25T08:34:50Z,2026-04-25
2026-04-25,34072:5-88475:8,Yet to Report,2026-04-25T12:45:00Z,34072,88475,2026-04-25T13:45:00Z,2026-04-25T23:05:00Z,4,12,10.25,10.333333333333334,11.533333333333333,0.4666666666666668,8,6.25,6.333333333333333,1.666666666666667,-1,-1.5333333333333332,2026-04-26T00:17:00Z,L4,90.41155568244474,Airbus,5941,NMI-🛧MAA-VTZ-🛧MAA-NMI,,2026-04-25T08:34:50Z,2026-04-25
2026-04-25,40830:8-80722:5,Yet to Report,2026-04-25T14:05:00Z,40830,80722,2026-04-25T15:05:00Z,2026-04-25T22:35:00Z,4,12,8.5,8.5,10.316666666666666,1.6833333333333336,8,5.5,5.916666666666667,2.083333333333333,-1,-0.31666666666666643,2026-04-26T00:24:00Z,L4,90.4115542931142,Airbus,4196,NMI-IXE-NMI-🛧HYD-NMI,,2026-04-25T08:34:50Z,2026-04-25
2026-04-25,66608:7-71977:5,Yet to Report,2026-04-25T14:50:00Z,66608,71977,2026-04-25T15:35:00Z,2026-04-25T22:45:00Z,4,12,7.75,7.916666666666667,9.766666666666666,2.2333333333333343,8,5.666666666666667,6.65,1.3499999999999996,-1,0.23333333333333428,2026-04-26T00:36:00Z,L4,90.41155351568032,ATR,1199,HYD-ISK-AMD-NMI-AMD,,2026-04-25T08:34:50Z,2026-04-25
2026-04-25,66608:7-71977:5,Yet to Report,2026-04-25T14:50:00Z,66608,71977,2026-04-25T15:35:00Z,2026-04-25T22:35:00Z,4,12,7.75,7.75,9.8,2.1999999999999993,8,5.666666666666667,6.683333333333334,1.3166666666666664,-1,0.1999999999999993,2026-04-26T00:38:00Z,L4,90.41155356283205,ATR,1199,HYD-ISK-AMD-NMI-AMD,,2026-04-24T09:04:30Z,2026-04-24
2026-04-25,-69126:6,Yet to Report,2026-04-25T09:45:00Z,,69126,2026-04-25T10:45:00Z,2026-04-25T22:25:00Z,2,13,12.666666666666666,12.666666666666666,13.033333333333333,-0.033333333333333215,9,5.833333333333333,5.983333333333333,3.0166666666666666,,,2026-04-25T22:47:00Z,L4,77.64368201593491,Airbus,D3422,DEL-BLR-DEL-BLR,,2026-04-24T09:04:30Z,2026-04-24
2026-04-25,41251:7-,Yet to Report,2026-04-25T14:35:00Z,41251,,2026-04-25T15:35:00Z,2026-04-25T23:05:00Z,4,12,8.416666666666666,8.5,9.75,2.25,8,5.583333333333333,5.716666666666667,2.283333333333333,-1,0.25,2026-04-26T00:20:00Z,L4,90.4115534921041,Airbus,3416,BLR-NAG-🛧BLR-MAA-BLR,,2026-04-25T08:47:51Z,2026-04-25
2026-04-25,22464:3-69117:5,Yet to Report,2026-04-25T10:45:00Z,22464,69117,2026-04-25T11:45:00Z,2026-04-25T21:15:00Z,4,12,10.583333333333334,10.5,12.733333333333334,-0.7333333333333343,8,7.083333333333333,7.3999999999999995,0.6000000000000005,,,2026-04-25T23:29:00Z,L4,78.59549276738491,Airbus,3909,DEL-HYD-🛧DEL-UDR-DEL,,2026-04-25T08:47:51Z,2026-04-25
2026-04-25,41887:6-12651:4,Reported,2026-04-25T07:30:00Z,41887,12651,2026-04-25T08:30:00Z,2026-04-25T19:00:00Z,3,12.5,11.75,11.5,13.016666666666666,-0.5166666666666657,8,6.333333333333333,6,2,,,2026-04-25T20:31:00Z,L4,78.31559867878491,Airbus,4681,BLR-BOM-🛧BLR-AMD-BLR,,2026-04-25T08:47:51Z,2026-04-25
2026-04-25,34072:5-88475:8,Yet to Report,2026-04-25T12:45:00Z,34072,88475,2026-04-25T13:45:00Z,2026-04-25T23:05:00Z,4,12,10.25,10.333333333333334,11.533333333333333,0.4666666666666668,8,6.25,6.333333333333333,1.666666666666667,-1,-1.5333333333333332,2026-04-26T00:17:00Z,L4,90.41155568244474,Airbus,5941,NMI-🛧MAA-VTZ-🛧MAA-NMI,,2026-04-25T08:47:51Z,2026-04-25
2026-04-25,40830:8-80722:5,Yet to Report,2026-04-25T14:05:00Z,40830,80722,2026-04-25T15:05:00Z,2026-04-25T22:35:00Z,4,12,8.5,8.5,10.316666666666666,1.6833333333333336,8,5.5,5.916666666666667,2.083333333333333,-1,-0.31666666666666643,2026-04-26T00:24:00Z,L4,90.4115542931142,Airbus,4196,NMI-IXE-NMI-🛧HYD-NMI,,2026-04-25T08:47:51Z,2026-04-25
2026-04-25,66608:7-71977:5,Yet to Report,2026-04-25T14:50:00Z,66608,71977,2026-04-25T15:35:00Z,2026-04-25T22:45:00Z,4,12,7.75,7.916666666666667,9.766666666666666,2.2333333333333343,8,5.666666666666667,6.65,1.3499999999999996,-1,0.23333333333333428,2026-04-26T00:36:00Z,L4,90.41155351568032,ATR,1199,HYD-ISK-AMD-NMI-AMD,,2026-04-25T08:47:51Z,2026-04-25
2026-04-25,66608:7-71977:5,Yet to Report,2026-04-25T14:50:00Z,66608,71977,2026-04-25T15:35:00Z,2026-04-25T22:35:00Z,4,12,7.75,7.75,9.8,2.1999999999999993,8,5.666666666666667,6.683333333333334,1.3166666666666664,-1,0.1999999999999993,2026-04-26T00:38:00Z,L4,90.41155356283205,ATR,1199,HYD-ISK-AMD-NMI-AMD,,2026-04-24T09:18:58Z,2026-04-24
2026-04-25,-69126:6,Yet to Report,2026-04-25T09:45:00Z,,69126,2026-04-25T10:45:00Z,2026-04-25T22:25:00Z,2,13,12.666666666666666,12.666666666666666,13.033333333333333,-0.033333333333333215,9,5.833333333333333,5.983333333333333,3.0166666666666666,,,2026-04-25T22:47:00Z,L4,77.64368201593491,Airbus,D3422,DEL-BLR-DEL-BLR,,2026-04-24T09:18:58Z,2026-04-24
2026-04-25,41251:7-,Yet to Report,2026-04-25T14:35:00Z,41251,,2026-04-25T15:35:00Z,2026-04-25T23:05:00Z,4,12,8.416666666666666,8.5,9.75,2.25,8,5.583333333333333,5.716666666666667,2.283333333333333,-1,0.25,2026-04-26T00:20:00Z,L4,90.4115534921041,Airbus,3416,BLR-NAG-🛧BLR-MAA-BLR,,2026-04-25T09:04:40Z,2026-04-25
2026-04-25,22464:3-69117:5,Yet to Report,2026-04-25T10:45:00Z,22464,69117,2026-04-25T11:45:00Z,2026-04-25T21:15:00Z,4,12,10.583333333333334,10.5,12.733333333333334,-0.7333333333333343,8,7.083333333333333,7.3999999999999995,0.6000000000000005,,,2026-04-25T23:29:00Z,L4,78.59549276738491,Airbus,3909,DEL-HYD-🛧DEL-UDR-DEL,,2026-04-25T09:04:40Z,2026-04-25
2026-04-25,71331:7-93539:6,Reported,2026-04-25T07:15:00Z,71331,93539,2026-04-25T08:15:00Z,2026-04-25T19:15:00Z,3,12.5,12,12,12.516666666666667,-0.016666666666667496,8,6.75,6.666666666666667,1.333333333333333,,,2026-04-25T19:46:00Z,L4,77.61996993765992,Airbus,3825,HYD-CCU-HYD-CCU-HYD,,2026-04-25T09:04:40Z,2026-04-25
2026-04-25,41887:6-12651:4,Reported,2026-04-25T07:30:00Z,41887,12651,2026-04-25T08:30:00Z,2026-04-25T19:00:00Z,3,12.5,11.75,11.5,13.166666666666666,-0.6666666666666661,8,6.333333333333333,6.133333333333333,1.8666666666666671,,,2026-04-25T20:40:00Z,L4,78.51135751273492,Airbus,4681,BLR-BOM-🛧BLR-AMD-BLR,,2026-04-25T09:04:40Z,2026-04-25
2026-04-25,34072:5-88475:8,Yet to Report,2026-04-25T12:45:00Z,34072,88475,2026-04-25T13:45:00Z,2026-04-25T23:05:00Z,4,12,10.25,10.333333333333334,11.533333333333333,0.4666666666666668,8,6.25,6.333333333333333,1.666666666666667,-1,-1.5333333333333332,2026-04-26T00:17:00Z,L4,90.41155568244474,Airbus,5941,NMI-🛧MAA-VTZ-🛧MAA-NMI,,2026-04-25T09:04:40Z,2026-04-25
2026-04-25,40830:8-80722:5,Yet to Report,2026-04-25T14:05:00Z,40830,80722,2026-04-25T15:05:00Z,2026-04-25T22:35:00Z,4,12,8.5,8.5,10.316666666666666,1.6833333333333336,8,5.5,5.916666666666667,2.083333333333333,-1,-0.31666666666666643,2026-04-26T00:24:00Z,L4,90.4115542931142,Airbus,4196,NMI-IXE-NMI-🛧HYD-NMI,,2026-04-25T09:04:40Z,2026-04-25
2026-04-25,66608:7-71977:5,Yet to Report,2026-04-25T14:50:00Z,66608,71977,2026-04-25T15:35:00Z,2026-04-25T22:45:00Z,4,12,7.75,7.916666666666667,9.766666666666666,2.2333333333333343,8,5.666666666666667,6.65,1.3499999999999996,-1,0.23333333333333428,2026-04-26T00:36:00Z,L4,90.41155351568032,ATR,1199,HYD-ISK-AMD-NMI-AMD,,2026-04-25T09:04:40Z,2026-04-25
2026-04-25,41251:7-,Yet to Report,2026-04-25T14:35:00Z,41251,,2026-04-25T15:35:00Z,2026-04-25T23:05:00Z,4,12,8.416666666666666,8.5,9.75,2.25,8,5.583333333333333,5.716666666666667,2.283333333333333,-1,0.25,2026-04-26T00:20:00Z,L4,90.4115534921041,Airbus,3416,BLR-NAG-🛧BLR-MAA-BLR,,2026-04-25T09:18:04Z,2026-04-25
2026-04-25,22464:3-69117:5,Yet to Report,2026-04-25T10:45:00Z,22464,69117,2026-04-25T11:45:00Z,2026-04-25T21:15:00Z,4,12,10.583333333333334,10.5,12.733333333333334,-0.7333333333333343,8,7.083333333333333,7.3999999999999995,0.6000000000000005,,,2026-04-25T23:29:00Z,L4,78.59549276738491,Airbus,3909,DEL-HYD-🛧DEL-UDR-DEL,,2026-04-25T09:18:04Z,2026-04-25
2026-04-25,71331:7-93539:6,Reported,2026-04-25T07:15:00Z,71331,93539,2026-04-25T08:15:00Z,2026-04-25T19:15:00Z,3,12.5,12,12,12.516666666666667,-0.016666666666667496,8,6.75,6.716666666666667,1.2833333333333332,,,2026-04-25T19:46:00Z,L4,77.61996998538491,Airbus,3825,HYD-CCU-HYD-CCU-HYD,,2026-04-25T09:18:04Z,2026-04-25
2026-04-25,41887:6-12651:4,Reported,2026-04-25T07:30:00Z,41887,12651,2026-04-25T08:30:00Z,2026-04-25T19:00:00Z,3,12.5,11.75,11.5,13.166666666666666,-0.6666666666666661,8,6.333333333333333,6.283333333333333,1.7166666666666668,,,2026-04-25T20:40:00Z,L4,78.51135761738492,Airbus,4681,BLR-BOM-🛧BLR-AMD-BLR,,2026-04-25T09:18:04Z,2026-04-25
2026-04-25,34072:5-88475:8,Yet to Report,2026-04-25T12:45:00Z,34072,88475,2026-04-25T13:45:00Z,2026-04-25T23:05:00Z,4,12,10.25,10.333333333333334,11.533333333333333,0.4666666666666668,8,6.25,6.333333333333333,1.666666666666667,-1,-1.5333333333333332,2026-04-26T00:17:00Z,L4,90.41155568244474,Airbus,5941,NMI-🛧MAA-VTZ-🛧MAA-NMI,,2026-04-25T09:18:04Z,2026-04-25
2026-04-25,40830:8-80722:5,Yet to Report,2026-04-25T14:05:00Z,40830,80722,2026-04-25T15:05:00Z,2026-04-25T22:35:00Z,4,12,8.5,8.5,10.316666666666666,1.6833333333333336,8,5.5,5.916666666666667,2.083333333333333,-1,-0.31666666666666643,2026-04-26T00:24:00Z,L4,90.4115542931142,Airbus,4196,NMI-IXE-NMI-🛧HYD-NMI,,2026-04-25T09:18:04Z,2026-04-25
2026-04-25,66608:7-71977:5,Yet to Report,2026-04-25T14:50:00Z,66608,71977,2026-04-25T15:35:00Z,2026-04-25T22:45:00Z,4,12,7.75,7.916666666666667,9.766666666666666,2.2333333333333343,8,5.666666666666667,6.65,1.3499999999999996,-1,0.23333333333333428,2026-04-26T00:36:00Z,L4,90.41155351568032,ATR,1199,HYD-ISK-AMD-NMI-AMD,,2026-04-25T09:18:04Z,2026-04-25
2026-04-25,41251:7-,Yet to Report,2026-04-25T14:35:00Z,41251,,2026-04-25T15:35:00Z,2026-04-25T23:05:00Z,4,12,8.416666666666666,8.5,9.75,2.25,8,5.583333333333333,5.716666666666667,2.283333333333333,-1,0.25,2026-04-26T00:20:00Z,L4,90.4115534921041,Airbus,3416,BLR-NAG-🛧BLR-MAA-BLR,,2026-04-25T09:34:46Z,2026-04-25
2026-04-25,22464:3-69117:5,Yet to Report,2026-04-25T10:45:00Z,22464,69117,2026-04-25T11:45:00Z,2026-04-25T21:15:00Z,4,12,10.583333333333334,10.5,12.733333333333334,-0.7333333333333343,8,7.083333333333333,7.3999999999999995,0.6000000000000005,,,2026-04-25T23:29:00Z,L4,78.59549276738491,Airbus,3909,DEL-HYD-🛧DEL-UDR-DEL,,2026-04-25T09:34:46Z,2026-04-25
2026-04-25,71331:7-93539:6,Reported,2026-04-25T07:15:00Z,71331,93539,2026-04-25T08:15:00Z,2026-04-25T19:15:00Z,3,12.5,12,12,12.516666666666667,-0.016666666666667496,8,6.75,6.716666666666667,1.2833333333333332,,,2026-04-25T19:46:00Z,L4,77.61996998538491,Airbus,3825,HYD-CCU-HYD-CCU-HYD,,2026-04-25T09:34:46Z,2026-04-25
2026-04-25,41887:6-12651:4,Reported,2026-04-25T07:30:00Z,41887,12651,2026-04-25T08:30:00Z,2026-04-25T19:00:00Z,3,12.5,11.75,11.5,13.166666666666666,-0.6666666666666661,8,6.333333333333333,6.283333333333333,1.7166666666666668,,,2026-04-25T20:40:00Z,L4,78.51135761738492,Airbus,4681,BLR-BOM-🛧BLR-AMD-BLR,,2026-04-25T09:34:46Z,2026-04-25
2026-04-25,34072:5-88475:8,Yet to Report,2026-04-25T12:45:00Z,34072,88475,2026-04-25T13:45:00Z,2026-04-25T23:05:00Z,4,12,10.25,10.333333333333334,11.533333333333333,0.4666666666666668,8,6.25,6.333333333333333,1.666666666666667,-1,-1.5333333333333332,2026-04-26T00:17:00Z,L4,90.41155568244474,Airbus,5941,NMI-🛧MAA-VTZ-🛧MAA-NMI,,2026-04-25T09:34:46Z,2026-04-25
2026-04-25,40830:8-80722:5,Yet to Report,2026-04-25T14:05:00Z,40830,80722,2026-04-25T15:05:00Z,2026-04-25T22:35:00Z,4,12,8.5,8.5,10.316666666666666,1.6833333333333336,8,5.5,5.916666666666667,2.083333333333333,-1,-0.31666666666666643,2026-04-26T00:24:00Z,L4,90.4115542931142,Airbus,4196,NMI-IXE-NMI-🛧HYD-NMI,,2026-04-25T09:34:46Z,2026-04-25
2026-04-25,66608:7-71977:5,Yet to Report,2026-04-25T14:50:00Z,66608,71977,2026-04-25T15:35:00Z,2026-04-25T22:45:00Z,4,12,7.75,7.916666666666667,9.766666666666666,2.2333333333333343,8,5.666666666666667,6.65,1.3499999999999996,-1,0.23333333333333428,2026-04-26T00:36:00Z,L4,90.41155351568032,ATR,1199,HYD-ISK-AMD-NMI-AMD,,2026-04-25T09:34:46Z,2026-04-25
2026-04-25,66608:7-71977:5,Yet to Report,2026-04-25T14:50:00Z,66608,71977,2026-04-25T15:35:00Z,2026-04-25T22:35:00Z,4,12,7.75,7.75,9.8,2.1999999999999993,8,5.666666666666667,6.683333333333334,1.3166666666666664,-1,0.1999999999999993,2026-04-26T00:38:00Z,L4,90.41155356283205,ATR,1199,HYD-ISK-AMD-NMI-AMD,,2026-04-24T09:33:58Z,2026-04-24
2026-04-25,-69126:6,Yet to Report,2026-04-25T09:45:00Z,,69126,2026-04-25T10:45:00Z,2026-04-25T22:25:00Z,2,13,12.666666666666666,12.666666666666666,13.033333333333333,-0.033333333333333215,9,5.833333333333333,5.983333333333333,3.0166666666666666,,,2026-04-25T22:47:00Z,L4,77.64368201593491,Airbus,D3422,DEL-BLR-DEL-BLR,,2026-04-24T09:33:58Z,2026-04-24
2026-04-25,66608:7-71977:5,Yet to Report,2026-04-25T14:50:00Z,66608,71977,2026-04-25T15:35:00Z,2026-04-25T22:35:00Z,4,12,7.75,7.75,9.8,2.1999999999999993,8,5.666666666666667,6.683333333333334,1.3166666666666664,-1,0.1999999999999993,2026-04-26T00:38:00Z,L4,90.41155356283205,ATR,1199,HYD-ISK-AMD-NMI-AMD,,2026-04-24T09:51:07Z,2026-04-24
2026-04-25,-69126:6,Yet to Report,2026-04-25T09:45:00Z,,69126,2026-04-25T10:45:00Z,2026-04-25T22:25:00Z,2,13,12.666666666666666,12.666666666666666,13.033333333333333,-0.033333333333333215,9,5.833333333333333,5.983333333333333,3.0166666666666666,,,2026-04-25T22:47:00Z,L4,77.64368201593491,Airbus,D3422,DEL-BLR-DEL-BLR,,2026-04-24T09:51:07Z,2026-04-24
2026-04-25,41251:7-,Yet to Report,2026-04-25T14:35:00Z,41251,,2026-04-25T15:35:00Z,2026-04-25T23:05:00Z,4,12,8.416666666666666,8.5,9.75,2.25,8,5.583333333333333,5.716666666666667,2.283333333333333,-1,0.25,2026-04-26T00:20:00Z,L4,90.4115534921041,Airbus,3416,BLR-NAG-🛧BLR-MAA-BLR,,2026-04-25T09:47:56Z,2026-04-25
2026-04-25,22464:3-69117:5,Yet to Report,2026-04-25T10:45:00Z,22464,69117,2026-04-25T11:45:00Z,2026-04-25T21:15:00Z,4,12,10.583333333333334,10.5,12.733333333333334,-0.7333333333333343,8,7.083333333333333,7.3999999999999995,0.6000000000000005,,,2026-04-25T23:29:00Z,L4,78.59549276738491,Airbus,3909,DEL-HYD-🛧DEL-UDR-DEL,,2026-04-25T09:47:56Z,2026-04-25
2026-04-25,71331:7-93539:6,Reported,2026-04-25T07:15:00Z,71331,93539,2026-04-25T08:15:00Z,2026-04-25T19:15:00Z,3,12.5,12,12,12.516666666666667,-0.016666666666667496,8,6.75,6.716666666666667,1.2833333333333332,,,2026-04-25T19:46:00Z,L4,77.61996998538491,Airbus,3825,HYD-CCU-HYD-CCU-HYD,,2026-04-25T09:47:56Z,2026-04-25
2026-04-25,41887:6-12651:4,Reported,2026-04-25T07:30:00Z,41887,12651,2026-04-25T08:30:00Z,2026-04-25T19:00:00Z,3,12.5,11.75,11.5,13.166666666666666,-0.6666666666666661,8,6.333333333333333,6.283333333333333,1.7166666666666668,,,2026-04-25T20:40:00Z,L4,78.51135761738492,Airbus,4681,BLR-BOM-🛧BLR-AMD-BLR,,2026-04-25T09:47:56Z,2026-04-25
2026-04-25,34072:5-88475:8,Yet to Report,2026-04-25T12:45:00Z,34072,88475,2026-04-25T13:45:00Z,2026-04-25T23:05:00Z,4,12,10.25,10.333333333333334,11.533333333333333,0.4666666666666668,8,6.25,6.333333333333333,1.666666666666667,-1,-1.5333333333333332,2026-04-26T00:17:00Z,L4,90.41155568244474,Airbus,5941,NMI-🛧MAA-VTZ-🛧MAA-NMI,,2026-04-25T09:47:56Z,2026-04-25
2026-04-25,40830:8-80722:5,Yet to Report,2026-04-25T14:05:00Z,40830,80722,2026-04-25T15:05:00Z,2026-04-25T22:35:00Z,4,12,8.5,8.5,10.316666666666666,1.6833333333333336,8,5.5,5.916666666666667,2.083333333333333,-1,-0.31666666666666643,2026-04-26T00:24:00Z,L4,90.4115542931142,Airbus,4196,NMI-IXE-NMI-🛧HYD-NMI,,2026-04-25T09:47:56Z,2026-04-25
2026-04-25,66608:7-71977:5,Yet to Report,2026-04-25T14:50:00Z,66608,71977,2026-04-25T15:35:00Z,2026-04-25T22:45:00Z,4,12,7.75,7.916666666666667,9.766666666666666,2.2333333333333343,8,5.666666666666667,6.65,1.3499999999999996,-1,0.23333333333333428,2026-04-26T00:36:00Z,L4,90.41155351568032,ATR,1199,HYD-ISK-AMD-NMI-AMD,,2026-04-25T09:47:56Z,2026-04-25
2026-04-25,66608:7-71977:5,Yet to Report,2026-04-25T14:50:00Z,66608,71977,2026-04-25T15:35:00Z,2026-04-25T22:35:00Z,4,12,7.75,7.75,9.8,2.1999999999999993,8,5.666666666666667,6.683333333333334,1.3166666666666664,-1,0.1999999999999993,2026-04-26T00:38:00Z,L4,90.41155356283205,ATR,1199,HYD-ISK-AMD-NMI-AMD,,2026-04-24T10:05:06Z,2026-04-24
2026-04-25,-69126:6,Yet to Report,2026-04-25T09:45:00Z,,69126,2026-04-25T10:45:00Z,2026-04-25T22:25:00Z,2,13,12.666666666666666,12.666666666666666,13.033333333333333,-0.033333333333333215,9,5.833333333333333,5.983333333333333,3.0166666666666666,,,2026-04-25T22:47:00Z,L4,77.64368201593491,Airbus,D3422,DEL-BLR-DEL-BLR,,2026-04-24T10:05:06Z,2026-04-24
2026-04-25,41251:7-,Yet to Report,2026-04-25T14:35:00Z,41251,,2026-04-25T15:35:00Z,2026-04-25T23:05:00Z,4,12,8.416666666666666,8.5,9.75,2.25,8,5.583333333333333,5.716666666666667,2.283333333333333,-1,0.25,2026-04-26T00:20:00Z,L4,90.4115534921041,Airbus,3416,BLR-NAG-🛧BLR-MAA-BLR,,2026-04-25T10:08:37Z,2026-04-25
2026-04-25,71331:7-93539:6,Reported,2026-04-25T07:15:00Z,71331,93539,2026-04-25T08:15:00Z,2026-04-25T19:15:00Z,3,12.5,12,12,12.516666666666667,-0.016666666666667496,8,6.75,6.716666666666667,1.2833333333333332,,,2026-04-25T19:46:00Z,L4,77.61996998538491,Airbus,3825,HYD-CCU-HYD-CCU-HYD,,2026-04-25T10:08:37Z,2026-04-25
2026-04-25,41887:6-12651:4,Reported,2026-04-25T07:30:00Z,41887,12651,2026-04-25T08:30:00Z,2026-04-25T19:00:00Z,3,12.5,11.75,11.5,13.166666666666666,-0.6666666666666661,8,6.333333333333333,6.283333333333333,1.7166666666666668,,,2026-04-25T20:40:00Z,L4,78.51135761738492,Airbus,4681,BLR-BOM-🛧BLR-AMD-BLR,,2026-04-25T10:08:37Z,2026-04-25
2026-04-25,22464:3-69117:5,Yet to Report,2026-04-25T10:45:00Z,22464,69117,2026-04-25T11:45:00Z,2026-04-25T21:15:00Z,4,12,10.583333333333334,10.5,12.733333333333334,-0.7333333333333343,8,7.083333333333333,7.3999999999999995,0.6000000000000005,,,2026-04-25T23:29:00Z,L4,78.59549276738491,Airbus,3909,DEL-HYD-🛧DEL-UDR-DEL,,2026-04-25T10:08:37Z,2026-04-25
2026-04-25,34072:5-88475:8,Yet to Report,2026-04-25T12:45:00Z,34072,88475,2026-04-25T13:45:00Z,2026-04-25T23:05:00Z,4,12,10.25,10.333333333333334,11.533333333333333,0.4666666666666668,8,6.25,6.333333333333333,1.666666666666667,-1,-1.5333333333333332,2026-04-26T00:17:00Z,L4,90.41155568244474,Airbus,5941,NMI-🛧MAA-VTZ-🛧MAA-NMI,,2026-04-25T10:08:37Z,2026-04-25
2026-04-25,40830:8-80722:5,Yet to Report,2026-04-25T14:05:00Z,40830,80722,2026-04-25T15:05:00Z,2026-04-25T22:35:00Z,4,12,8.5,8.5,10.316666666666666,1.6833333333333336,8,5.5,5.916666666666667,2.083333333333333,-1,-0.31666666666666643,2026-04-26T00:24:00Z,L4,90.4115542931142,Airbus,4196,NMI-IXE-NMI-🛧HYD-NMI,,2026-04-25T10:08:37Z,2026-04-25
2026-04-25,66608:7-71977:5,Yet to Report,2026-04-25T14:50:00Z,66608,71977,2026-04-25T15:35:00Z,2026-04-25T22:45:00Z,4,12,7.75,7.916666666666667,9.766666666666666,2.2333333333333343,8,5.666666666666667,6.65,1.3499999999999996,-1,0.23333333333333428,2026-04-26T00:36:00Z,L4,90.41155351568032,ATR,1199,HYD-ISK-AMD-NMI-AMD,,2026-04-25T10:08:37Z,2026-04-25
2026-04-25,66608:7-71977:5,Yet to Report,2026-04-25T14:50:00Z,66608,71977,2026-04-25T15:35:00Z,2026-04-25T22:35:00Z,4,12,7.75,7.75,9.8,2.1999999999999993,8,5.666666666666667,6.683333333333334,1.3166666666666664,-1,0.1999999999999993,2026-04-26T00:38:00Z,L4,90.41155356283205,ATR,1199,HYD-ISK-AMD-NMI-AMD,,2026-04-24T10:18:49Z,2026-04-24
2026-04-25,-69126:6,Yet to Report,2026-04-25T09:45:00Z,,69126,2026-04-25T10:45:00Z,2026-04-25T22:25:00Z,2,13,12.666666666666666,12.666666666666666,13.033333333333333,-0.033333333333333215,9,5.833333333333333,5.983333333333333,3.0166666666666666,,,2026-04-25T22:47:00Z,L4,77.64368201593491,Airbus,D3422,DEL-BLR-DEL-BLR,,2026-04-24T10:18:49Z,2026-04-24
2026-04-25,21892:5-67029:6,Yet to Report,2026-04-25T09:45:00Z,21892,67029,2026-04-25T10:45:00Z,2026-04-25T20:45:00Z,4,12,11,11,12.066666666666666,-0.06666666666666643,8,7.5,7.666666666666667,0.33333333333333304,,,2026-04-25T21:49:00Z,L4,77.69109287675991,Airbus,3256,DEL-BLR-🛧DEL-DED-DEL,,2026-04-24T10:33:45Z,2026-04-24
2026-04-25,22464:5-69117:5,Yet to Report,2026-04-25T10:45:00Z,22464,69117,2026-04-25T11:45:00Z,2026-04-25T21:20:00Z,4,12,10.583333333333334,10.583333333333334,12.866666666666667,-0.8666666666666671,8,7.083333333333333,7.5,0.5,,,2026-04-25T23:37:00Z,L4,78.75781539963492,Airbus,3909,DEL-HYD-🛧DEL-UDR-DEL,,2026-04-24T10:33:45Z,2026-04-24
2026-04-25,41887:6-12651:4,Yet to Report,2026-04-25T07:30:00Z,41887,12651,2026-04-25T08:30:00Z,2026-04-25T19:15:00Z,3,12.5,11.75,11.75,12.733333333333333,-0.2333333333333325,8,6.333333333333333,6.05,1.9500000000000002,,,2026-04-25T20:14:00Z,L4,77.92681245925992,Airbus,4681,BLR-BOM-🛧BLR-AMD-BLR,,2026-04-24T10:33:45Z,2026-04-24
2026-04-25,66608:7-71977:5,Yet to Report,2026-04-25T14:50:00Z,66608,71977,2026-04-25T15:35:00Z,2026-04-25T22:35:00Z,4,12,7.75,7.75,9.8,2.1999999999999993,8,5.666666666666667,6.683333333333334,1.3166666666666664,-1,0.1999999999999993,2026-04-26T00:38:00Z,L4,90.41155356283205,ATR,1199,HYD-ISK-AMD-NMI-AMD,,2026-04-24T10:33:45Z,2026-04-24
2026-04-25,41251:7-,Yet to Report,2026-04-25T14:35:00Z,41251,,2026-04-25T15:35:00Z,2026-04-25T23:05:00Z,4,12,8.416666666666666,8.5,9.75,2.25,8,5.583333333333333,5.716666666666667,2.283333333333333,-1,0.25,2026-04-26T00:20:00Z,L4,90.4115534921041,Airbus,3416,BLR-NAG-🛧BLR-MAA-BLR,,2026-04-25T10:18:42Z,2026-04-25
2026-04-25,22464:3-69117:5,Yet to Report,2026-04-25T10:45:00Z,22464,69117,2026-04-25T11:45:00Z,2026-04-25T21:15:00Z,4,12,10.583333333333334,10.5,12.733333333333334,-0.7333333333333343,8,7.083333333333333,7.3999999999999995,0.6000000000000005,,,2026-04-25T23:29:00Z,L4,78.59549276738491,Airbus,3909,DEL-HYD-🛧DEL-UDR-DEL,,2026-04-25T10:18:42Z,2026-04-25
2026-04-25,71331:7-93539:6,Reported,2026-04-25T07:15:00Z,71331,93539,2026-04-25T08:15:00Z,2026-04-25T19:15:00Z,3,12.5,12,12,12.516666666666667,-0.016666666666667496,8,6.75,6.716666666666667,1.2833333333333332,,,2026-04-25T19:46:00Z,L4,77.61996998538491,Airbus,3825,HYD-CCU-HYD-CCU-HYD,,2026-04-25T10:18:42Z,2026-04-25
2026-04-25,41887:6-12651:4,Reported,2026-04-25T07:30:00Z,41887,12651,2026-04-25T08:30:00Z,2026-04-25T19:00:00Z,3,12.5,11.75,11.5,13.166666666666666,-0.6666666666666661,8,6.333333333333333,6.283333333333333,1.7166666666666668,,,2026-04-25T20:40:00Z,L4,78.51135761738492,Airbus,4681,BLR-BOM-🛧BLR-AMD-BLR,,2026-04-25T10:18:42Z,2026-04-25
2026-04-25,34072:5-88475:8,Yet to Report,2026-04-25T12:45:00Z,34072,88475,2026-04-25T13:45:00Z,2026-04-25T23:05:00Z,4,12,10.25,10.333333333333334,11.533333333333333,0.4666666666666668,8,6.25,6.333333333333333,1.666666666666667,-1,-1.5333333333333332,2026-04-26T00:17:00Z,L4,90.41155568244474,Airbus,5941,NMI-🛧MAA-VTZ-🛧MAA-NMI,,2026-04-25T10:18:42Z,2026-04-25
2026-04-25,40830:8-80722:5,Yet to Report,2026-04-25T14:05:00Z,40830,80722,2026-04-25T15:05:00Z,2026-04-25T22:35:00Z,4,12,8.5,8.5,10.316666666666666,1.6833333333333336,8,5.5,5.916666666666667,2.083333333333333,-1,-0.31666666666666643,2026-04-26T00:24:00Z,L4,90.4115542931142,Airbus,4196,NMI-IXE-NMI-🛧HYD-NMI,,2026-04-25T10:18:42Z,2026-04-25
2026-04-25,66608:7-71977:5,Yet to Report,2026-04-25T14:50:00Z,66608,71977,2026-04-25T15:35:00Z,2026-04-25T22:45:00Z,4,12,7.75,7.916666666666667,9.766666666666666,2.2333333333333343,8,5.666666666666667,6.65,1.3499999999999996,-1,0.23333333333333428,2026-04-26T00:36:00Z,L4,90.41155351568032,ATR,1199,HYD-ISK-AMD-NMI-AMD,,2026-04-25T10:18:42Z,2026-04-25
2026-04-25,41251:7-,Yet to Report,2026-04-25T14:35:00Z,41251,,2026-04-25T15:35:00Z,2026-04-25T23:05:00Z,4,12,8.416666666666666,8.5,9.75,2.25,8,5.583333333333333,5.716666666666667,2.283333333333333,-1,0.25,2026-04-26T00:20:00Z,L4,90.4115534921041,Airbus,3416,BLR-NAG-🛧BLR-MAA-BLR,,2026-04-25T10:33:52Z,2026-04-25
2026-04-25,22464:3-69117:5,Yet to Report,2026-04-25T10:45:00Z,22464,69117,2026-04-25T11:45:00Z,2026-04-25T21:15:00Z,4,12,10.583333333333334,10.5,12.733333333333334,-0.7333333333333343,8,7.083333333333333,7.3999999999999995,0.6000000000000005,,,2026-04-25T23:29:00Z,L4,78.59549276738491,Airbus,3909,DEL-HYD-🛧DEL-UDR-DEL,,2026-04-25T10:33:52Z,2026-04-25
2026-04-25,71331:7-93539:6,Reported,2026-04-25T07:15:00Z,71331,93539,2026-04-25T08:15:00Z,2026-04-25T19:15:00Z,3,12.5,12,12,12.516666666666667,-0.016666666666667496,8,6.75,6.716666666666667,1.2833333333333332,,,2026-04-25T19:46:00Z,L4,77.61996998538491,Airbus,3825,HYD-CCU-HYD-CCU-HYD,,2026-04-25T10:33:52Z,2026-04-25
2026-04-25,41887:6-12651:4,Reported,2026-04-25T07:30:00Z,41887,12651,2026-04-25T08:30:00Z,2026-04-25T19:00:00Z,3,12.5,11.75,11.5,13.133333333333333,-0.6333333333333329,8,6.333333333333333,6.283333333333333,1.7166666666666668,,,2026-04-25T20:38:00Z,L4,78.46859486738492,Airbus,4681,BLR-BOM-🛧BLR-AMD-BLR,,2026-04-25T10:33:52Z,2026-04-25
2026-04-25,34072:5-88475:8,Yet to Report,2026-04-25T12:45:00Z,34072,88475,2026-04-25T13:45:00Z,2026-04-25T23:05:00Z,4,12,10.25,10.333333333333334,11.533333333333333,0.4666666666666668,8,6.25,6.333333333333333,1.666666666666667,-1,-1.5333333333333332,2026-04-26T00:17:00Z,L4,90.41155568244474,Airbus,5941,NMI-🛧MAA-VTZ-🛧MAA-NMI,,2026-04-25T10:33:52Z,2026-04-25
2026-04-25,40830:8-80722:5,Yet to Report,2026-04-25T14:05:00Z,40830,80722,2026-04-25T15:05:00Z,2026-04-25T22:35:00Z,4,12,8.5,8.5,10.316666666666666,1.6833333333333336,8,5.5,5.916666666666667,2.083333333333333,-1,-0.31666666666666643,2026-04-26T00:24:00Z,L4,90.4115542931142,Airbus,4196,NMI-IXE-NMI-🛧HYD-NMI,,2026-04-25T10:33:52Z,2026-04-25
2026-04-25,66608:7-71977:5,Yet to Report,2026-04-25T14:50:00Z,66608,71977,2026-04-25T15:35:00Z,2026-04-25T22:45:00Z,4,12,7.75,7.916666666666667,9.766666666666666,2.2333333333333343,8,5.666666666666667,6.65,1.3499999999999996,-1,0.23333333333333428,2026-04-26T00:36:00Z,L4,90.41155351568032,ATR,1199,HYD-ISK-AMD-NMI-AMD,,2026-04-25T10:33:52Z,2026-04-25
2026-04-25,33160:8-62651:5,Yet to Report,2026-04-25T06:25:00Z,33160,62651,2026-04-25T07:10:00Z,2026-04-25T17:20:00Z,4,12,10.916666666666666,10.916666666666666,12.016666666666666,-0.01666666666666572,8,6.75,6.833333333333333,1.166666666666667,,,2026-04-25T18:26:00Z,L4,77.61997010210992,ATR,1204,HYD-BHO-🛧HYD-RJA-HYD,,2026-04-24T10:48:32Z,2026-04-24
2026-04-25,21892:5-67029:6,Yet to Report,2026-04-25T09:45:00Z,21892,67029,2026-04-25T10:45:00Z,2026-04-25T20:45:00Z,4,12,11,11,12.066666666666666,-0.06666666666666643,8,7.5,7.666666666666667,0.33333333333333304,,,2026-04-25T21:49:00Z,L4,77.69109287675991,Airbus,3256,DEL-BLR-🛧DEL-DED-DEL,,2026-04-24T10:48:32Z,2026-04-24
2026-04-25,22464:5-69117:5,Yet to Report,2026-04-25T10:45:00Z,22464,69117,2026-04-25T11:45:00Z,2026-04-25T21:20:00Z,4,12,10.583333333333334,10.583333333333334,12.866666666666667,-0.8666666666666671,8,7.083333333333333,7.5,0.5,,,2026-04-25T23:37:00Z,L4,78.75781539963492,Airbus,3909,DEL-HYD-🛧DEL-UDR-DEL,,2026-04-24T10:48:32Z,2026-04-24
2026-04-25,41887:6-12651:4,Yet to Report,2026-04-25T07:30:00Z,41887,12651,2026-04-25T08:30:00Z,2026-04-25T19:15:00Z,3,12.5,11.75,11.75,12.733333333333333,-0.2333333333333325,8,6.333333333333333,6.05,1.9500000000000002,,,2026-04-25T20:14:00Z,L4,77.92681245925992,Airbus,4681,BLR-BOM-🛧BLR-AMD-BLR,,2026-04-24T10:48:32Z,2026-04-24
2026-04-25,66608:7-71977:5,Yet to Report,2026-04-25T14:50:00Z,66608,71977,2026-04-25T15:35:00Z,2026-04-25T22:35:00Z,4,12,7.75,7.75,9.8,2.1999999999999993,8,5.666666666666667,6.683333333333334,1.3166666666666664,-1,0.1999999999999993,2026-04-26T00:38:00Z,L4,90.41155356283205,ATR,1199,HYD-ISK-AMD-NMI-AMD,,2026-04-24T10:48:32Z,2026-04-24
2026-04-25,41251:7-,Yet to Report,2026-04-25T14:35:00Z,41251,,2026-04-25T15:35:00Z,2026-04-25T23:05:00Z,4,12,8.416666666666666,8.5,9.75,2.25,8,5.583333333333333,5.716666666666667,2.283333333333333,-1,0.25,2026-04-26T00:20:00Z,L4,90.4115534921041,Airbus,3416,BLR-NAG-🛧BLR-MAA-BLR,,2026-04-25T10:48:56Z,2026-04-25
2026-04-25,22464:3-69117:5,Yet to Report,2026-04-25T10:45:00Z,22464,69117,2026-04-25T11:45:00Z,2026-04-25T21:15:00Z,4,12,10.583333333333334,10.5,12.733333333333334,-0.7333333333333343,8,7.083333333333333,7.3999999999999995,0.6000000000000005,,,2026-04-25T23:29:00Z,L4,78.59549276738491,Airbus,3909,DEL-HYD-🛧DEL-UDR-DEL,,2026-04-25T10:48:56Z,2026-04-25
2026-04-25,71331:7-93539:6,Reported,2026-04-25T07:15:00Z,71331,93539,2026-04-25T08:15:00Z,2026-04-25T19:15:00Z,3,12.5,12,12,12.516666666666667,-0.016666666666667496,8,6.75,6.716666666666667,1.2833333333333332,,,2026-04-25T19:46:00Z,L4,77.61996998538491,Airbus,3825,HYD-CCU-HYD-CCU-HYD,,2026-04-25T10:48:56Z,2026-04-25
2026-04-25,41887:6-12651:4,Reported,2026-04-25T07:30:00Z,41887,12651,2026-04-25T08:30:00Z,2026-04-25T19:00:00Z,3,12.5,11.75,11.5,13.133333333333333,-0.6333333333333329,8,6.333333333333333,6.25,1.75,,,2026-04-25T20:38:00Z,L4,78.46859484323491,Airbus,4681,BLR-BOM-🛧BLR-AMD-BLR,,2026-04-25T10:48:56Z,2026-04-25
2026-04-25,34072:5-88475:8,Yet to Report,2026-04-25T12:45:00Z,34072,88475,2026-04-25T13:45:00Z,2026-04-25T23:05:00Z,4,12,10.25,10.333333333333334,11.533333333333333,0.4666666666666668,8,6.25,6.333333333333333,1.666666666666667,-1,-1.5333333333333332,2026-04-26T00:17:00Z,L4,90.41155568244474,Airbus,5941,NMI-🛧MAA-VTZ-🛧MAA-NMI,,2026-04-25T10:48:56Z,2026-04-25
2026-04-25,40830:8-80722:5,Yet to Report,2026-04-25T14:05:00Z,40830,80722,2026-04-25T15:05:00Z,2026-04-25T22:35:00Z,4,12,8.5,8.5,10.316666666666666,1.6833333333333336,8,5.5,5.916666666666667,2.083333333333333,-1,-0.31666666666666643,2026-04-26T00:24:00Z,L4,90.4115542931142,Airbus,4196,NMI-IXE-NMI-🛧HYD-NMI,,2026-04-25T10:48:56Z,2026-04-25
2026-04-25,66608:7-71977:5,Yet to Report,2026-04-25T14:50:00Z,66608,71977,2026-04-25T15:35:00Z,2026-04-25T22:45:00Z,4,12,7.75,7.916666666666667,9.766666666666666,2.2333333333333343,8,5.666666666666667,6.65,1.3499999999999996,-1,0.23333333333333428,2026-04-26T00:36:00Z,L4,90.41155351568032,ATR,1199,HYD-ISK-AMD-NMI-AMD,,2026-04-25T10:48:56Z,2026-04-25
2026-04-25,33160:8-62651:5,Yet to Report,2026-04-25T06:25:00Z,33160,62651,2026-04-25T07:10:00Z,2026-04-25T17:20:00Z,4,12,10.916666666666666,10.916666666666666,12.016666666666666,-0.01666666666666572,8,6.75,6.833333333333333,1.166666666666667,,,2026-04-25T18:26:00Z,L4,77.61997010210992,ATR,1204,HYD-BHO-🛧HYD-RJA-HYD,,2026-04-24T11:04:30Z,2026-04-24
2026-04-25,21892:5-67029:6,Yet to Report,2026-04-25T09:45:00Z,21892,67029,2026-04-25T10:45:00Z,2026-04-25T20:45:00Z,4,12,11,11,12.066666666666666,-0.06666666666666643,8,7.5,7.666666666666667,0.33333333333333304,,,2026-04-25T21:49:00Z,L4,77.69109287675991,Airbus,3256,DEL-BLR-🛧DEL-DED-DEL,,2026-04-24T11:04:30Z,2026-04-24
2026-04-25,22464:5-69117:5,Yet to Report,2026-04-25T10:45:00Z,22464,69117,2026-04-25T11:45:00Z,2026-04-25T21:20:00Z,4,12,10.583333333333334,10.583333333333334,12.866666666666667,-0.8666666666666671,8,7.083333333333333,7.5,0.5,,,2026-04-25T23:37:00Z,L4,78.75781539963492,Airbus,3909,DEL-HYD-🛧DEL-UDR-DEL,,2026-04-24T11:04:30Z,2026-04-24
2026-04-25,41887:6-12651:4,Yet to Report,2026-04-25T07:30:00Z,41887,12651,2026-04-25T08:30:00Z,2026-04-25T19:15:00Z,3,12.5,11.75,11.75,12.733333333333333,-0.2333333333333325,8,6.333333333333333,6.05,1.9500000000000002,,,2026-04-25T20:14:00Z,L4,77.92681245925992,Airbus,4681,BLR-BOM-🛧BLR-AMD-BLR,,2026-04-24T11:04:30Z,2026-04-24
2026-04-25,66608:7-71977:5,Yet to Report,2026-04-25T14:50:00Z,66608,71977,2026-04-25T15:35:00Z,2026-04-25T22:35:00Z,4,12,7.75,7.75,9.8,2.1999999999999993,8,5.666666666666667,6.683333333333334,1.3166666666666664,-1,0.1999999999999993,2026-04-26T00:38:00Z,L4,90.41155356283205,ATR,1199,HYD-ISK-AMD-NMI-AMD,,2026-04-24T11:04:30Z,2026-04-24
2026-04-25,33160:8-62651:5,Yet to Report,2026-04-25T06:25:00Z,33160,62651,2026-04-25T07:10:00Z,2026-04-25T17:20:00Z,4,12,10.916666666666666,10.916666666666666,12.016666666666666,-0.01666666666666572,8,6.75,6.833333333333333,1.166666666666667,,,2026-04-25T18:26:00Z,L4,77.61997010210992,ATR,1204,HYD-BHO-🛧HYD-RJA-HYD,,2026-04-24T11:18:15Z,2026-04-24
2026-04-25,21892:5-67029:6,Yet to Report,2026-04-25T09:45:00Z,21892,67029,2026-04-25T10:45:00Z,2026-04-25T20:45:00Z,4,12,11,11,12.066666666666666,-0.06666666666666643,8,7.5,7.666666666666667,0.33333333333333304,,,2026-04-25T21:49:00Z,L4,77.69109287675991,Airbus,3256,DEL-BLR-🛧DEL-DED-DEL,,2026-04-24T11:18:15Z,2026-04-24
2026-04-25,22464:5-69117:5,Yet to Report,2026-04-25T10:45:00Z,22464,69117,2026-04-25T11:45:00Z,2026-04-25T21:20:00Z,4,12,10.583333333333334,10.583333333333334,12.866666666666667,-0.8666666666666671,8,7.083333333333333,7.5,0.5,,,2026-04-25T23:37:00Z,L4,78.75781539963492,Airbus,3909,DEL-HYD-🛧DEL-UDR-DEL,,2026-04-24T11:18:15Z,2026-04-24
2026-04-25,41887:6-12651:4,Yet to Report,2026-04-25T07:30:00Z,41887,12651,2026-04-25T08:30:00Z,2026-04-25T19:15:00Z,3,12.5,11.75,11.75,12.733333333333333,-0.2333333333333325,8,6.333333333333333,6.05,1.9500000000000002,,,2026-04-25T20:14:00Z,L4,77.92681245925992,Airbus,4681,BLR-BOM-🛧BLR-AMD-BLR,,2026-04-24T11:18:15Z,2026-04-24
2026-04-25,66608:7-71977:5,Yet to Report,2026-04-25T14:50:00Z,66608,71977,2026-04-25T15:35:00Z,2026-04-25T22:35:00Z,4,12,7.75,7.75,9.8,2.1999999999999993,8,5.666666666666667,6.683333333333334,1.3166666666666664,-1,0.1999999999999993,2026-04-26T00:38:00Z,L4,90.41155356283205,ATR,1199,HYD-ISK-AMD-NMI-AMD,,2026-04-24T11:18:15Z,2026-04-24
2026-04-25,41251:7-,Yet to Report,2026-04-25T14:35:00Z,41251,,2026-04-25T15:35:00Z,2026-04-25T23:05:00Z,4,12,8.416666666666666,8.5,9.75,2.25,8,5.583333333333333,5.716666666666667,2.283333333333333,-1,0.25,2026-04-26T00:20:00Z,L4,90.4115534921041,Airbus,3416,BLR-NAG-🛧BLR-MAA-BLR,,2026-04-25T11:04:51Z,2026-04-25
2026-04-25,22464:3-69117:5,Reported,2026-04-25T10:45:00Z,22464,69117,2026-04-25T11:45:00Z,2026-04-25T21:15:00Z,4,12,10.583333333333334,10.5,12.733333333333334,-0.7333333333333343,8,7.083333333333333,7.3999999999999995,0.6000000000000005,,,2026-04-25T23:29:00Z,L4,78.59549276738491,Airbus,3909,DEL-HYD-🛧DEL-UDR-DEL,,2026-04-25T11:04:51Z,2026-04-25
2026-04-25,41887:6-12651:4,Reported,2026-04-25T07:30:00Z,41887,12651,2026-04-25T08:30:00Z,2026-04-25T19:00:00Z,3,12.5,11.75,11.5,13.133333333333333,-0.6333333333333329,8,6.333333333333333,6.25,1.75,,,2026-04-25T20:38:00Z,L4,78.46859484323491,Airbus,4681,BLR-BOM-🛧BLR-AMD-BLR,,2026-04-25T11:04:51Z,2026-04-25
2026-04-25,34072:5-88475:8,Yet to Report,2026-04-25T12:45:00Z,34072,88475,2026-04-25T13:45:00Z,2026-04-25T23:05:00Z,4,12,10.25,10.333333333333334,11.533333333333333,0.4666666666666668,8,6.25,6.333333333333333,1.666666666666667,-1,-1.5333333333333332,2026-04-26T00:17:00Z,L4,90.41155568244474,Airbus,5941,NMI-🛧MAA-VTZ-🛧MAA-NMI,,2026-04-25T11:04:51Z,2026-04-25
2026-04-25,40830:8-80722:5,Yet to Report,2026-04-25T14:05:00Z,40830,80722,2026-04-25T15:05:00Z,2026-04-25T22:35:00Z,4,12,8.5,8.5,10.316666666666666,1.6833333333333336,8,5.5,5.916666666666667,2.083333333333333,-1,-0.31666666666666643,2026-04-26T00:24:00Z,L4,90.4115542931142,Airbus,4196,NMI-IXE-NMI-🛧HYD-NMI,,2026-04-25T11:04:51Z,2026-04-25
2026-04-25,66608:7-71977:5,Yet to Report,2026-04-25T14:50:00Z,66608,71977,2026-04-25T15:35:00Z,2026-04-25T22:45:00Z,4,12,7.75,7.916666666666667,9.766666666666666,2.2333333333333343,8,5.666666666666667,6.65,1.3499999999999996,-1,0.23333333333333428,2026-04-26T00:36:00Z,L4,90.41155351568032,ATR,1199,HYD-ISK-AMD-NMI-AMD,,2026-04-25T11:04:51Z,2026-04-25
2026-04-25,66608:7-71977:5,Yet to Report,2026-04-25T14:50:00Z,66608,71977,2026-04-25T15:35:00Z,2026-04-25T22:35:00Z,4,12,7.75,7.75,9.8,2.1999999999999993,8,5.666666666666667,6.683333333333334,1.3166666666666664,-1,0.1999999999999993,2026-04-26T00:38:00Z,L4,90.41155356283205,ATR,1199,HYD-ISK-AMD-NMI-AMD,,2026-04-24T11:34:46Z,2026-04-24
2026-04-25,33160:8-62651:5,Yet to Report,2026-04-25T06:25:00Z,33160,62651,2026-04-25T07:10:00Z,2026-04-25T17:20:00Z,4,12,10.916666666666666,10.916666666666666,12.016666666666666,-0.01666666666666572,8,6.75,6.833333333333333,1.166666666666667,,,2026-04-25T18:26:00Z,L4,77.61997010210992,ATR,1204,HYD-BHO-🛧HYD-RJA-HYD,,2026-04-24T11:34:46Z,2026-04-24
2026-04-25,21892:5-67029:6,Yet to Report,2026-04-25T09:45:00Z,21892,67029,2026-04-25T10:45:00Z,2026-04-25T20:45:00Z,4,12,11,11,12.066666666666666,-0.06666666666666643,8,7.5,7.666666666666667,0.33333333333333304,,,2026-04-25T21:49:00Z,L4,77.69109287675991,Airbus,3256,DEL-BLR-🛧DEL-DED-DEL,,2026-04-24T11:34:46Z,2026-04-24
2026-04-25,22464:5-69117:5,Yet to Report,2026-04-25T10:45:00Z,22464,69117,2026-04-25T11:45:00Z,2026-04-25T21:20:00Z,4,12,10.583333333333334,10.583333333333334,12.866666666666667,-0.8666666666666671,8,7.083333333333333,7.5,0.5,,,2026-04-25T23:37:00Z,L4,78.75781539963492,Airbus,3909,DEL-HYD-🛧DEL-UDR-DEL,,2026-04-24T11:34:46Z,2026-04-24
2026-04-25,41887:6-12651:4,Yet to Report,2026-04-25T07:30:00Z,41887,12651,2026-04-25T08:30:00Z,2026-04-25T19:15:00Z,3,12.5,11.75,11.75,12.733333333333333,-0.2333333333333325,8,6.333333333333333,6.05,1.9500000000000002,,,2026-04-25T20:14:00Z,L4,77.92681245925992,Airbus,4681,BLR-BOM-🛧BLR-AMD-BLR,,2026-04-24T11:34:46Z,2026-04-24
2026-04-25,41251:7-,Yet to Report,2026-04-25T14:35:00Z,41251,,2026-04-25T15:35:00Z,2026-04-25T23:05:00Z,4,12,8.416666666666666,8.5,9.75,2.25,8,5.583333333333333,5.716666666666667,2.283333333333333,-1,0.25,2026-04-26T00:20:00Z,L4,90.4115534921041,Airbus,3416,BLR-NAG-🛧BLR-MAA-BLR,,2026-04-25T11:19:29Z,2026-04-25
2026-04-25,22464:3-69117:5,Reported,2026-04-25T10:45:00Z,22464,69117,2026-04-25T11:45:00Z,2026-04-25T21:15:00Z,4,12,10.583333333333334,10.5,12.733333333333334,-0.7333333333333343,8,7.083333333333333,7.3999999999999995,0.6000000000000005,,,2026-04-25T23:29:00Z,L4,78.59549276738491,Airbus,3909,DEL-HYD-🛧DEL-UDR-DEL,,2026-04-25T11:19:29Z,2026-04-25
2026-04-25,41887:6-12651:4,Reported,2026-04-25T07:30:00Z,41887,12651,2026-04-25T08:30:00Z,2026-04-25T19:00:00Z,3,12.5,11.75,11.5,12.9,-0.40000000000000036,8,6.333333333333333,6.25,1.75,,,2026-04-25T20:24:00Z,L4,78.15803159323491,Airbus,4681,BLR-BOM-🛧BLR-AMD-BLR,,2026-04-25T11:19:29Z,2026-04-25
2026-04-25,34072:5-88475:8,Yet to Report,2026-04-25T12:45:00Z,34072,88475,2026-04-25T13:45:00Z,2026-04-25T23:05:00Z,4,12,10.25,10.333333333333334,11.533333333333333,0.4666666666666668,8,6.25,6.333333333333333,1.666666666666667,-1,-1.5333333333333332,2026-04-26T00:17:00Z,L4,90.41155568244474,Airbus,5941,NMI-🛧MAA-VTZ-🛧MAA-NMI,,2026-04-25T11:19:29Z,2026-04-25
2026-04-25,40830:8-80722:5,Yet to Report,2026-04-25T14:05:00Z,40830,80722,2026-04-25T15:05:00Z,2026-04-25T22:35:00Z,4,12,8.5,8.5,10.316666666666666,1.6833333333333336,8,5.5,5.916666666666667,2.083333333333333,-1,-0.31666666666666643,2026-04-26T00:24:00Z,L4,90.4115542931142,Airbus,4196,NMI-IXE-NMI-🛧HYD-NMI,,2026-04-25T11:19:29Z,2026-04-25
2026-04-25,66608:7-71977:5,Yet to Report,2026-04-25T14:50:00Z,66608,71977,2026-04-25T15:35:00Z,2026-04-25T22:45:00Z,4,12,7.75,7.916666666666667,9.766666666666666,2.2333333333333343,8,5.666666666666667,6.65,1.3499999999999996,-1,0.23333333333333428,2026-04-26T00:36:00Z,L4,90.41155351568032,ATR,1199,HYD-ISK-AMD-NMI-AMD,,2026-04-25T11:19:29Z,2026-04-25
2026-04-25,41251:7-,Yet to Report,2026-04-25T14:35:00Z,41251,,2026-04-25T15:35:00Z,2026-04-25T23:05:00Z,4,12,8.416666666666666,8.5,9.75,2.25,8,5.583333333333333,5.716666666666667,2.283333333333333,-1,0.25,2026-04-26T00:20:00Z,L4,90.4115534921041,Airbus,3416,BLR-NAG-🛧BLR-MAA-BLR,,2026-04-25T11:34:53Z,2026-04-25
2026-04-25,22464:3-69117:5,Reported,2026-04-25T10:45:00Z,22464,69117,2026-04-25T11:45:00Z,2026-04-25T21:15:00Z,4,12,10.583333333333334,10.5,12.733333333333334,-0.7333333333333343,8,7.083333333333333,7.3999999999999995,0.6000000000000005,,,2026-04-25T23:29:00Z,L4,78.59549276738491,Airbus,3909,DEL-HYD-🛧DEL-UDR-DEL,,2026-04-25T11:34:53Z,2026-04-25
2026-04-25,41887:6-12651:4,Reported,2026-04-25T07:30:00Z,41887,12651,2026-04-25T08:30:00Z,2026-04-25T19:00:00Z,3,12.5,11.75,11.5,12.9,-0.40000000000000036,8,6.333333333333333,6.266666666666667,1.7333333333333334,,,2026-04-25T20:24:00Z,L4,78.15803160530992,Airbus,4681,BLR-BOM-🛧BLR-AMD-BLR,,2026-04-25T11:34:53Z,2026-04-25
2026-04-25,34072:5-88475:8,Yet to Report,2026-04-25T12:45:00Z,34072,88475,2026-04-25T13:45:00Z,2026-04-25T23:05:00Z,4,12,10.25,10.333333333333334,11.533333333333333,0.4666666666666668,8,6.25,6.333333333333333,1.666666666666667,-1,-1.5333333333333332,2026-04-26T00:17:00Z,L4,90.41155568244474,Airbus,5941,NMI-🛧MAA-VTZ-🛧MAA-NMI,,2026-04-25T11:34:53Z,2026-04-25
2026-04-25,40830:8-80722:5,Yet to Report,2026-04-25T14:05:00Z,40830,80722,2026-04-25T15:05:00Z,2026-04-25T22:35:00Z,4,12,8.5,8.5,10.316666666666666,1.6833333333333336,8,5.5,5.916666666666667,2.083333333333333,-1,-0.31666666666666643,2026-04-26T00:24:00Z,L4,90.4115542931142,Airbus,4196,NMI-IXE-NMI-🛧HYD-NMI,,2026-04-25T11:34:53Z,2026-04-25
2026-04-25,66608:7-71977:5,Yet to Report,2026-04-25T14:50:00Z,66608,71977,2026-04-25T15:35:00Z,2026-04-25T22:45:00Z,4,12,7.75,7.916666666666667,9.766666666666666,2.2333333333333343,8,5.666666666666667,6.65,1.3499999999999996,-1,0.23333333333333428,2026-04-26T00:36:00Z,L4,90.41155351568032,ATR,1199,HYD-ISK-AMD-NMI-AMD,,2026-04-25T11:34:53Z,2026-04-25
2026-04-25,66608:7-71977:5,Yet to Report,2026-04-25T14:50:00Z,66608,71977,2026-04-25T15:35:00Z,2026-04-25T22:35:00Z,4,12,7.75,7.75,9.8,2.1999999999999993,8,5.666666666666667,6.683333333333334,1.3166666666666664,-1,0.1999999999999993,2026-04-26T00:38:00Z,L4,90.41155356283205,ATR,1199,HYD-ISK-AMD-NMI-AMD,,2026-04-24T11:48:12Z,2026-04-24
2026-04-25,33160:8-62651:5,Yet to Report,2026-04-25T06:25:00Z,33160,62651,2026-04-25T07:10:00Z,2026-04-25T17:20:00Z,4,12,10.916666666666666,10.916666666666666,12.016666666666666,-0.01666666666666572,8,6.75,6.833333333333333,1.166666666666667,,,2026-04-25T18:26:00Z,L4,77.61997010210992,ATR,1204,HYD-BHO-🛧HYD-RJA-HYD,,2026-04-24T11:48:12Z,2026-04-24
2026-04-25,21892:5-67029:6,Yet to Report,2026-04-25T09:45:00Z,21892,67029,2026-04-25T10:45:00Z,2026-04-25T20:45:00Z,4,12,11,11,12.066666666666666,-0.06666666666666643,8,7.5,7.666666666666667,0.33333333333333304,,,2026-04-25T21:49:00Z,L4,77.69109287675991,Airbus,3256,DEL-BLR-🛧DEL-DED-DEL,,2026-04-24T11:48:12Z,2026-04-24
2026-04-25,22464:5-69117:5,Yet to Report,2026-04-25T10:45:00Z,22464,69117,2026-04-25T11:45:00Z,2026-04-25T21:20:00Z,4,12,10.583333333333334,10.583333333333334,12.866666666666667,-0.8666666666666671,8,7.083333333333333,7.5,0.5,,,2026-04-25T23:37:00Z,L4,78.75781539963492,Airbus,3909,DEL-HYD-🛧DEL-UDR-DEL,,2026-04-24T11:48:12Z,2026-04-24
2026-04-25,41887:6-12651:4,Yet to Report,2026-04-25T07:30:00Z,41887,12651,2026-04-25T08:30:00Z,2026-04-25T19:15:00Z,3,12.5,11.75,11.75,12.733333333333333,-0.2333333333333325,8,6.333333333333333,6.05,1.9500000000000002,,,2026-04-25T20:14:00Z,L4,77.92681245925992,Airbus,4681,BLR-BOM-🛧BLR-AMD-BLR,,2026-04-24T11:48:12Z,2026-04-24
2026-04-25,41251:7-,Yet to Report,2026-04-25T14:35:00Z,41251,,2026-04-25T15:35:00Z,2026-04-25T23:05:00Z,4,12,8.416666666666666,8.5,9.75,2.25,8,5.583333333333333,5.716666666666667,2.283333333333333,-1,0.25,2026-04-26T00:20:00Z,L4,90.4115534921041,Airbus,3416,BLR-NAG-🛧BLR-MAA-BLR,,2026-04-25T11:48:03Z,2026-04-25
2026-04-25,22464:3-69117:5,Reported,2026-04-25T10:45:00Z,22464,69117,2026-04-25T11:45:00Z,2026-04-25T21:15:00Z,4,12,10.583333333333334,10.5,12.733333333333334,-0.7333333333333343,8,7.083333333333333,7.3999999999999995,0.6000000000000005,,,2026-04-25T23:29:00Z,L4,78.59549276738491,Airbus,3909,DEL-HYD-🛧DEL-UDR-DEL,,2026-04-25T11:48:03Z,2026-04-25
2026-04-25,41887:6-12651:4,Reported,2026-04-25T07:30:00Z,41887,12651,2026-04-25T08:30:00Z,2026-04-25T19:00:00Z,3,12.5,11.75,11.5,13.066666666666666,-0.5666666666666664,8,6.333333333333333,6.266666666666667,1.7333333333333334,,,2026-04-25T20:34:00Z,L4,78.38178135530991,Airbus,4681,BLR-BOM-🛧BLR-AMD-BLR,,2026-04-25T11:48:03Z,2026-04-25
2026-04-25,40830:8-80722:5,Yet to Report,2026-04-25T14:10:00Z,40830,80722,2026-04-25T15:10:00Z,2026-04-25T22:35:00Z,4,12,8.416666666666666,8.416666666666666,10.1,1.9000000000000004,8,5.5,5.916666666666667,2.083333333333333,-1,-0.09999999999999964,2026-04-26T00:16:00Z,L4,90.41155398834924,Airbus,4196,NMI-IXE-NMI-🛧HYD-NMI,,2026-04-25T11:48:03Z,2026-04-25
2026-04-25,34072:5-88475:8,Yet to Report,2026-04-25T12:45:00Z,34072,88475,2026-04-25T13:45:00Z,2026-04-25T23:05:00Z,4,12,10.25,10.333333333333334,11.533333333333333,0.4666666666666668,8,6.25,6.333333333333333,1.666666666666667,-1,-1.5333333333333332,2026-04-26T00:17:00Z,L4,90.41155568244474,Airbus,5941,NMI-🛧MAA-VTZ-🛧MAA-NMI,,2026-04-25T11:48:03Z,2026-04-25
2026-04-25,66608:7-71977:5,Yet to Report,2026-04-25T14:50:00Z,66608,71977,2026-04-25T15:35:00Z,2026-04-25T22:45:00Z,4,12,7.75,7.916666666666667,9.766666666666666,2.2333333333333343,8,5.666666666666667,6.65,1.3499999999999996,-1,0.23333333333333428,2026-04-26T00:36:00Z,L4,90.41155351568032,ATR,1199,HYD-ISK-AMD-NMI-AMD,,2026-04-25T11:48:03Z,2026-04-25
2026-04-25,66608:7-71977:5,Yet to Report,2026-04-25T14:50:00Z,66608,71977,2026-04-25T15:35:00Z,2026-04-25T22:35:00Z,4,12,7.75,7.75,9.8,2.1999999999999993,8,5.666666666666667,6.683333333333334,1.3166666666666664,-1,0.1999999999999993,2026-04-26T00:38:00Z,L4,90.41155356283205,ATR,1199,HYD-ISK-AMD-NMI-AMD,,2026-04-24T12:48:22Z,2026-04-24
2026-04-25,21892:5-67029:6,Yet to Report,2026-04-25T09:45:00Z,21892,67029,2026-04-25T10:45:00Z,2026-04-25T20:45:00Z,4,12,11,11,12.066666666666666,-0.06666666666666643,8,7.5,7.666666666666667,0.33333333333333304,,,2026-04-25T21:49:00Z,L4,77.69109287675991,Airbus,3256,DEL-BLR-🛧DEL-DED-DEL,,2026-04-24T12:48:22Z,2026-04-24
2026-04-25,22464:5-69117:5,Yet to Report,2026-04-25T10:45:00Z,22464,69117,2026-04-25T11:45:00Z,2026-04-25T21:20:00Z,4,12,10.583333333333334,10.583333333333334,12.866666666666667,-0.8666666666666671,8,7.083333333333333,7.5,0.5,,,2026-04-25T23:37:00Z,L4,78.75781539963492,Airbus,3909,DEL-HYD-🛧DEL-UDR-DEL,,2026-04-24T12:48:22Z,2026-04-24
2026-04-25,41887:6-12651:4,Yet to Report,2026-04-25T07:30:00Z,41887,12651,2026-04-25T08:30:00Z,2026-04-25T19:15:00Z,3,12.5,11.75,11.75,12.733333333333333,-0.2333333333333325,8,6.333333333333333,6.05,1.9500000000000002,,,2026-04-25T20:14:00Z,L4,77.92681245925992,Airbus,4681,BLR-BOM-🛧BLR-AMD-BLR,,2026-04-24T12:48:22Z,2026-04-24
2026-04-25,66608:7-71977:5,Yet to Report,2026-04-25T14:50:00Z,66608,71977,2026-04-25T15:35:00Z,2026-04-25T22:35:00Z,4,12,7.75,7.75,9.8,2.1999999999999993,8,5.666666666666667,6.683333333333334,1.3166666666666664,-1,0.1999999999999993,2026-04-26T00:38:00Z,L4,90.41155356283205,ATR,1199,HYD-ISK-AMD-NMI-AMD,,2026-04-24T12:05:48Z,2026-04-24
2026-04-25,33160:8-62651:5,Yet to Report,2026-04-25T06:25:00Z,33160,62651,2026-04-25T07:10:00Z,2026-04-25T17:20:00Z,4,12,10.916666666666666,10.916666666666666,12.016666666666666,-0.01666666666666572,8,6.75,6.833333333333333,1.166666666666667,,,2026-04-25T18:26:00Z,L4,77.61997010210992,ATR,1204,HYD-BHO-🛧HYD-RJA-HYD,,2026-04-24T12:05:48Z,2026-04-24
2026-04-25,21892:5-67029:6,Yet to Report,2026-04-25T09:45:00Z,21892,67029,2026-04-25T10:45:00Z,2026-04-25T20:45:00Z,4,12,11,11,12.066666666666666,-0.06666666666666643,8,7.5,7.666666666666667,0.33333333333333304,,,2026-04-25T21:49:00Z,L4,77.69109287675991,Airbus,3256,DEL-BLR-🛧DEL-DED-DEL,,2026-04-24T12:05:48Z,2026-04-24
2026-04-25,22464:5-69117:5,Yet to Report,2026-04-25T10:45:00Z,22464,69117,2026-04-25T11:45:00Z,2026-04-25T21:20:00Z,4,12,10.583333333333334,10.583333333333334,12.866666666666667,-0.8666666666666671,8,7.083333333333333,7.5,0.5,,,2026-04-25T23:37:00Z,L4,78.75781539963492,Airbus,3909,DEL-HYD-🛧DEL-UDR-DEL,,2026-04-24T12:05:48Z,2026-04-24
2026-04-25,41887:6-12651:4,Yet to Report,2026-04-25T07:30:00Z,41887,12651,2026-04-25T08:30:00Z,2026-04-25T19:15:00Z,3,12.5,11.75,11.75,12.733333333333333,-0.2333333333333325,8,6.333333333333333,6.05,1.9500000000000002,,,2026-04-25T20:14:00Z,L4,77.92681245925992,Airbus,4681,BLR-BOM-🛧BLR-AMD-BLR,,2026-04-24T12:05:48Z,2026-04-24
2026-04-25,41251:7-,Yet to Report,2026-04-25T14:35:00Z,41251,,2026-04-25T15:35:00Z,2026-04-25T23:05:00Z,4,12,8.416666666666666,8.5,9.75,2.25,8,5.583333333333333,5.716666666666667,2.283333333333333,-1,0.25,2026-04-26T00:20:00Z,L4,90.4115534921041,Airbus,3416,BLR-NAG-🛧BLR-MAA-BLR,,2026-04-25T12:04:50Z,2026-04-25
2026-04-25,22464:3-69117:5,Reported,2026-04-25T10:45:00Z,22464,69117,2026-04-25T11:45:00Z,2026-04-25T21:15:00Z,4,12,10.583333333333334,10.5,12.733333333333334,-0.7333333333333343,8,7.083333333333333,7.3999999999999995,0.6000000000000005,,,2026-04-25T23:29:00Z,L4,78.59549276738491,Airbus,3909,DEL-HYD-🛧DEL-UDR-DEL,,2026-04-25T12:04:50Z,2026-04-25
2026-04-25,41887:6-12651:4,Reported,2026-04-25T07:30:00Z,41887,12651,2026-04-25T08:30:00Z,2026-04-25T19:00:00Z,3,12.5,11.75,11.5,13.066666666666666,-0.5666666666666664,8,6.333333333333333,6.433333333333333,1.5666666666666673,,,2026-04-25T20:34:00Z,L4,78.38178148353492,Airbus,4681,BLR-BOM-🛧BLR-AMD-BLR,,2026-04-25T12:04:50Z,2026-04-25
2026-04-25,40830:8-80722:5,Yet to Report,2026-04-25T14:15:00Z,40830,80722,2026-04-25T15:15:00Z,2026-04-25T22:35:00Z,4,12,8.333333333333334,8.333333333333334,10.100000000000001,1.8999999999999986,8,5.5,5.8,2.2,-1,-0.10000000000000142,2026-04-26T00:21:00Z,L4,90.41155398834924,Airbus,4196,NMI-IXE-NMI-🛧HYD-NMI,,2026-04-25T12:04:50Z,2026-04-25
2026-04-25,34072:5-88475:8,Yet to Report,2026-04-25T12:45:00Z,34072,88475,2026-04-25T13:45:00Z,2026-04-25T23:05:00Z,4,12,10.25,10.333333333333334,11.533333333333333,0.4666666666666668,8,6.25,6.333333333333333,1.666666666666667,-1,-1.5333333333333332,2026-04-26T00:17:00Z,L4,90.41155568244474,Airbus,5941,NMI-🛧MAA-VTZ-🛧MAA-NMI,,2026-04-25T12:04:50Z,2026-04-25
2026-04-25,66608:7-71977:5,Yet to Report,2026-04-25T14:50:00Z,66608,71977,2026-04-25T15:35:00Z,2026-04-25T22:45:00Z,4,12,7.75,7.916666666666667,9.766666666666666,2.2333333333333343,8,5.666666666666667,6.65,1.3499999999999996,-1,0.23333333333333428,2026-04-26T00:36:00Z,L4,90.41155351568032,ATR,1199,HYD-ISK-AMD-NMI-AMD,,2026-04-25T12:04:50Z,2026-04-25
2026-04-25,66608:7-71977:5,Yet to Report,2026-04-25T14:50:00Z,66608,71977,2026-04-25T15:35:00Z,2026-04-25T22:35:00Z,4,12,7.75,7.75,9.8,2.1999999999999993,8,5.666666666666667,6.683333333333334,1.3166666666666664,-1,0.1999999999999993,2026-04-26T00:38:00Z,L4,90.41155356283205,ATR,1199,HYD-ISK-AMD-NMI-AMD,,2026-04-24T12:19:02Z,2026-04-24
2026-04-25,21892:5-67029:6,Yet to Report,2026-04-25T09:45:00Z,21892,67029,2026-04-25T10:45:00Z,2026-04-25T20:45:00Z,4,12,11,11,12.066666666666666,-0.06666666666666643,8,7.5,7.666666666666667,0.33333333333333304,,,2026-04-25T21:49:00Z,L4,77.69109287675991,Airbus,3256,DEL-BLR-🛧DEL-DED-DEL,,2026-04-24T12:19:02Z,2026-04-24
2026-04-25,22464:5-69117:5,Yet to Report,2026-04-25T10:45:00Z,22464,69117,2026-04-25T11:45:00Z,2026-04-25T21:20:00Z,4,12,10.583333333333334,10.583333333333334,12.866666666666667,-0.8666666666666671,8,7.083333333333333,7.5,0.5,,,2026-04-25T23:37:00Z,L4,78.75781539963492,Airbus,3909,DEL-HYD-🛧DEL-UDR-DEL,,2026-04-24T12:19:02Z,2026-04-24
2026-04-25,41887:6-12651:4,Yet to Report,2026-04-25T07:30:00Z,41887,12651,2026-04-25T08:30:00Z,2026-04-25T19:15:00Z,3,12.5,11.75,11.75,12.733333333333333,-0.2333333333333325,8,6.333333333333333,6.05,1.9500000000000002,,,2026-04-25T20:14:00Z,L4,77.92681245925992,Airbus,4681,BLR-BOM-🛧BLR-AMD-BLR,,2026-04-24T12:19:02Z,2026-04-24
2026-04-25,66608:7-71977:5,Yet to Report,2026-04-25T14:50:00Z,66608,71977,2026-04-25T15:35:00Z,2026-04-25T22:35:00Z,4,12,7.75,7.75,9.8,2.1999999999999993,8,5.666666666666667,6.683333333333334,1.3166666666666664,-1,0.1999999999999993,2026-04-26T00:38:00Z,L4,90.41155356283205,ATR,1199,HYD-ISK-AMD-NMI-AMD,,2026-04-24T12:34:42Z,2026-04-24
2026-04-25,21892:5-67029:6,Yet to Report,2026-04-25T09:45:00Z,21892,67029,2026-04-25T10:45:00Z,2026-04-25T20:45:00Z,4,12,11,11,12.066666666666666,-0.06666666666666643,8,7.5,7.666666666666667,0.33333333333333304,,,2026-04-25T21:49:00Z,L4,77.69109287675991,Airbus,3256,DEL-BLR-🛧DEL-DED-DEL,,2026-04-24T12:34:42Z,2026-04-24
2026-04-25,22464:5-69117:5,Yet to Report,2026-04-25T10:45:00Z,22464,69117,2026-04-25T11:45:00Z,2026-04-25T21:20:00Z,4,12,10.583333333333334,10.583333333333334,12.866666666666667,-0.8666666666666671,8,7.083333333333333,7.5,0.5,,,2026-04-25T23:37:00Z,L4,78.75781539963492,Airbus,3909,DEL-HYD-🛧DEL-UDR-DEL,,2026-04-24T12:34:42Z,2026-04-24
2026-04-25,41887:6-12651:4,Yet to Report,2026-04-25T07:30:00Z,41887,12651,2026-04-25T08:30:00Z,2026-04-25T19:15:00Z,3,12.5,11.75,11.75,12.733333333333333,-0.2333333333333325,8,6.333333333333333,6.05,1.9500000000000002,,,2026-04-25T20:14:00Z,L4,77.92681245925992,Airbus,4681,BLR-BOM-🛧BLR-AMD-BLR,,2026-04-24T12:34:42Z,2026-04-24
2026-04-25,41251:7-,Yet to Report,2026-04-25T14:35:00Z,41251,,2026-04-25T15:35:00Z,2026-04-25T23:05:00Z,4,12,8.416666666666666,8.5,9.75,2.25,8,5.583333333333333,5.716666666666667,2.283333333333333,-1,0.25,2026-04-26T00:20:00Z,L4,90.4115534921041,Airbus,3416,BLR-NAG-🛧BLR-MAA-BLR,,2026-04-25T12:18:19Z,2026-04-25
2026-04-25,66608:7-71977:5,Yet to Report,2026-04-25T14:50:00Z,66608,71977,2026-04-25T15:35:00Z,2026-04-25T22:45:00Z,4,12,7.75,7.916666666666667,9.766666666666666,2.2333333333333343,8,5.666666666666667,6.65,1.3499999999999996,-1,0.23333333333333428,2026-04-26T00:36:00Z,L4,90.41155351568032,ATR,1199,HYD-ISK-AMD-NMI-AMD,,2026-04-25T12:18:19Z,2026-04-25
2026-04-25,40830:8-80722:5,Yet to Report,2026-04-25T14:15:00Z,40830,80722,2026-04-25T15:15:00Z,2026-04-25T22:35:00Z,4,12,8.333333333333334,8.333333333333334,10.100000000000001,1.8999999999999986,8,5.5,5.8,2.2,-1,-0.10000000000000142,2026-04-26T00:21:00Z,L4,90.41155398834924,Airbus,4196,NMI-IXE-NMI-🛧HYD-NMI,,2026-04-25T12:18:19Z,2026-04-25
2026-04-25,34072:5-88475:8,Yet to Report,2026-04-25T12:45:00Z,34072,88475,2026-04-25T13:45:00Z,2026-04-25T23:05:00Z,4,12,10.25,10.333333333333334,11.533333333333333,0.4666666666666668,8,6.25,6.333333333333333,1.666666666666667,-1,-1.5333333333333332,2026-04-26T00:17:00Z,L4,90.41155568244474,Airbus,5941,NMI-🛧MAA-VTZ-🛧MAA-NMI,,2026-04-25T12:18:19Z,2026-04-25
2026-04-25,41887:6-12651:4,Reported,2026-04-25T07:30:00Z,41887,12651,2026-04-25T08:30:00Z,2026-04-25T19:00:00Z,3,12.5,11.75,11.5,13.066666666666666,-0.5666666666666664,8,6.333333333333333,6.433333333333333,1.5666666666666673,,,2026-04-25T20:34:00Z,L4,78.38178148353492,Airbus,4681,BLR-BOM-🛧BLR-AMD-BLR,,2026-04-25T12:18:19Z,2026-04-25
2026-04-25,21892:5-67029:6,Yet to Report,2026-04-25T09:45:00Z,21892,67029,2026-04-25T10:45:00Z,2026-04-25T20:45:00Z,4,12,11,11,12.066666666666666,-0.06666666666666643,8,7.5,7.666666666666667,0.33333333333333304,,,2026-04-25T21:49:00Z,L4,77.69109287675991,Airbus,3256,DEL-BLR-🛧DEL-DED-DEL,,2026-04-24T13:05:00Z,2026-04-24
2026-04-25,22464:5-69117:5,Yet to Report,2026-04-25T10:45:00Z,22464,69117,2026-04-25T11:45:00Z,2026-04-25T21:20:00Z,4,12,10.583333333333334,10.583333333333334,12.850000000000001,-0.8500000000000014,8,7.083333333333333,7.5,0.5,,,2026-04-25T23:36:00Z,L4,78.73797789963491,Airbus,3909,DEL-HYD-🛧DEL-UDR-DEL,,2026-04-24T13:05:00Z,2026-04-24
2026-04-25,66608:7-71977:5,Yet to Report,2026-04-25T14:50:00Z,66608,71977,2026-04-25T15:35:00Z,2026-04-25T22:35:00Z,4,12,7.75,7.75,9.8,2.1999999999999993,8,5.666666666666667,6.683333333333334,1.3166666666666664,-1,0.1999999999999993,2026-04-26T00:38:00Z,L4,90.41155356283205,ATR,1199,HYD-ISK-AMD-NMI-AMD,,2026-04-24T13:05:00Z,2026-04-24
2026-04-25,41887:6-12651:4,Yet to Report,2026-04-25T07:30:00Z,41887,12651,2026-04-25T08:30:00Z,2026-04-25T19:15:00Z,3,12.5,11.75,11.75,12.733333333333333,-0.2333333333333325,8,6.333333333333333,6.05,1.9500000000000002,,,2026-04-25T20:14:00Z,L4,77.92681245925992,Airbus,4681,BLR-BOM-🛧BLR-AMD-BLR,,2026-04-24T13:05:00Z,2026-04-24
2026-04-25,41887:6-12651:4,Reported,2026-04-25T07:30:00Z,41887,12651,2026-04-25T08:30:00Z,2026-04-25T19:00:00Z,3,12.5,11.75,11.5,13.066666666666666,-0.5666666666666664,8,6.333333333333333,6.433333333333333,1.5666666666666673,,,2026-04-25T20:34:00Z,L4,78.38178148353492,Airbus,4681,BLR-BOM-🛧BLR-AMD-BLR,,2026-04-25T12:33:27Z,2026-04-25
2026-04-25,40830:8-80722:5,Yet to Report,2026-04-25T14:15:00Z,40830,80722,2026-04-25T15:15:00Z,2026-04-25T22:35:00Z,4,12,8.333333333333334,8.333333333333334,10.100000000000001,1.8999999999999986,8,5.5,5.8,2.2,-1,-0.10000000000000142,2026-04-26T00:21:00Z,L4,90.41155398834924,Airbus,4196,NMI-IXE-NMI-🛧HYD-NMI,,2026-04-25T12:33:27Z,2026-04-25
2026-04-25,34072:5-88475:8,Yet to Report,2026-04-25T12:45:00Z,34072,88475,2026-04-25T13:45:00Z,2026-04-25T23:05:00Z,4,12,10.25,10.333333333333334,11.533333333333333,0.4666666666666668,8,6.25,6.333333333333333,1.666666666666667,-1,-1.5333333333333332,2026-04-26T00:17:00Z,L4,90.41155568244474,Airbus,5941,NMI-🛧MAA-VTZ-🛧MAA-NMI,,2026-04-25T12:33:27Z,2026-04-25
2026-04-25,66608:7-71977:5,Yet to Report,2026-04-25T14:50:00Z,66608,71977,2026-04-25T15:35:00Z,2026-04-25T22:45:00Z,4,12,7.75,7.916666666666667,9.766666666666666,2.2333333333333343,8,5.666666666666667,6.65,1.3499999999999996,-1,0.23333333333333428,2026-04-26T00:36:00Z,L4,90.41155351568032,ATR,1199,HYD-ISK-AMD-NMI-AMD,,2026-04-25T12:33:27Z,2026-04-25
2026-04-25,41251:7-,Yet to Report,2026-04-25T14:35:00Z,41251,,2026-04-25T15:35:00Z,2026-04-25T23:05:00Z,4,12,8.416666666666666,8.5,9.75,2.25,8,5.583333333333333,5.716666666666667,2.283333333333333,-1,0.25,2026-04-26T00:20:00Z,L4,90.4115534921041,Airbus,3416,BLR-NAG-🛧BLR-MAA-BLR,,2026-04-25T12:33:27Z,2026-04-25
2026-04-25,66608:7-71977:5,Yet to Report,2026-04-25T14:50:00Z,66608,71977,2026-04-25T15:35:00Z,2026-04-25T22:35:00Z,4,12,7.75,7.75,9.8,2.1999999999999993,8,5.666666666666667,6.683333333333334,1.3166666666666664,-1,0.1999999999999993,2026-04-26T00:38:00Z,L4,90.41155356283205,ATR,1199,HYD-ISK-AMD-NMI-AMD,,2026-04-24T13:18:01Z,2026-04-24
2026-04-25,21892:5-67029:6,Yet to Report,2026-04-25T09:45:00Z,21892,67029,2026-04-25T10:45:00Z,2026-04-25T20:45:00Z,4,12,11,11,12.066666666666666,-0.06666666666666643,8,7.5,7.666666666666667,0.33333333333333304,,,2026-04-25T21:49:00Z,L4,77.69109287675991,Airbus,3256,DEL-BLR-🛧DEL-DED-DEL,,2026-04-24T13:18:01Z,2026-04-24
2026-04-25,22464:5-69117:5,Yet to Report,2026-04-25T10:45:00Z,22464,69117,2026-04-25T11:45:00Z,2026-04-25T21:20:00Z,4,12,10.583333333333334,10.583333333333334,12.850000000000001,-0.8500000000000014,8,7.083333333333333,7.5,0.5,,,2026-04-25T23:36:00Z,L4,78.73797789963491,Airbus,3909,DEL-HYD-🛧DEL-UDR-DEL,,2026-04-24T13:18:01Z,2026-04-24
2026-04-25,41887:6-12651:4,Yet to Report,2026-04-25T07:30:00Z,41887,12651,2026-04-25T08:30:00Z,2026-04-25T19:15:00Z,3,12.5,11.75,11.75,12.733333333333333,-0.2333333333333325,8,6.333333333333333,6.05,1.9500000000000002,,,2026-04-25T20:14:00Z,L4,77.92681245925992,Airbus,4681,BLR-BOM-🛧BLR-AMD-BLR,,2026-04-24T13:18:01Z,2026-04-24
2026-04-25,41251:7-,Yet to Report,2026-04-25T14:35:00Z,41251,,2026-04-25T15:35:00Z,2026-04-25T23:05:00Z,4,12,8.416666666666666,8.5,9.75,2.25,8,5.583333333333333,5.716666666666667,2.283333333333333,-1,0.25,2026-04-26T00:20:00Z,L4,90.4115534921041,Airbus,3416,BLR-NAG-🛧BLR-MAA-BLR,,2026-04-25T12:48:55Z,2026-04-25
2026-04-25,40830:8-80722:5,Yet to Report,2026-04-25T14:15:00Z,40830,80722,2026-04-25T15:15:00Z,2026-04-25T22:35:00Z,4,12,8.333333333333334,8.333333333333334,10.100000000000001,1.8999999999999986,8,5.5,5.8,2.2,-1,-0.10000000000000142,2026-04-26T00:21:00Z,L4,90.41155398834924,Airbus,4196,NMI-IXE-NMI-🛧HYD-NMI,,2026-04-25T12:48:55Z,2026-04-25
2026-04-25,34072:5-88475:8,Yet to Report,2026-04-25T12:45:00Z,34072,88475,2026-04-25T13:45:00Z,2026-04-25T23:05:00Z,4,12,10.25,10.333333333333334,11.533333333333333,0.4666666666666668,8,6.25,6.333333333333333,1.666666666666667,-1,-1.5333333333333332,2026-04-26T00:17:00Z,L4,90.41155568244474,Airbus,5941,NMI-🛧MAA-VTZ-🛧MAA-NMI,,2026-04-25T12:48:55Z,2026-04-25
2026-04-25,66608:7-71977:5,Yet to Report,2026-04-25T14:50:00Z,66608,71977,2026-04-25T15:35:00Z,2026-04-25T22:45:00Z,4,12,7.75,7.916666666666667,9.766666666666666,2.2333333333333343,8,5.666666666666667,6.65,1.3499999999999996,-1,0.23333333333333428,2026-04-26T00:36:00Z,L4,90.41155351568032,ATR,1199,HYD-ISK-AMD-NMI-AMD,,2026-04-25T12:48:55Z,2026-04-25
2026-04-25,41887:6-12651:4,Reported,2026-04-25T07:30:00Z,41887,12651,2026-04-25T08:30:00Z,2026-04-25T19:00:00Z,3,12.5,11.75,11.5,13.066666666666666,-0.5666666666666664,8,6.333333333333333,6.433333333333333,1.5666666666666673,,,2026-04-25T20:34:00Z,L4,78.38178148353492,Airbus,4681,BLR-BOM-🛧BLR-AMD-BLR,,2026-04-25T12:48:55Z,2026-04-25
2026-04-25,41887:6-12651:4,Reported,2026-04-25T07:30:00Z,41887,12651,2026-04-25T08:30:00Z,2026-04-25T19:00:00Z,3,12.5,11.75,11.5,13.066666666666666,-0.5666666666666664,8,6.333333333333333,6.433333333333333,1.5666666666666673,,,2026-04-25T20:34:00Z,L4,78.38178148353492,Airbus,4681,BLR-BOM-🛧BLR-AMD-BLR,,2026-04-25T13:05:10Z,2026-04-25
2026-04-25,40830:8-80722:5,Yet to Report,2026-04-25T14:15:00Z,40830,80722,2026-04-25T15:15:00Z,2026-04-25T22:35:00Z,4,12,8.333333333333334,8.333333333333334,10.100000000000001,1.8999999999999986,8,5.5,5.8,2.2,-1,-0.10000000000000142,2026-04-26T00:21:00Z,L4,90.41155398834924,Airbus,4196,NMI-IXE-NMI-🛧HYD-NMI,,2026-04-25T13:05:10Z,2026-04-25
2026-04-25,34072:5-88475:8,Reported,2026-04-25T12:45:00Z,34072,88475,2026-04-25T13:45:00Z,2026-04-25T23:05:00Z,4,12,10.25,10.333333333333334,11.533333333333333,0.4666666666666668,8,6.25,6.333333333333333,1.666666666666667,-1,-1.5333333333333332,2026-04-26T00:17:00Z,L4,90.41155568244474,Airbus,5941,NMI-🛧MAA-VTZ-🛧MAA-NMI,,2026-04-25T13:05:10Z,2026-04-25
2026-04-25,66608:7-71977:5,Yet to Report,2026-04-25T14:50:00Z,66608,71977,2026-04-25T15:35:00Z,2026-04-25T22:45:00Z,4,12,7.75,7.916666666666667,9.766666666666666,2.2333333333333343,8,5.666666666666667,6.65,1.3499999999999996,-1,0.23333333333333428,2026-04-26T00:36:00Z,L4,90.41155351568032,ATR,1199,HYD-ISK-AMD-NMI-AMD,,2026-04-25T13:05:10Z,2026-04-25
2026-04-25,41251:7-,Yet to Report,2026-04-25T14:35:00Z,41251,,2026-04-25T15:35:00Z,2026-04-25T23:05:00Z,4,12,8.416666666666666,8.5,9.75,2.25,8,5.583333333333333,5.716666666666667,2.283333333333333,-1,0.25,2026-04-26T00:20:00Z,L4,90.4115534921041,Airbus,3416,BLR-NAG-🛧BLR-MAA-BLR,,2026-04-25T13:05:10Z,2026-04-25
2026-04-25,33160:8-62651:5,Yet to Report,2026-04-25T06:15:00Z,33160,62651,2026-04-25T07:00:00Z,2026-04-25T17:20:00Z,4,12,11.083333333333334,11.083333333333334,12.083333333333334,-0.08333333333333393,8,6.75,6.833333333333333,1.166666666666667,,,2026-04-25T18:20:00Z,L4,77.71477610210991,ATR,1204,HYD-BHO-🛧HYD-RJA-HYD,,2026-04-24T13:34:53Z,2026-04-24
2026-04-25,21892:5-67029:6,Yet to Report,2026-04-25T09:45:00Z,21892,67029,2026-04-25T10:45:00Z,2026-04-25T20:45:00Z,4,12,11,11,12.066666666666666,-0.06666666666666643,8,7.5,7.666666666666667,0.33333333333333304,,,2026-04-25T21:49:00Z,L4,77.69109287675991,Airbus,3256,DEL-BLR-🛧DEL-DED-DEL,,2026-04-24T13:34:53Z,2026-04-24
2026-04-25,22464:5-69117:5,Yet to Report,2026-04-25T10:45:00Z,22464,69117,2026-04-25T11:45:00Z,2026-04-25T21:20:00Z,4,12,10.583333333333334,10.583333333333334,12.850000000000001,-0.8500000000000014,8,7.083333333333333,7.5,0.5,,,2026-04-25T23:36:00Z,L4,78.73797789963491,Airbus,3909,DEL-HYD-🛧DEL-UDR-DEL,,2026-04-24T13:34:53Z,2026-04-24
2026-04-25,41887:6-12651:4,Yet to Report,2026-04-25T07:30:00Z,41887,12651,2026-04-25T08:30:00Z,2026-04-25T19:15:00Z,3,12.5,11.75,11.75,12.733333333333333,-0.2333333333333325,8,6.333333333333333,6.05,1.9500000000000002,,,2026-04-25T20:14:00Z,L4,77.92681245925992,Airbus,4681,BLR-BOM-🛧BLR-AMD-BLR,,2026-04-24T13:34:53Z,2026-04-24
2026-04-25,66608:7-71977:5,Yet to Report,2026-04-25T14:50:00Z,66608,71977,2026-04-25T15:35:00Z,2026-04-25T22:35:00Z,4,12,7.75,7.75,9.8,2.1999999999999993,8,5.666666666666667,6.683333333333334,1.3166666666666664,-1,0.1999999999999993,2026-04-26T00:38:00Z,L4,90.41155356283205,ATR,1199,HYD-ISK-AMD-NMI-AMD,,2026-04-24T13:34:53Z,2026-04-24
2026-04-25,41251:7-,Yet to Report,2026-04-25T14:35:00Z,41251,,2026-04-25T15:35:00Z,2026-04-25T23:05:00Z,4,12,8.416666666666666,8.5,9.75,2.25,8,5.583333333333333,5.716666666666667,2.283333333333333,-1,0.25,2026-04-26T00:20:00Z,L4,90.4115534921041,Airbus,3416,BLR-NAG-🛧BLR-MAA-BLR,,2026-04-25T13:18:28Z,2026-04-25
2026-04-25,40830:8-80722:5,Yet to Report,2026-04-25T14:15:00Z,40830,80722,2026-04-25T15:15:00Z,2026-04-25T22:35:00Z,4,12,8.333333333333334,8.333333333333334,10.100000000000001,1.8999999999999986,8,5.5,5.8,2.2,-1,-0.10000000000000142,2026-04-26T00:21:00Z,L4,90.41155398834924,Airbus,4196,NMI-IXE-NMI-🛧HYD-NMI,,2026-04-25T13:18:28Z,2026-04-25
2026-04-25,34072:5-88475:8,Reported,2026-04-25T12:45:00Z,34072,88475,2026-04-25T13:45:00Z,2026-04-25T23:05:00Z,4,12,10.25,10.333333333333334,11.533333333333333,0.4666666666666668,8,6.25,6.333333333333333,1.666666666666667,-1,-1.5333333333333332,2026-04-26T00:17:00Z,L4,90.41155568244474,Airbus,5941,NMI-🛧MAA-VTZ-🛧MAA-NMI,,2026-04-25T13:18:28Z,2026-04-25
2026-04-25,66608:7-71977:5,Yet to Report,2026-04-25T14:50:00Z,66608,71977,2026-04-25T15:35:00Z,2026-04-25T22:45:00Z,4,12,7.75,7.916666666666667,9.766666666666666,2.2333333333333343,8,5.666666666666667,6.65,1.3499999999999996,-1,0.23333333333333428,2026-04-26T00:36:00Z,L4,90.41155351568032,ATR,1199,HYD-ISK-AMD-NMI-AMD,,2026-04-25T13:18:28Z,2026-04-25
2026-04-25,41887:6-12651:4,Reported,2026-04-25T07:30:00Z,41887,12651,2026-04-25T08:30:00Z,2026-04-25T19:00:00Z,3,12.5,11.75,11.5,13.133333333333333,-0.6333333333333329,8,6.333333333333333,6.433333333333333,1.5666666666666673,,,2026-04-25T20:38:00Z,L4,78.46859498353491,Airbus,4681,BLR-BOM-🛧BLR-AMD-BLR,,2026-04-25T13:18:28Z,2026-04-25
2026-04-25,41251:7-,Yet to Report,2026-04-25T14:35:00Z,41251,,2026-04-25T15:35:00Z,2026-04-25T23:05:00Z,4,12,8.416666666666666,8.5,9.75,2.25,8,5.583333333333333,5.716666666666667,2.283333333333333,-1,0.25,2026-04-26T00:20:00Z,L4,90.4115534921041,Airbus,3416,BLR-NAG-🛧BLR-MAA-BLR,,2026-04-25T13:34:51Z,2026-04-25
2026-04-25,34072:5-88475:8,Reported,2026-04-25T12:45:00Z,34072,88475,2026-04-25T13:45:00Z,2026-04-25T23:05:00Z,4,12,10.25,10.333333333333334,11.533333333333333,0.4666666666666668,8,6.25,6.333333333333333,1.666666666666667,-1,-1.5333333333333332,2026-04-26T00:17:00Z,L4,90.41155568244474,Airbus,5941,NMI-🛧MAA-VTZ-🛧MAA-NMI,,2026-04-25T13:34:51Z,2026-04-25
2026-04-25,66608:7-71977:5,Yet to Report,2026-04-25T14:50:00Z,66608,71977,2026-04-25T15:35:00Z,2026-04-25T22:45:00Z,4,12,7.75,7.916666666666667,9.766666666666666,2.2333333333333343,8,5.666666666666667,6.65,1.3499999999999996,-1,0.23333333333333428,2026-04-26T00:36:00Z,L4,90.41155351568032,ATR,1199,HYD-ISK-AMD-NMI-AMD,,2026-04-25T13:34:51Z,2026-04-25
2026-04-25,40830:8-80722:5,Yet to Report,2026-04-25T14:15:00Z,40830,80722,2026-04-25T15:15:00Z,2026-04-25T22:35:00Z,4,12,8.333333333333334,8.333333333333334,10.100000000000001,1.8999999999999986,8,5.5,5.8,2.2,-1,-0.10000000000000142,2026-04-26T00:21:00Z,L4,90.41155398834924,Airbus,4196,NMI-IXE-NMI-🛧HYD-NMI,,2026-04-25T13:34:51Z,2026-04-25
2026-04-25,41887:6-12651:4,Reported,2026-04-25T07:30:00Z,41887,12651,2026-04-25T08:30:00Z,2026-04-25T19:00:00Z,3,12.5,11.75,11.5,13.133333333333333,-0.6333333333333329,8,6.333333333333333,6.5,1.5,,,2026-04-25T20:38:00Z,L4,78.46859503873492,Airbus,4681,BLR-BOM-🛧BLR-AMD-BLR,,2026-04-25T13:34:51Z,2026-04-25
2026-04-25,21892:5-67029:6,Yet to Report,2026-04-25T09:45:00Z,21892,67029,2026-04-25T10:45:00Z,2026-04-25T20:45:00Z,4,12,11,11,12.066666666666666,-0.06666666666666643,8,7.5,7.666666666666667,0.33333333333333304,,,2026-04-25T21:49:00Z,L4,77.69109287675991,Airbus,3256,DEL-BLR-🛧DEL-DED-DEL,,2026-04-24T13:48:59Z,2026-04-24
2026-04-25,22464:5-69117:5,Yet to Report,2026-04-25T10:45:00Z,22464,69117,2026-04-25T11:45:00Z,2026-04-25T21:20:00Z,4,12,10.583333333333334,10.583333333333334,12.850000000000001,-0.8500000000000014,8,7.083333333333333,7.5,0.5,,,2026-04-25T23:36:00Z,L4,78.73797789963491,Airbus,3909,DEL-HYD-🛧DEL-UDR-DEL,,2026-04-24T13:48:59Z,2026-04-24
2026-04-25,33160:8-62651:5,Yet to Report,2026-04-25T06:15:00Z,33160,62651,2026-04-25T07:00:00Z,2026-04-25T17:20:00Z,4,12,11.083333333333334,11.083333333333334,12.083333333333334,-0.08333333333333393,8,6.75,6.766666666666667,1.2333333333333334,,,2026-04-25T18:20:00Z,L4,77.71477603425991,ATR,1204,HYD-BHO-🛧HYD-RJA-HYD,,2026-04-24T13:48:59Z,2026-04-24
2026-04-25,41887:6-12651:4,Yet to Report,2026-04-25T07:30:00Z,41887,12651,2026-04-25T08:30:00Z,2026-04-25T19:15:00Z,3,12.5,11.75,11.75,12.733333333333333,-0.2333333333333325,8,6.333333333333333,6.05,1.9500000000000002,,,2026-04-25T20:14:00Z,L4,77.92681245925992,Airbus,4681,BLR-BOM-🛧BLR-AMD-BLR,,2026-04-24T13:48:59Z,2026-04-24
2026-04-25,66608:7-71977:5,Yet to Report,2026-04-25T14:50:00Z,66608,71977,2026-04-25T15:35:00Z,2026-04-25T22:35:00Z,4,12,7.75,7.75,9.8,2.1999999999999993,8,5.666666666666667,6.683333333333334,1.3166666666666664,-1,0.1999999999999993,2026-04-26T00:38:00Z,L4,90.41155356283205,ATR,1199,HYD-ISK-AMD-NMI-AMD,,2026-04-24T13:48:59Z,2026-04-24
2026-04-25,41251:7-,Yet to Report,2026-04-25T14:35:00Z,41251,,2026-04-25T15:35:00Z,2026-04-25T23:05:00Z,4,12,8.416666666666666,8.5,9.75,2.25,8,5.583333333333333,5.716666666666667,2.283333333333333,-1,0.25,2026-04-26T00:20:00Z,L4,90.4115534921041,Airbus,3416,BLR-NAG-🛧BLR-MAA-BLR,,2026-04-25T13:50:03Z,2026-04-25
2026-04-25,41887:6-12651:4,Reported,2026-04-25T07:30:00Z,41887,12651,2026-04-25T08:30:00Z,2026-04-25T19:00:00Z,3,12.5,11.75,11.5,13.133333333333333,-0.6333333333333329,8,6.333333333333333,6.5,1.5,,,2026-04-25T20:38:00Z,L4,78.46859503873492,Airbus,4681,BLR-BOM-🛧BLR-AMD-BLR,,2026-04-25T13:50:03Z,2026-04-25
2026-04-25,40830:8-80722:5,Yet to Report,2026-04-25T14:15:00Z,40830,80722,2026-04-25T15:15:00Z,2026-04-25T22:35:00Z,4,12,8.333333333333334,8.333333333333334,10.100000000000001,1.8999999999999986,8,5.5,5.8,2.2,-1,-0.10000000000000142,2026-04-26T00:21:00Z,L4,90.41155398834924,Airbus,4196,NMI-IXE-NMI-🛧HYD-NMI,,2026-04-25T13:50:03Z,2026-04-25
2026-04-25,34072:5-88475:8,Reported,2026-04-25T12:45:00Z,34072,88475,2026-04-25T13:45:00Z,2026-04-25T23:05:00Z,4,12,10.25,10.333333333333334,11.533333333333333,0.4666666666666668,8,6.25,6.333333333333333,1.666666666666667,-1,-1.5333333333333332,2026-04-26T00:17:00Z,L4,90.41155568244474,Airbus,5941,NMI-🛧MAA-VTZ-🛧MAA-NMI,,2026-04-25T13:50:03Z,2026-04-25
2026-04-25,66608:7-71977:5,Yet to Report,2026-04-25T14:50:00Z,66608,71977,2026-04-25T15:35:00Z,2026-04-25T22:45:00Z,4,12,7.75,7.916666666666667,9.766666666666666,2.2333333333333343,8,5.666666666666667,6.65,1.3499999999999996,-1,0.23333333333333428,2026-04-26T00:36:00Z,L4,90.41155351568032,ATR,1199,HYD-ISK-AMD-NMI-AMD,,2026-04-25T13:50:03Z,2026-04-25
2026-04-25,33160:8-62651:5,Yet to Report,2026-04-25T06:15:00Z,33160,62651,2026-04-25T07:00:00Z,2026-04-25T17:20:00Z,4,12,11.083333333333334,11.083333333333334,12.083333333333334,-0.08333333333333393,8,6.75,6.766666666666667,1.2333333333333334,,,2026-04-25T18:20:00Z,L4,77.71477603425991,ATR,1204,HYD-BHO-🛧HYD-RJA-HYD,,2026-04-24T14:04:10Z,2026-04-24
2026-04-25,41887:6-12651:4,Yet to Report,2026-04-25T07:30:00Z,41887,12651,2026-04-25T08:30:00Z,2026-04-25T19:15:00Z,3,12.5,11.75,11.75,12.733333333333333,-0.2333333333333325,8,6.333333333333333,6.05,1.9500000000000002,,,2026-04-25T20:14:00Z,L4,77.92681245925992,Airbus,4681,BLR-BOM-🛧BLR-AMD-BLR,,2026-04-24T14:04:10Z,2026-04-24
2026-04-25,21892:5-67029:6,Yet to Report,2026-04-25T09:45:00Z,21892,67029,2026-04-25T10:45:00Z,2026-04-25T20:45:00Z,4,12,11,11,12.066666666666666,-0.06666666666666643,8,7.5,7.666666666666667,0.33333333333333304,,,2026-04-25T21:49:00Z,L4,77.69109287675991,Airbus,3256,DEL-BLR-🛧DEL-DED-DEL,,2026-04-24T14:04:10Z,2026-04-24
2026-04-25,22464:5-69117:5,Yet to Report,2026-04-25T10:45:00Z,22464,69117,2026-04-25T11:45:00Z,2026-04-25T21:20:00Z,4,12,10.583333333333334,10.583333333333334,12.850000000000001,-0.8500000000000014,8,7.083333333333333,7.5,0.5,,,2026-04-25T23:36:00Z,L4,78.73797789963491,Airbus,3909,DEL-HYD-🛧DEL-UDR-DEL,,2026-04-24T14:04:10Z,2026-04-24
2026-04-25,66608:7-71977:5,Yet to Report,2026-04-25T14:50:00Z,66608,71977,2026-04-25T15:35:00Z,2026-04-25T22:35:00Z,4,12,7.75,7.75,9.8,2.1999999999999993,8,5.666666666666667,6.683333333333334,1.3166666666666664,-1,0.1999999999999993,2026-04-26T00:38:00Z,L4,90.41155356283205,ATR,1199,HYD-ISK-AMD-NMI-AMD,,2026-04-24T14:04:10Z,2026-04-24
2026-04-25,41251:7-,Yet to Report,2026-04-25T14:35:00Z,41251,,2026-04-25T15:35:00Z,2026-04-25T23:05:00Z,4,12,8.416666666666666,8.5,9.75,2.25,8,5.583333333333333,5.716666666666667,2.283333333333333,-1,0.25,2026-04-26T00:20:00Z,L4,90.4115534921041,Airbus,3416,BLR-NAG-🛧BLR-MAA-BLR,,2026-04-25T14:06:46Z,2026-04-25
2026-04-25,40830:8-80722:5,Yet to Report,2026-04-25T14:15:00Z,40830,80722,2026-04-25T15:20:00Z,2026-04-25T22:35:00Z,4,12,8.333333333333334,8.333333333333334,10.016666666666667,1.9833333333333325,8,5.5,5.8,2.2,-1,-0.016666666666667496,2026-04-26T00:16:00Z,L4,90.41155386989406,Airbus,4196,NMI-IXE-NMI-🛧HYD-NMI,,2026-04-25T14:06:46Z,2026-04-25
2026-04-25,34072:5-88475:8,Reported,2026-04-25T12:45:00Z,34072,88475,2026-04-25T13:45:00Z,2026-04-25T23:05:00Z,4,12,10.25,10.333333333333334,11.45,0.5500000000000007,8,6.25,6.333333333333333,1.666666666666667,-1,-1.4499999999999993,2026-04-26T00:12:00Z,L4,90.41155561113325,Airbus,5941,NMI-🛧MAA-VTZ-🛧MAA-NMI,,2026-04-25T14:06:46Z,2026-04-25
2026-04-25,66608:7-71977:5,Yet to Report,2026-04-25T14:50:00Z,66608,71977,2026-04-25T15:35:00Z,2026-04-25T22:45:00Z,4,12,7.75,7.916666666666667,9.766666666666666,2.2333333333333343,8,5.666666666666667,6.65,1.3499999999999996,-1,0.23333333333333428,2026-04-26T00:36:00Z,L4,90.41155351568032,ATR,1199,HYD-ISK-AMD-NMI-AMD,,2026-04-25T14:06:46Z,2026-04-25
2026-04-25,41887:6-12651:4,Reported,2026-04-25T07:30:00Z,41887,12651,2026-04-25T08:30:00Z,2026-04-25T19:00:00Z,3,12.5,11.75,11.5,13.133333333333333,-0.6333333333333329,8,6.333333333333333,6.5,1.5,,,2026-04-25T20:38:00Z,L4,78.46859503873492,Airbus,4681,BLR-BOM-🛧BLR-AMD-BLR,,2026-04-25T14:06:46Z,2026-04-25
2026-04-25,41251:7-,Yet to Report,2026-04-25T14:35:00Z,41251,,2026-04-25T15:35:00Z,2026-04-25T23:05:00Z,4,12,8.416666666666666,8.5,9.75,2.25,8,5.583333333333333,5.716666666666667,2.283333333333333,-1,0.25,2026-04-26T00:20:00Z,L4,90.4115534921041,Airbus,3416,BLR-NAG-🛧BLR-MAA-BLR,,2026-04-25T14:19:14Z,2026-04-25
2026-04-25,40830:8-80722:5,Yet to Report,2026-04-25T14:15:00Z,40830,80722,2026-04-25T15:20:00Z,2026-04-25T22:35:00Z,4,12,8.333333333333334,8.333333333333334,10.016666666666667,1.9833333333333325,8,5.5,5.65,2.3499999999999996,-1,-0.016666666666667496,2026-04-26T00:16:00Z,L4,90.41155386989405,Airbus,4196,NMI-IXE-NMI-🛧HYD-NMI,,2026-04-25T14:19:14Z,2026-04-25
2026-04-25,34072:5-88475:8,Reported,2026-04-25T12:45:00Z,34072,88475,2026-04-25T13:45:00Z,2026-04-25T23:05:00Z,4,12,10.25,10.333333333333334,11.55,0.4499999999999993,8,6.25,6.383333333333334,1.6166666666666663,-1,-1.5500000000000007,2026-04-26T00:18:00Z,L4,90.41155569624647,Airbus,5941,NMI-🛧MAA-VTZ-🛧MAA-NMI,,2026-04-25T14:19:14Z,2026-04-25
2026-04-25,66608:7-71977:5,Yet to Report,2026-04-25T14:50:00Z,66608,71977,2026-04-25T15:35:00Z,2026-04-25T22:45:00Z,4,12,7.75,7.916666666666667,9.766666666666666,2.2333333333333343,8,5.666666666666667,6.65,1.3499999999999996,-1,0.23333333333333428,2026-04-26T00:36:00Z,L4,90.41155351568032,ATR,1199,HYD-ISK-AMD-NMI-AMD,,2026-04-25T14:19:14Z,2026-04-25
2026-04-25,33160:8-62651:5,Yet to Report,2026-04-25T06:15:00Z,33160,62651,2026-04-25T07:00:00Z,2026-04-25T17:20:00Z,4,12,11.083333333333334,11.083333333333334,12.083333333333334,-0.08333333333333393,8,6.75,6.766666666666667,1.2333333333333334,,,2026-04-25T18:20:00Z,L4,77.71477603425991,ATR,1204,HYD-BHO-🛧HYD-RJA-HYD,,2026-04-24T14:17:46Z,2026-04-24
2026-04-25,41887:6-12651:4,Yet to Report,2026-04-25T07:30:00Z,41887,12651,2026-04-25T08:30:00Z,2026-04-25T19:15:00Z,3,12.5,11.75,11.75,12.733333333333333,-0.2333333333333325,8,6.333333333333333,6.05,1.9500000000000002,,,2026-04-25T20:14:00Z,L4,77.92681245925992,Airbus,4681,BLR-BOM-🛧BLR-AMD-BLR,,2026-04-24T14:17:46Z,2026-04-24
2026-04-25,21892:5-67029:6,Yet to Report,2026-04-25T09:45:00Z,21892,67029,2026-04-25T10:45:00Z,2026-04-25T20:45:00Z,4,12,11,11,12.066666666666666,-0.06666666666666643,8,7.5,7.666666666666667,0.33333333333333304,,,2026-04-25T21:49:00Z,L4,77.69109287675991,Airbus,3256,DEL-BLR-🛧DEL-DED-DEL,,2026-04-24T14:17:46Z,2026-04-24
2026-04-25,22464:5-69117:5,Yet to Report,2026-04-25T10:45:00Z,22464,69117,2026-04-25T11:45:00Z,2026-04-25T21:20:00Z,4,12,10.583333333333334,10.583333333333334,12.850000000000001,-0.8500000000000014,8,7.083333333333333,7.5,0.5,,,2026-04-25T23:36:00Z,L4,78.73797789963491,Airbus,3909,DEL-HYD-🛧DEL-UDR-DEL,,2026-04-24T14:17:46Z,2026-04-24
2026-04-25,66608:7-71977:5,Yet to Report,2026-04-25T14:50:00Z,66608,71977,2026-04-25T15:35:00Z,2026-04-25T22:35:00Z,4,12,7.75,7.75,9.8,2.1999999999999993,8,5.666666666666667,6.683333333333334,1.3166666666666664,-1,0.1999999999999993,2026-04-26T00:38:00Z,L4,90.41155356283205,ATR,1199,HYD-ISK-AMD-NMI-AMD,,2026-04-24T14:17:46Z,2026-04-24
2026-04-25,41887:6-12651:4,Yet to Report,2026-04-25T07:30:00Z,41887,12651,2026-04-25T08:30:00Z,2026-04-25T19:15:00Z,3,12.5,11.75,11.75,12.733333333333333,-0.2333333333333325,8,6.333333333333333,6.05,1.9500000000000002,,,2026-04-25T20:14:00Z,L4,77.92681245925992,Airbus,4681,BLR-BOM-🛧BLR-AMD-BLR,,2026-04-24T14:34:16Z,2026-04-24
2026-04-25,33160:8-62651:5,Yet to Report,2026-04-25T06:15:00Z,33160,62651,2026-04-25T07:00:00Z,2026-04-25T17:20:00Z,4,12,11.083333333333334,11.083333333333334,12.083333333333334,-0.08333333333333393,8,6.75,6.766666666666667,1.2333333333333334,,,2026-04-25T18:20:00Z,L4,77.71477603425991,ATR,1204,HYD-BHO-🛧HYD-RJA-HYD,,2026-04-24T14:34:16Z,2026-04-24
2026-04-25,21892:5-67029:6,Yet to Report,2026-04-25T09:45:00Z,21892,67029,2026-04-25T10:45:00Z,2026-04-25T20:45:00Z,4,12,11,11,12.066666666666666,-0.06666666666666643,8,7.5,7.666666666666667,0.33333333333333304,,,2026-04-25T21:49:00Z,L4,77.69109287675991,Airbus,3256,DEL-BLR-🛧DEL-DED-DEL,,2026-04-24T14:34:16Z,2026-04-24
2026-04-25,22464:5-69117:5,Yet to Report,2026-04-25T10:45:00Z,22464,69117,2026-04-25T11:45:00Z,2026-04-25T21:20:00Z,4,12,10.583333333333334,10.583333333333334,12.700000000000001,-0.7000000000000011,8,7.083333333333333,7.5,0.5,,,2026-04-25T23:27:00Z,L4,78.55366164963492,Airbus,3909,DEL-HYD-🛧DEL-UDR-DEL,,2026-04-24T14:34:16Z,2026-04-24
2026-04-25,66608:7-71977:5,Yet to Report,2026-04-25T14:50:00Z,66608,71977,2026-04-25T15:35:00Z,2026-04-25T22:35:00Z,4,12,7.75,7.75,9.8,2.1999999999999993,8,5.666666666666667,6.683333333333334,1.3166666666666664,-1,0.1999999999999993,2026-04-26T00:38:00Z,L4,90.41155356283205,ATR,1199,HYD-ISK-AMD-NMI-AMD,,2026-04-24T14:34:16Z,2026-04-24
2026-04-25,40830:8-80722:5,Reported,2026-04-25T14:15:00Z,40830,80722,2026-04-25T15:20:00Z,2026-04-25T22:35:00Z,4,12,8.333333333333334,8.333333333333334,10.016666666666667,1.9833333333333325,8,5.5,5.65,2.3499999999999996,-1,-0.016666666666667496,2026-04-26T00:16:00Z,L4,90.41155386989405,Airbus,4196,NMI-IXE-NMI-🛧HYD-NMI,,2026-04-25T14:34:26Z,2026-04-25
2026-04-25,66608:7-71977:5,Yet to Report,2026-04-25T14:50:00Z,66608,71977,2026-04-25T15:35:00Z,2026-04-25T22:45:00Z,4,12,7.75,7.916666666666667,9.766666666666666,2.2333333333333343,8,5.666666666666667,6.65,1.3499999999999996,-1,0.23333333333333428,2026-04-26T00:36:00Z,L4,90.41155351568032,ATR,1199,HYD-ISK-AMD-NMI-AMD,,2026-04-25T14:34:26Z,2026-04-25
2026-04-25,41251:7-,Yet to Report,2026-04-25T14:35:00Z,41251,,2026-04-25T15:35:00Z,2026-04-25T23:05:00Z,4,12,8.416666666666666,8.5,9.75,2.25,8,5.583333333333333,5.716666666666667,2.283333333333333,-1,0.25,2026-04-26T00:20:00Z,L4,90.4115534921041,Airbus,3416,BLR-NAG-🛧BLR-MAA-BLR,,2026-04-25T14:34:26Z,2026-04-25
2026-04-25,41887:6-12651:4,Yet to Report,2026-04-25T07:30:00Z,41887,12651,2026-04-25T08:30:00Z,2026-04-25T19:15:00Z,3,12.5,11.75,11.75,12.733333333333333,-0.2333333333333325,8,6.333333333333333,6.05,1.9500000000000002,,,2026-04-25T20:14:00Z,L4,77.92681245925992,Airbus,4681,BLR-BOM-🛧BLR-AMD-BLR,,2026-04-24T14:48:33Z,2026-04-24
2026-04-25,33160:8-62651:5,Yet to Report,2026-04-25T06:15:00Z,33160,62651,2026-04-25T07:00:00Z,2026-04-25T17:20:00Z,4,12,11.083333333333334,11.083333333333334,12.083333333333334,-0.08333333333333393,8,6.75,6.766666666666667,1.2333333333333334,,,2026-04-25T18:20:00Z,L4,77.71477603425991,ATR,1204,HYD-BHO-🛧HYD-RJA-HYD,,2026-04-24T14:48:33Z,2026-04-24
2026-04-25,21892:5-67029:6,Yet to Report,2026-04-25T09:45:00Z,21892,67029,2026-04-25T10:45:00Z,2026-04-25T20:45:00Z,4,12,11,11,12.066666666666666,-0.06666666666666643,8,7.5,7.666666666666667,0.33333333333333304,,,2026-04-25T21:49:00Z,L4,77.69109287675991,Airbus,3256,DEL-BLR-🛧DEL-DED-DEL,,2026-04-24T14:48:33Z,2026-04-24
2026-04-25,22464:5-69117:5,Yet to Report,2026-04-25T10:45:00Z,22464,69117,2026-04-25T11:45:00Z,2026-04-25T21:20:00Z,4,12,10.583333333333334,10.583333333333334,12.700000000000001,-0.7000000000000011,8,7.083333333333333,7.35,0.6500000000000004,,,2026-04-25T23:27:00Z,L4,78.55366145298491,Airbus,3909,DEL-HYD-🛧DEL-UDR-DEL,,2026-04-24T14:48:33Z,2026-04-24
2026-04-25,66608:7-71977:5,Yet to Report,2026-04-25T14:50:00Z,66608,71977,2026-04-25T15:35:00Z,2026-04-25T22:35:00Z,4,12,7.75,7.75,9.8,2.1999999999999993,8,5.666666666666667,6.683333333333334,1.3166666666666664,-1,0.1999999999999993,2026-04-26T00:38:00Z,L4,90.41155356283205,ATR,1199,HYD-ISK-AMD-NMI-AMD,,2026-04-24T14:48:33Z,2026-04-24
2026-04-25,40830:8-80722:5,Reported,2026-04-25T14:15:00Z,40830,80722,2026-04-25T15:20:00Z,2026-04-25T22:35:00Z,4,12,8.333333333333334,8.333333333333334,10.016666666666667,1.9833333333333325,8,5.5,5.65,2.3499999999999996,-1,-0.016666666666667496,2026-04-26T00:16:00Z,L4,90.41155386989405,Airbus,4196,NMI-IXE-NMI-🛧HYD-NMI,,2026-04-25T14:48:07Z,2026-04-25
2026-04-25,66608:7-71977:5,Yet to Report,2026-04-25T14:50:00Z,66608,71977,2026-04-25T15:35:00Z,2026-04-25T22:45:00Z,4,12,7.75,7.916666666666667,9.766666666666666,2.2333333333333343,8,5.666666666666667,6.65,1.3499999999999996,-1,0.23333333333333428,2026-04-26T00:36:00Z,L4,90.41155351568032,ATR,1199,HYD-ISK-AMD-NMI-AMD,,2026-04-25T14:48:07Z,2026-04-25
2026-04-25,41251:7-,Reported,2026-04-25T14:35:00Z,41251,,2026-04-25T15:35:00Z,2026-04-25T23:05:00Z,4,12,8.416666666666666,8.5,9.75,2.25,8,5.583333333333333,5.716666666666667,2.283333333333333,-1,0.25,2026-04-26T00:20:00Z,L4,90.4115534921041,Airbus,3416,BLR-NAG-🛧BLR-MAA-BLR,,2026-04-25T14:48:07Z,2026-04-25
2026-04-25,41887:6-12651:4,Yet to Report,2026-04-25T07:30:00Z,41887,12651,2026-04-25T08:30:00Z,2026-04-25T19:15:00Z,3,12.5,11.75,11.75,12.733333333333333,-0.2333333333333325,8,6.333333333333333,6.05,1.9500000000000002,,,2026-04-25T20:14:00Z,L4,77.92681245925992,Airbus,4681,BLR-BOM-🛧BLR-AMD-BLR,,2026-04-24T15:04:43Z,2026-04-24
2026-04-25,33160:8-62651:5,Yet to Report,2026-04-25T06:15:00Z,33160,62651,2026-04-25T07:00:00Z,2026-04-25T17:20:00Z,4,12,11.083333333333334,11.083333333333334,12.083333333333334,-0.08333333333333393,8,6.75,6.766666666666667,1.2333333333333334,,,2026-04-25T18:20:00Z,L4,77.71477603425991,ATR,1204,HYD-BHO-🛧HYD-RJA-HYD,,2026-04-24T15:04:43Z,2026-04-24
2026-04-25,21892:5-67029:6,Yet to Report,2026-04-25T09:45:00Z,21892,67029,2026-04-25T10:45:00Z,2026-04-25T20:45:00Z,4,12,11,11,12.066666666666666,-0.06666666666666643,8,7.5,7.666666666666667,0.33333333333333304,,,2026-04-25T21:49:00Z,L4,77.69109287675991,Airbus,3256,DEL-BLR-🛧DEL-DED-DEL,,2026-04-24T15:04:43Z,2026-04-24
2026-04-25,22464:5-69117:5,Yet to Report,2026-04-25T10:45:00Z,22464,69117,2026-04-25T11:45:00Z,2026-04-25T21:20:00Z,4,12,10.583333333333334,10.583333333333334,12.700000000000001,-0.7000000000000011,8,7.083333333333333,7.35,0.6500000000000004,,,2026-04-25T23:27:00Z,L4,78.55366145298491,Airbus,3909,DEL-HYD-🛧DEL-UDR-DEL,,2026-04-24T15:04:43Z,2026-04-24
2026-04-25,66608:7-71977:5,Yet to Report,2026-04-25T14:50:00Z,66608,71977,2026-04-25T15:35:00Z,2026-04-25T22:35:00Z,4,12,7.75,7.75,9.8,2.1999999999999993,8,5.666666666666667,6.683333333333334,1.3166666666666664,-1,0.1999999999999993,2026-04-26T00:38:00Z,L4,90.41155356283205,ATR,1199,HYD-ISK-AMD-NMI-AMD,,2026-04-24T15:04:43Z,2026-04-24
2026-04-25,40830:8-80722:5,Reported,2026-04-25T14:15:00Z,40830,80722,2026-04-25T15:20:00Z,2026-04-25T22:35:00Z,4,12,8.333333333333334,8.333333333333334,10.016666666666667,1.9833333333333325,8,5.5,5.65,2.3499999999999996,-1,-0.016666666666667496,2026-04-26T00:16:00Z,L4,90.41155386989405,Airbus,4196,NMI-IXE-NMI-🛧HYD-NMI,,2026-04-25T15:04:24Z,2026-04-25
2026-04-25,66608:7-71977:5,Reported,2026-04-25T14:50:00Z,66608,71977,2026-04-25T15:35:00Z,2026-04-25T22:45:00Z,4,12,7.75,7.916666666666667,9.766666666666666,2.2333333333333343,8,5.666666666666667,6.65,1.3499999999999996,-1,0.23333333333333428,2026-04-26T00:36:00Z,L4,90.41155351568032,ATR,1199,HYD-ISK-AMD-NMI-AMD,,2026-04-25T15:04:24Z,2026-04-25
2026-04-25,41251:7-,Reported,2026-04-25T14:35:00Z,41251,,2026-04-25T15:35:00Z,2026-04-25T23:05:00Z,4,12,8.416666666666666,8.5,9.75,2.25,8,5.583333333333333,5.716666666666667,2.283333333333333,-1,0.25,2026-04-26T00:20:00Z,L4,90.4115534921041,Airbus,3416,BLR-NAG-🛧BLR-MAA-BLR,,2026-04-25T15:04:24Z,2026-04-25
2026-04-25,41887:6-12651:4,Yet to Report,2026-04-25T07:30:00Z,41887,12651,2026-04-25T08:30:00Z,2026-04-25T19:15:00Z,3,12.5,11.75,11.75,12.733333333333333,-0.2333333333333325,8,6.333333333333333,6.05,1.9500000000000002,,,2026-04-25T20:14:00Z,L4,77.92681245925992,Airbus,4681,BLR-BOM-🛧BLR-AMD-BLR,,2026-04-24T15:17:51Z,2026-04-24
2026-04-25,33160:8-62651:5,Yet to Report,2026-04-25T06:15:00Z,33160,62651,2026-04-25T07:00:00Z,2026-04-25T17:20:00Z,4,12,11.083333333333334,11.083333333333334,12.083333333333334,-0.08333333333333393,8,6.75,6.766666666666667,1.2333333333333334,,,2026-04-25T18:20:00Z,L4,77.71477603425991,ATR,1204,HYD-BHO-🛧HYD-RJA-HYD,,2026-04-24T15:17:51Z,2026-04-24
2026-04-25,21892:5-67029:6,Yet to Report,2026-04-25T09:45:00Z,21892,67029,2026-04-25T10:45:00Z,2026-04-25T20:45:00Z,4,12,11,11,12.066666666666666,-0.06666666666666643,8,7.5,7.666666666666667,0.33333333333333304,,,2026-04-25T21:49:00Z,L4,77.69109287675991,Airbus,3256,DEL-BLR-🛧DEL-DED-DEL,,2026-04-24T15:17:51Z,2026-04-24
2026-04-25,22464:5-69117:5,Yet to Report,2026-04-25T10:45:00Z,22464,69117,2026-04-25T11:45:00Z,2026-04-25T21:20:00Z,4,12,10.583333333333334,10.583333333333334,12.700000000000001,-0.7000000000000011,8,7.083333333333333,7.35,0.6500000000000004,,,2026-04-25T23:27:00Z,L4,78.55366145298491,Airbus,3909,DEL-HYD-🛧DEL-UDR-DEL,,2026-04-24T15:17:51Z,2026-04-24
2026-04-25,66608:7-71977:5,Yet to Report,2026-04-25T14:50:00Z,66608,71977,2026-04-25T15:35:00Z,2026-04-25T22:35:00Z,4,12,7.75,7.75,9.8,2.1999999999999993,8,5.666666666666667,6.683333333333334,1.3166666666666664,-1,0.1999999999999993,2026-04-26T00:38:00Z,L4,90.41155356283205,ATR,1199,HYD-ISK-AMD-NMI-AMD,,2026-04-24T15:17:51Z,2026-04-24
2026-04-25,40830:8-80722:5,Reported,2026-04-25T14:15:00Z,40830,80722,2026-04-25T15:20:00Z,2026-04-25T22:35:00Z,4,12,8.333333333333334,8.333333333333334,10.016666666666667,1.9833333333333325,8,5.5,5.65,2.3499999999999996,-1,-0.016666666666667496,2026-04-26T00:16:00Z,L4,90.41155386989405,Airbus,4196,NMI-IXE-NMI-🛧HYD-NMI,,2026-04-25T15:17:49Z,2026-04-25
2026-04-25,66608:7-71977:5,Reported,2026-04-25T14:50:00Z,66608,71977,2026-04-25T15:35:00Z,2026-04-25T22:45:00Z,4,12,7.75,7.916666666666667,9.766666666666666,2.2333333333333343,8,5.666666666666667,6.65,1.3499999999999996,-1,0.23333333333333428,2026-04-26T00:36:00Z,L4,90.41155351568032,ATR,1199,HYD-ISK-AMD-NMI-AMD,,2026-04-25T15:17:49Z,2026-04-25
2026-04-25,41251:7-,Reported,2026-04-25T14:35:00Z,41251,,2026-04-25T15:35:00Z,2026-04-25T23:05:00Z,4,12,8.416666666666666,8.5,9.75,2.25,8,5.583333333333333,5.716666666666667,2.283333333333333,-1,0.25,2026-04-26T00:20:00Z,L4,90.4115534921041,Airbus,3416,BLR-NAG-🛧BLR-MAA-BLR,,2026-04-25T15:17:49Z,2026-04-25
2026-04-25,41887:6-12651:4,Yet to Report,2026-04-25T07:30:00Z,41887,12651,2026-04-25T08:30:00Z,2026-04-25T19:15:00Z,3,12.5,11.75,11.75,12.733333333333333,-0.2333333333333325,8,6.333333333333333,6.05,1.9500000000000002,,,2026-04-25T20:14:00Z,L4,77.92681245925992,Airbus,4681,BLR-BOM-🛧BLR-AMD-BLR,,2026-04-24T15:33:11Z,2026-04-24
2026-04-25,21892:5-67029:6,Yet to Report,2026-04-25T09:45:00Z,21892,67029,2026-04-25T10:45:00Z,2026-04-25T20:45:00Z,4,12,11,11,12.066666666666666,-0.06666666666666643,8,7.5,7.666666666666667,0.33333333333333304,,,2026-04-25T21:49:00Z,L4,77.69109287675991,Airbus,3256,DEL-BLR-🛧DEL-DED-DEL,,2026-04-24T15:33:11Z,2026-04-24
2026-04-25,22464:5-69117:5,Yet to Report,2026-04-25T10:45:00Z,22464,69117,2026-04-25T11:45:00Z,2026-04-25T21:20:00Z,4,12,10.583333333333334,10.583333333333334,12.700000000000001,-0.7000000000000011,8,7.083333333333333,7.35,0.6500000000000004,,,2026-04-25T23:27:00Z,L4,78.55366145298491,Airbus,3909,DEL-HYD-🛧DEL-UDR-DEL,,2026-04-24T15:33:11Z,2026-04-24
2026-04-25,33160:8-62651:5,Yet to Report,2026-04-25T06:15:00Z,33160,62651,2026-04-25T07:00:00Z,2026-04-25T17:20:00Z,4,12,11.083333333333334,11.083333333333334,12.083333333333334,-0.08333333333333393,8,6.75,6.766666666666667,1.2333333333333334,,,2026-04-25T18:20:00Z,L4,77.71477603425991,ATR,1204,HYD-BHO-🛧HYD-RJA-HYD,,2026-04-24T15:33:11Z,2026-04-24
2026-04-25,66608:7-71977:5,Yet to Report,2026-04-25T14:50:00Z,66608,71977,2026-04-25T15:35:00Z,2026-04-25T22:35:00Z,4,12,7.75,7.75,9.8,2.1999999999999993,8,5.666666666666667,6.683333333333334,1.3166666666666664,-1,0.1999999999999993,2026-04-26T00:38:00Z,L4,90.41155356283205,ATR,1199,HYD-ISK-AMD-NMI-AMD,,2026-04-24T15:33:11Z,2026-04-24
2026-04-25,40830:8-80722:5,Reported,2026-04-25T14:15:00Z,40830,80722,2026-04-25T15:20:00Z,2026-04-25T22:35:00Z,4,12,8.333333333333334,8.333333333333334,10.016666666666667,1.9833333333333325,8,5.5,5.65,2.3499999999999996,-1,-0.016666666666667496,2026-04-26T00:16:00Z,L4,90.41155386989405,Airbus,4196,NMI-IXE-NMI-🛧HYD-NMI,,2026-04-25T15:34:46Z,2026-04-25
2026-04-25,66608:7-71977:5,Reported,2026-04-25T14:50:00Z,66608,71977,2026-04-25T15:35:00Z,2026-04-25T22:45:00Z,4,12,7.75,7.916666666666667,9.766666666666666,2.2333333333333343,8,5.666666666666667,6.65,1.3499999999999996,-1,0.23333333333333428,2026-04-26T00:36:00Z,L4,90.41155351568032,ATR,1199,HYD-ISK-AMD-NMI-AMD,,2026-04-25T15:34:46Z,2026-04-25
2026-04-25,41251:7-,Reported,2026-04-25T14:35:00Z,41251,,2026-04-25T15:35:00Z,2026-04-25T23:05:00Z,4,12,8.416666666666666,8.5,9.75,2.25,8,5.583333333333333,5.716666666666667,2.283333333333333,-1,0.25,2026-04-26T00:20:00Z,L4,90.4115534921041,Airbus,3416,BLR-NAG-🛧BLR-MAA-BLR,,2026-04-25T15:34:46Z,2026-04-25
2026-04-25,41251:7-,Reported,2026-04-25T14:35:00Z,41251,,2026-04-25T15:35:00Z,2026-04-25T23:05:00Z,4,12,8.416666666666666,8.5,9.75,2.25,8,5.583333333333333,5.716666666666667,2.283333333333333,-1,0.25,2026-04-26T00:20:00Z,L4,90.4115534921041,Airbus,3416,BLR-NAG-🛧BLR-MAA-BLR,,2026-04-25T15:49:23Z,2026-04-25
2026-04-25,66608:7-71977:5,Reported,2026-04-25T14:50:00Z,66608,71977,2026-04-25T15:35:00Z,2026-04-25T22:45:00Z,4,12,7.75,7.916666666666667,9.666666666666666,2.333333333333334,8,5.666666666666667,6.65,1.3499999999999996,-1,0.3333333333333339,2026-04-26T00:30:00Z,L4,90.41155337652572,ATR,1199,HYD-ISK-AMD-NMI-AMD,,2026-04-25T15:49:23Z,2026-04-25
2026-04-25,40830:8-80722:5,Reported,2026-04-25T14:15:00Z,40830,80722,2026-04-25T15:20:00Z,2026-04-25T22:35:00Z,4,12,8.333333333333334,8.333333333333334,10.016666666666667,1.9833333333333325,8,5.5,5.65,2.3499999999999996,-1,-0.016666666666667496,2026-04-26T00:16:00Z,L4,90.41155386989405,Airbus,4196,NMI-IXE-NMI-🛧HYD-NMI,,2026-04-25T15:49:23Z,2026-04-25
2026-04-25,41887:6-12651:4,Yet to Report,2026-04-25T07:30:00Z,41887,12651,2026-04-25T08:30:00Z,2026-04-25T19:15:00Z,3,12.5,11.75,11.75,12.733333333333333,-0.2333333333333325,8,6.333333333333333,6.05,1.9500000000000002,,,2026-04-25T20:14:00Z,L4,77.92681245925992,Airbus,4681,BLR-BOM-🛧BLR-AMD-BLR,,2026-04-24T15:48:23Z,2026-04-24
2026-04-25,21892:5-67029:6,Yet to Report,2026-04-25T09:45:00Z,21892,67029,2026-04-25T10:45:00Z,2026-04-25T20:45:00Z,4,12,11,11,12.066666666666666,-0.06666666666666643,8,7.5,7.666666666666667,0.33333333333333304,,,2026-04-25T21:49:00Z,L4,77.69109287675991,Airbus,3256,DEL-BLR-🛧DEL-DED-DEL,,2026-04-24T15:48:23Z,2026-04-24
2026-04-25,22464:5-69117:5,Yet to Report,2026-04-25T10:45:00Z,22464,69117,2026-04-25T11:45:00Z,2026-04-25T21:20:00Z,4,12,10.583333333333334,10.583333333333334,12.700000000000001,-0.7000000000000011,8,7.083333333333333,7.35,0.6500000000000004,,,2026-04-25T23:27:00Z,L4,78.55366145298491,Airbus,3909,DEL-HYD-🛧DEL-UDR-DEL,,2026-04-24T15:48:23Z,2026-04-24
2026-04-25,33160:8-62651:5,Yet to Report,2026-04-25T06:15:00Z,33160,62651,2026-04-25T07:00:00Z,2026-04-25T17:20:00Z,4,12,11.083333333333334,11.083333333333334,12.083333333333334,-0.08333333333333393,8,6.75,6.766666666666667,1.2333333333333334,,,2026-04-25T18:20:00Z,L4,77.71477603425991,ATR,1204,HYD-BHO-🛧HYD-RJA-HYD,,2026-04-24T15:48:23Z,2026-04-24
2026-04-25,66608:7-71977:5,Yet to Report,2026-04-25T14:50:00Z,66608,71977,2026-04-25T15:35:00Z,2026-04-25T22:35:00Z,4,12,7.75,7.75,9.8,2.1999999999999993,8,5.666666666666667,6.683333333333334,1.3166666666666664,-1,0.1999999999999993,2026-04-26T00:38:00Z,L4,90.41155356283205,ATR,1199,HYD-ISK-AMD-NMI-AMD,,2026-04-24T15:48:23Z,2026-04-24
2026-04-25,41887:6-12651:4,Yet to Report,2026-04-25T07:30:00Z,41887,12651,2026-04-25T08:30:00Z,2026-04-25T19:15:00Z,3,12.5,11.75,11.75,12.733333333333333,-0.2333333333333325,8,6.333333333333333,6.05,1.9500000000000002,,,2026-04-25T20:14:00Z,L4,77.92681245925992,Airbus,4681,BLR-BOM-🛧BLR-AMD-BLR,,2026-04-24T16:06:50Z,2026-04-24
2026-04-25,21892:5-67029:6,Yet to Report,2026-04-25T09:45:00Z,21892,67029,2026-04-25T10:45:00Z,2026-04-25T20:45:00Z,4,12,11,11,12.066666666666666,-0.06666666666666643,8,7.5,7.666666666666667,0.33333333333333304,,,2026-04-25T21:49:00Z,L4,77.69109287675991,Airbus,3256,DEL-BLR-🛧DEL-DED-DEL,,2026-04-24T16:06:50Z,2026-04-24
2026-04-25,22464:5-69117:5,Yet to Report,2026-04-25T10:45:00Z,22464,69117,2026-04-25T11:45:00Z,2026-04-25T21:20:00Z,4,12,10.583333333333334,10.583333333333334,12.700000000000001,-0.7000000000000011,8,7.083333333333333,7.35,0.6500000000000004,,,2026-04-25T23:27:00Z,L4,78.55366145298491,Airbus,3909,DEL-HYD-🛧DEL-UDR-DEL,,2026-04-24T16:06:50Z,2026-04-24
2026-04-25,66608:7-71977:5,Yet to Report,2026-04-25T14:50:00Z,66608,71977,2026-04-25T15:35:00Z,2026-04-25T22:35:00Z,4,12,7.75,7.75,9.8,2.1999999999999993,8,5.666666666666667,6.683333333333334,1.3166666666666664,-1,0.1999999999999993,2026-04-26T00:38:00Z,L4,90.41155356283205,ATR,1199,HYD-ISK-AMD-NMI-AMD,,2026-04-24T16:06:50Z,2026-04-24
2026-04-25,40830:8-80722:5,Reported,2026-04-25T14:15:00Z,40830,80722,2026-04-25T15:40:00Z,2026-04-25T22:35:00Z,4,12,8.333333333333334,8.333333333333334,9.75,2.25,8,5.5,5.65,2.3499999999999996,-1,0.25,2026-04-26T00:00:00Z,L4,90.4115534921041,Airbus,4196,NMI-IXE-NMI-🛧HYD-NMI,,2026-04-25T16:04:22Z,2026-04-25
2026-04-25,41251:7-,Reported,2026-04-25T14:35:00Z,41251,,2026-04-25T15:35:00Z,2026-04-25T23:05:00Z,4,12,8.416666666666666,8.5,9.533333333333333,2.466666666666667,8,5.583333333333333,5.716666666666667,2.283333333333333,-1,0.4666666666666668,2026-04-26T00:07:00Z,L4,90.41155319424433,Airbus,3416,BLR-NAG-🛧BLR-MAA-BLR,,2026-04-25T16:04:22Z,2026-04-25
2026-04-25,40830:8-80722:5,Reported,2026-04-25T14:15:00Z,40830,80722,2026-04-25T15:40:00Z,2026-04-25T22:35:00Z,4,12,8.333333333333334,8.333333333333334,10,2,8,5.5,5.516666666666667,2.4833333333333334,-1,0,2026-04-26T00:15:00Z,L4,90.4115538463179,Airbus,4196,NMI-IXE-NMI-🛧HYD-NMI,,2026-04-25T16:18:08Z,2026-04-25
2026-04-25,41251:7-,Reported,2026-04-25T14:35:00Z,41251,,2026-04-25T15:35:00Z,2026-04-25T23:05:00Z,4,12,8.416666666666666,8.5,9.533333333333333,2.466666666666667,8,5.583333333333333,5.583333333333333,2.416666666666667,-1,0.4666666666666668,2026-04-26T00:07:00Z,L4,90.41155319424432,Airbus,3416,BLR-NAG-🛧BLR-MAA-BLR,,2026-04-25T16:18:08Z,2026-04-25
2026-04-25,40830:8-80722:5,Reported,2026-04-25T14:15:00Z,40830,80722,2026-04-25T15:40:00Z,2026-04-25T22:35:00Z,4,12,8.333333333333334,8.333333333333334,10,2,8,5.5,5.516666666666667,2.4833333333333334,-1,0,2026-04-26T00:15:00Z,L4,90.4115538463179,Airbus,4196,NMI-IXE-NMI-🛧HYD-NMI,,2026-04-25T16:33:37Z,2026-04-25
2026-04-25,41251:7-,Reported,2026-04-25T14:35:00Z,41251,,2026-04-25T15:35:00Z,2026-04-25T23:05:00Z,4,12,8.416666666666666,8.5,9.633333333333333,2.366666666666667,8,5.583333333333333,5.583333333333333,2.416666666666667,-1,0.36666666666666714,2026-04-26T00:13:00Z,L4,90.41155333052393,Airbus,3416,BLR-NAG-🛧BLR-MAA-BLR,,2026-04-25T16:33:37Z,2026-04-25
2026-04-25,21892:5-,Yet to Report,2026-04-25T09:45:00Z,21892,,2026-04-25T10:45:00Z,2026-04-25T20:45:00Z,4,12,11,11,12.066666666666666,-0.06666666666666643,8,7.5,7.5,0.5,,,2026-04-25T21:49:00Z,L4,77.69109264963491,Airbus,3256,DEL-BLR-🛧DEL-DED-DEL,,2026-04-24T16:17:57Z,2026-04-24
2026-04-25,41887:6-12651:4,Yet to Report,2026-04-25T07:30:00Z,41887,12651,2026-04-25T08:30:00Z,2026-04-25T19:15:00Z,3,12.5,11.75,11.75,12.733333333333333,-0.2333333333333325,8,6.333333333333333,6.05,1.9500000000000002,,,2026-04-25T20:14:00Z,L4,77.92681245925992,Airbus,4681,BLR-BOM-🛧BLR-AMD-BLR,,2026-04-24T16:17:57Z,2026-04-24
2026-04-25,66608:7-71977:5,Yet to Report,2026-04-25T14:50:00Z,66608,71977,2026-04-25T15:35:00Z,2026-04-25T22:35:00Z,4,12,7.75,7.75,9.8,2.1999999999999993,8,5.666666666666667,6.683333333333334,1.3166666666666664,-1,0.1999999999999993,2026-04-26T00:38:00Z,L4,90.41155356283205,ATR,1199,HYD-ISK-AMD-NMI-AMD,,2026-04-24T16:17:57Z,2026-04-24
2026-04-25,22464:5-69117:5,Yet to Report,2026-04-25T10:45:00Z,22464,69117,2026-04-25T11:45:00Z,2026-04-25T21:20:00Z,4,12,10.583333333333334,10.583333333333334,12.700000000000001,-0.7000000000000011,8,7.083333333333333,7.35,0.6500000000000004,,,2026-04-25T23:27:00Z,L4,78.55366145298491,Airbus,3909,DEL-HYD-🛧DEL-UDR-DEL,,2026-04-24T16:17:57Z,2026-04-24
2026-04-25,41251:7-,Reported,2026-04-25T14:35:00Z,41251,,2026-04-25T15:35:00Z,2026-04-25T23:05:00Z,4,12,8.416666666666666,8.5,9.633333333333333,2.366666666666667,8,5.583333333333333,5.683333333333333,2.3166666666666673,-1,0.36666666666666714,2026-04-26T00:13:00Z,L4,90.41155333052393,Airbus,3416,BLR-NAG-🛧BLR-MAA-BLR,,2026-04-25T16:48:36Z,2026-04-25
2026-04-25,40830:8-80722:5,Reported,2026-04-25T14:15:00Z,40830,80722,2026-04-25T15:40:00Z,2026-04-25T22:35:00Z,4,12,8.333333333333334,8.333333333333334,10,2,8,5.5,5.55,2.45,-1,0,2026-04-26T00:15:00Z,L4,90.4115538463179,Airbus,4196,NMI-IXE-NMI-🛧HYD-NMI,,2026-04-25T16:48:36Z,2026-04-25
2026-04-25,21892:5-,Yet to Report,2026-04-25T09:45:00Z,21892,,2026-04-25T10:45:00Z,2026-04-25T20:45:00Z,4,12,11,11,12.066666666666666,-0.06666666666666643,8,7.5,7.666666666666667,0.33333333333333304,,,2026-04-25T21:49:00Z,L4,77.69109287675991,Airbus,3256,DEL-BLR-🛧DEL-DED-DEL,,2026-04-24T16:34:53Z,2026-04-24
2026-04-25,41887:6-12651:4,Yet to Report,2026-04-25T07:30:00Z,41887,12651,2026-04-25T08:30:00Z,2026-04-25T19:15:00Z,3,12.5,11.75,11.75,12.733333333333333,-0.2333333333333325,8,6.333333333333333,6.05,1.9500000000000002,,,2026-04-25T20:14:00Z,L4,77.92681245925992,Airbus,4681,BLR-BOM-🛧BLR-AMD-BLR,,2026-04-24T16:34:53Z,2026-04-24
2026-04-25,66608:7-71977:5,Yet to Report,2026-04-25T14:50:00Z,66608,71977,2026-04-25T15:35:00Z,2026-04-25T22:35:00Z,4,12,7.75,7.75,9.8,2.1999999999999993,8,5.666666666666667,6.683333333333334,1.3166666666666664,-1,0.1999999999999993,2026-04-26T00:38:00Z,L4,90.41155356283205,ATR,1199,HYD-ISK-AMD-NMI-AMD,,2026-04-24T16:34:53Z,2026-04-24
2026-04-25,22464:5-69117:5,Yet to Report,2026-04-25T10:45:00Z,22464,69117,2026-04-25T11:45:00Z,2026-04-25T21:20:00Z,4,12,10.583333333333334,10.583333333333334,12.700000000000001,-0.7000000000000011,8,7.083333333333333,7.35,0.6500000000000004,,,2026-04-25T23:27:00Z,L4,78.55366145298491,Airbus,3909,DEL-HYD-🛧DEL-UDR-DEL,,2026-04-24T16:34:53Z,2026-04-24
2026-04-25,21892:5-,Yet to Report,2026-04-25T09:45:00Z,21892,,2026-04-25T10:45:00Z,2026-04-25T20:45:00Z,4,12,11,11,12.066666666666666,-0.06666666666666643,8,7.5,7.666666666666667,0.33333333333333304,,,2026-04-25T21:49:00Z,L4,77.69109287675991,Airbus,3256,DEL-BLR-🛧DEL-DED-DEL,,2026-04-24T16:48:29Z,2026-04-24
2026-04-25,41887:6-12651:4,Yet to Report,2026-04-25T07:30:00Z,41887,12651,2026-04-25T08:30:00Z,2026-04-25T19:15:00Z,3,12.5,11.75,11.75,12.733333333333333,-0.2333333333333325,8,6.333333333333333,6.05,1.9500000000000002,,,2026-04-25T20:14:00Z,L4,77.92681245925992,Airbus,4681,BLR-BOM-🛧BLR-AMD-BLR,,2026-04-24T16:48:29Z,2026-04-24
2026-04-25,66608:7-71977:5,Yet to Report,2026-04-25T14:50:00Z,66608,71977,2026-04-25T15:35:00Z,2026-04-25T22:35:00Z,4,12,7.75,7.75,9.8,2.1999999999999993,8,5.666666666666667,6.683333333333334,1.3166666666666664,-1,0.1999999999999993,2026-04-26T00:38:00Z,L4,90.41155356283205,ATR,1199,HYD-ISK-AMD-NMI-AMD,,2026-04-24T16:48:29Z,2026-04-24
2026-04-25,22464:5-69117:5,Yet to Report,2026-04-25T10:45:00Z,22464,69117,2026-04-25T11:45:00Z,2026-04-25T21:20:00Z,4,12,10.583333333333334,10.583333333333334,12.700000000000001,-0.7000000000000011,8,7.083333333333333,7.35,0.6500000000000004,,,2026-04-25T23:27:00Z,L4,78.55366145298491,Airbus,3909,DEL-HYD-🛧DEL-UDR-DEL,,2026-04-24T16:48:29Z,2026-04-24
2026-04-25,21892:5-,Yet to Report,2026-04-25T09:45:00Z,21892,,2026-04-25T10:45:00Z,2026-04-25T20:45:00Z,4,12,11,11,12.066666666666666,-0.06666666666666643,8,7.5,7.666666666666667,0.33333333333333304,,,2026-04-25T21:49:00Z,L4,77.69109287675991,Airbus,3256,DEL-BLR-🛧DEL-DED-DEL,,2026-04-24T17:04:41Z,2026-04-24
2026-04-25,41251:8-,Yet to Report,2026-04-25T14:35:00Z,41251,,2026-04-25T15:35:00Z,2026-04-25T23:00:00Z,4,12,8.416666666666666,8.416666666666666,10.049999999999999,1.950000000000001,8,5.583333333333333,5.949999999999999,2.0500000000000007,-1,-0.049999999999998934,2026-04-26T00:38:00Z,L4,90.4115539176208,Airbus,3416,BLR-NAG-🛧BLR-MAA-BLR,,2026-04-24T17:04:41Z,2026-04-24
2026-04-25,41887:6-12651:4,Yet to Report,2026-04-25T07:30:00Z,41887,12651,2026-04-25T08:30:00Z,2026-04-25T19:15:00Z,3,12.5,11.75,11.75,12.733333333333333,-0.2333333333333325,8,6.333333333333333,6.05,1.9500000000000002,,,2026-04-25T20:14:00Z,L4,77.92681245925992,Airbus,4681,BLR-BOM-🛧BLR-AMD-BLR,,2026-04-24T17:04:41Z,2026-04-24
2026-04-25,66608:7-71977:5,Yet to Report,2026-04-25T14:50:00Z,66608,71977,2026-04-25T15:35:00Z,2026-04-25T22:35:00Z,4,12,7.75,7.75,9.8,2.1999999999999993,8,5.666666666666667,6.683333333333334,1.3166666666666664,-1,0.1999999999999993,2026-04-26T00:38:00Z,L4,90.41155356283205,ATR,1199,HYD-ISK-AMD-NMI-AMD,,2026-04-24T17:04:41Z,2026-04-24
2026-04-25,22464:5-69117:5,Yet to Report,2026-04-25T10:45:00Z,22464,69117,2026-04-25T11:45:00Z,2026-04-25T21:20:00Z,4,12,10.583333333333334,10.583333333333334,12.700000000000001,-0.7000000000000011,8,7.083333333333333,7.35,0.6500000000000004,,,2026-04-25T23:27:00Z,L4,78.55366145298491,Airbus,3909,DEL-HYD-🛧DEL-UDR-DEL,,2026-04-24T17:04:41Z,2026-04-24
2026-04-25,40830:9-80722:5,Yet to Report,2026-04-25T14:05:00Z,40830,80722,2026-04-25T15:05:00Z,2026-04-25T22:35:00Z,4,12,8.5,8.5,10.266666666666666,1.7333333333333343,8,5.5,5.833333333333333,2.166666666666667,-1,-0.2666666666666657,2026-04-26T00:21:00Z,L4,90.41155422353573,Airbus,4196,NMI-IXE-NMI-🛧HYD-NMI,,2026-04-24T17:04:41Z,2026-04-24
2026-04-25,40830:8-80722:5,Reported,2026-04-25T14:15:00Z,40830,80722,2026-04-25T15:40:00Z,2026-04-25T22:35:00Z,4,12,8.333333333333334,8.333333333333334,10,2,8,5.5,5.55,2.45,-1,0,2026-04-26T00:15:00Z,L4,90.4115538463179,Airbus,4196,NMI-IXE-NMI-🛧HYD-NMI,,2026-04-25T17:04:55Z,2026-04-25
2026-04-25,41251:7-,Reported,2026-04-25T14:35:00Z,41251,,2026-04-25T15:35:00Z,2026-04-25T23:05:00Z,4,12,8.416666666666666,8.5,9.633333333333333,2.366666666666667,8,5.583333333333333,5.683333333333333,2.3166666666666673,-1,0.36666666666666714,2026-04-26T00:13:00Z,L4,90.41155333052393,Airbus,3416,BLR-NAG-🛧BLR-MAA-BLR,,2026-04-25T17:04:55Z,2026-04-25
2026-04-25,21892:5-,Yet to Report,2026-04-25T09:45:00Z,21892,,2026-04-25T10:45:00Z,2026-04-25T20:45:00Z,4,12,11,11,12.066666666666666,-0.06666666666666643,8,7.5,7.666666666666667,0.33333333333333304,,,2026-04-25T21:49:00Z,L4,77.69109287675991,Airbus,3256,DEL-BLR-🛧DEL-DED-DEL,,2026-04-24T17:18:03Z,2026-04-24
2026-04-25,41251:8-,Yet to Report,2026-04-25T14:35:00Z,41251,,2026-04-25T15:35:00Z,2026-04-25T23:00:00Z,4,12,8.416666666666666,8.416666666666666,10.049999999999999,1.950000000000001,8,5.583333333333333,5.949999999999999,2.0500000000000007,-1,-0.049999999999998934,2026-04-26T00:38:00Z,L4,90.4115539176208,Airbus,3416,BLR-NAG-🛧BLR-MAA-BLR,,2026-04-24T17:18:03Z,2026-04-24
2026-04-25,41887:6-12651:4,Yet to Report,2026-04-25T07:30:00Z,41887,12651,2026-04-25T08:30:00Z,2026-04-25T19:00:00Z,3,12.5,11.75,11.5,12.733333333333333,-0.2333333333333325,8,6.333333333333333,6.05,1.9500000000000002,,,2026-04-25T20:14:00Z,L4,77.92681245925992,Airbus,4681,BLR-BOM-🛧BLR-AMD-BLR,,2026-04-24T17:18:03Z,2026-04-24
2026-04-25,66608:7-71977:5,Yet to Report,2026-04-25T14:50:00Z,66608,71977,2026-04-25T15:35:00Z,2026-04-25T22:35:00Z,4,12,7.75,7.75,9.8,2.1999999999999993,8,5.666666666666667,6.683333333333334,1.3166666666666664,-1,0.1999999999999993,2026-04-26T00:38:00Z,L4,90.41155356283205,ATR,1199,HYD-ISK-AMD-NMI-AMD,,2026-04-24T17:18:03Z,2026-04-24
2026-04-25,22464:5-69117:5,Yet to Report,2026-04-25T10:45:00Z,22464,69117,2026-04-25T11:45:00Z,2026-04-25T21:20:00Z,4,12,10.583333333333334,10.583333333333334,12.700000000000001,-0.7000000000000011,8,7.083333333333333,7.35,0.6500000000000004,,,2026-04-25T23:27:00Z,L4,78.55366145298491,Airbus,3909,DEL-HYD-🛧DEL-UDR-DEL,,2026-04-24T17:18:03Z,2026-04-24
2026-04-25,40830:9-80722:5,Yet to Report,2026-04-25T14:05:00Z,40830,80722,2026-04-25T15:05:00Z,2026-04-25T22:35:00Z,4,12,8.5,8.5,10.266666666666666,1.7333333333333343,8,5.5,5.783333333333333,2.216666666666667,-1,-0.2666666666666657,2026-04-26T00:21:00Z,L4,90.41155422353573,Airbus,4196,NMI-IXE-NMI-🛧HYD-NMI,,2026-04-24T17:18:03Z,2026-04-24
2026-04-25,41251:7-,Reported,2026-04-25T14:35:00Z,41251,,2026-04-25T15:35:00Z,2026-04-25T23:05:00Z,4,12,8.416666666666666,8.5,9.633333333333333,2.366666666666667,8,5.583333333333333,5.683333333333333,2.3166666666666673,-1,0.36666666666666714,2026-04-26T00:13:00Z,L4,90.41155333052393,Airbus,3416,BLR-NAG-🛧BLR-MAA-BLR,,2026-04-25T17:17:45Z,2026-04-25
2026-04-25,40830:8-80722:5,Reported,2026-04-25T14:15:00Z,40830,80722,2026-04-25T15:40:00Z,2026-04-25T22:35:00Z,4,12,8.333333333333334,8.333333333333334,10,2,8,5.5,5.55,2.45,-1,0,2026-04-26T00:15:00Z,L4,90.4115538463179,Airbus,4196,NMI-IXE-NMI-🛧HYD-NMI,,2026-04-25T17:17:45Z,2026-04-25
2026-04-25,21892:5-,Yet to Report,2026-04-25T09:45:00Z,21892,,2026-04-25T10:45:00Z,2026-04-25T20:45:00Z,4,12,11,11,12.066666666666666,-0.06666666666666643,8,7.5,7.666666666666667,0.33333333333333304,,,2026-04-25T21:49:00Z,L4,77.69109287675991,Airbus,3256,DEL-BLR-🛧DEL-DED-DEL,,2026-04-24T17:33:31Z,2026-04-24
2026-04-25,41251:8-,Yet to Report,2026-04-25T14:35:00Z,41251,,2026-04-25T15:35:00Z,2026-04-25T23:00:00Z,4,12,8.416666666666666,8.416666666666666,10.049999999999999,1.950000000000001,8,5.583333333333333,5.949999999999999,2.0500000000000007,-1,-0.049999999999998934,2026-04-26T00:38:00Z,L4,90.4115539176208,Airbus,3416,BLR-NAG-🛧BLR-MAA-BLR,,2026-04-24T17:33:31Z,2026-04-24
2026-04-25,41887:6-12651:4,Yet to Report,2026-04-25T07:30:00Z,41887,12651,2026-04-25T08:30:00Z,2026-04-25T19:00:00Z,3,12.5,11.75,11.5,12.733333333333333,-0.2333333333333325,8,6.333333333333333,6.05,1.9500000000000002,,,2026-04-25T20:14:00Z,L4,77.92681245925992,Airbus,4681,BLR-BOM-🛧BLR-AMD-BLR,,2026-04-24T17:33:31Z,2026-04-24
2026-04-25,66608:7-71977:5,Yet to Report,2026-04-25T14:50:00Z,66608,71977,2026-04-25T15:35:00Z,2026-04-25T22:35:00Z,4,12,7.75,7.75,9.8,2.1999999999999993,8,5.666666666666667,6.683333333333334,1.3166666666666664,-1,0.1999999999999993,2026-04-26T00:38:00Z,L4,90.41155356283205,ATR,1199,HYD-ISK-AMD-NMI-AMD,,2026-04-24T17:33:31Z,2026-04-24
2026-04-25,22464:5-69117:5,Yet to Report,2026-04-25T10:45:00Z,22464,69117,2026-04-25T11:45:00Z,2026-04-25T21:20:00Z,4,12,10.583333333333334,10.583333333333334,12.700000000000001,-0.7000000000000011,8,7.083333333333333,7.35,0.6500000000000004,,,2026-04-25T23:27:00Z,L4,78.55366145298491,Airbus,3909,DEL-HYD-🛧DEL-UDR-DEL,,2026-04-24T17:33:31Z,2026-04-24
2026-04-25,40830:9-80722:5,Yet to Report,2026-04-25T14:05:00Z,40830,80722,2026-04-25T15:05:00Z,2026-04-25T22:35:00Z,4,12,8.5,8.5,10.266666666666666,1.7333333333333343,8,5.5,5.783333333333333,2.216666666666667,-1,-0.2666666666666657,2026-04-26T00:21:00Z,L4,90.41155422353573,Airbus,4196,NMI-IXE-NMI-🛧HYD-NMI,,2026-04-24T17:33:31Z,2026-04-24
2026-04-25,41251:7-,Reported,2026-04-25T14:35:00Z,41251,,2026-04-25T15:35:00Z,2026-04-25T23:05:00Z,4,12,8.416666666666666,8.5,9.633333333333333,2.366666666666667,8,5.583333333333333,5.683333333333333,2.3166666666666673,-1,0.36666666666666714,2026-04-26T00:13:00Z,L4,90.41155333052393,Airbus,3416,BLR-NAG-🛧BLR-MAA-BLR,,2026-04-25T17:34:14Z,2026-04-25
2026-04-25,40830:8-80722:5,Reported,2026-04-25T14:15:00Z,40830,80722,2026-04-25T15:40:00Z,2026-04-25T22:35:00Z,4,12,8.333333333333334,8.333333333333334,10,2,8,5.5,5.55,2.45,-1,0,2026-04-26T00:15:00Z,L4,90.4115538463179,Airbus,4196,NMI-IXE-NMI-🛧HYD-NMI,,2026-04-25T17:34:14Z,2026-04-25
2026-04-25,21892:5-,Yet to Report,2026-04-25T09:45:00Z,21892,,2026-04-25T10:45:00Z,2026-04-25T20:45:00Z,4,12,11,11,12.066666666666666,-0.06666666666666643,8,7.5,7.666666666666667,0.33333333333333304,,,2026-04-25T21:49:00Z,L4,77.69109287675991,Airbus,3256,DEL-BLR-🛧DEL-DED-DEL,,2026-04-24T17:48:32Z,2026-04-24
2026-04-25,41251:8-,Yet to Report,2026-04-25T14:35:00Z,41251,,2026-04-25T15:35:00Z,2026-04-25T23:00:00Z,4,12,8.416666666666666,8.416666666666666,10.049999999999999,1.950000000000001,8,5.583333333333333,5.949999999999999,2.0500000000000007,-1,-0.049999999999998934,2026-04-26T00:38:00Z,L4,90.4115539176208,Airbus,3416,BLR-NAG-🛧BLR-MAA-BLR,,2026-04-24T17:48:32Z,2026-04-24
2026-04-25,41887:6-12651:4,Yet to Report,2026-04-25T07:30:00Z,41887,12651,2026-04-25T08:30:00Z,2026-04-25T19:00:00Z,3,12.5,11.75,11.5,12.733333333333333,-0.2333333333333325,8,6.333333333333333,6.05,1.9500000000000002,,,2026-04-25T20:14:00Z,L4,77.92681245925992,Airbus,4681,BLR-BOM-🛧BLR-AMD-BLR,,2026-04-24T17:48:32Z,2026-04-24
2026-04-25,22464:5-69117:5,Yet to Report,2026-04-25T10:45:00Z,22464,69117,2026-04-25T11:45:00Z,2026-04-25T21:20:00Z,4,12,10.583333333333334,10.583333333333334,12.733333333333334,-0.7333333333333343,8,7.083333333333333,7.35,0.6500000000000004,,,2026-04-25T23:29:00Z,L4,78.59549270298491,Airbus,3909,DEL-HYD-🛧DEL-UDR-DEL,,2026-04-24T17:48:32Z,2026-04-24
2026-04-25,40830:9-80722:5,Yet to Report,2026-04-25T14:05:00Z,40830,80722,2026-04-25T15:05:00Z,2026-04-25T22:35:00Z,4,12,8.5,8.5,10.266666666666666,1.7333333333333343,8,5.5,5.783333333333333,2.216666666666667,-1,-0.2666666666666657,2026-04-26T00:21:00Z,L4,90.41155422353573,Airbus,4196,NMI-IXE-NMI-🛧HYD-NMI,,2026-04-24T17:48:32Z,2026-04-24
2026-04-25,66608:7-71977:5,Yet to Report,2026-04-25T14:50:00Z,66608,71977,2026-04-25T15:35:00Z,2026-04-25T22:35:00Z,4,12,7.75,7.75,9.8,2.1999999999999993,8,5.666666666666667,6.683333333333334,1.3166666666666664,-1,0.1999999999999993,2026-04-26T00:38:00Z,L4,90.41155356283205,ATR,1199,HYD-ISK-AMD-NMI-AMD,,2026-04-24T17:48:32Z,2026-04-24
2026-04-25,41251:7-,Reported,2026-04-25T14:35:00Z,41251,,2026-04-25T15:35:00Z,2026-04-25T23:05:00Z,4,12,8.416666666666666,8.5,9.766666666666666,2.2333333333333343,8,5.583333333333333,5.683333333333333,2.3166666666666673,-1,0.23333333333333428,2026-04-26T00:21:00Z,L4,90.41155351568025,Airbus,3416,BLR-NAG-🛧BLR-MAA-BLR,,2026-04-25T17:48:27Z,2026-04-25
2026-04-25,41251:7-,Reported,2026-04-25T14:35:00Z,41251,,2026-04-25T15:35:00Z,2026-04-25T23:05:00Z,4,12,8.416666666666666,8.5,9.716666666666667,2.283333333333333,8,5.583333333333333,5.783333333333333,2.216666666666667,-1,0.2833333333333332,2026-04-26T00:18:00Z,L4,90.41155344552796,Airbus,3416,BLR-NAG-🛧BLR-MAA-BLR,,2026-04-25T18:06:49Z,2026-04-25
2026-04-25,21892:5-,Yet to Report,2026-04-25T09:45:00Z,21892,,2026-04-25T10:45:00Z,2026-04-25T20:45:00Z,4,12,11,11,12.116666666666667,-0.11666666666666714,8,7.5,7.666666666666667,0.33333333333333304,,,2026-04-25T21:52:00Z,L4,77.76209387675992,Airbus,3256,DEL-BLR-🛧DEL-DED-DEL,,2026-04-24T18:05:53Z,2026-04-24
2026-04-25,41251:8-,Yet to Report,2026-04-25T14:35:00Z,41251,,2026-04-25T15:35:00Z,2026-04-25T23:00:00Z,4,12,8.416666666666666,8.416666666666666,10.049999999999999,1.950000000000001,8,5.583333333333333,5.949999999999999,2.0500000000000007,-1,-0.049999999999998934,2026-04-26T00:38:00Z,L4,90.4115539176208,Airbus,3416,BLR-NAG-🛧BLR-MAA-BLR,,2026-04-24T18:05:53Z,2026-04-24
2026-04-25,41887:6-12651:4,Yet to Report,2026-04-25T07:30:00Z,41887,12651,2026-04-25T08:30:00Z,2026-04-25T19:00:00Z,3,12.5,11.75,11.5,12.733333333333333,-0.2333333333333325,8,6.333333333333333,6.05,1.9500000000000002,,,2026-04-25T20:14:00Z,L4,77.92681245925992,Airbus,4681,BLR-BOM-🛧BLR-AMD-BLR,,2026-04-24T18:05:53Z,2026-04-24
2026-04-25,22464:5-69117:5,Yet to Report,2026-04-25T10:45:00Z,22464,69117,2026-04-25T11:45:00Z,2026-04-25T21:20:00Z,4,12,10.583333333333334,10.583333333333334,12.733333333333334,-0.7333333333333343,8,7.083333333333333,7.35,0.6500000000000004,,,2026-04-25T23:29:00Z,L4,78.59549270298491,Airbus,3909,DEL-HYD-🛧DEL-UDR-DEL,,2026-04-24T18:05:53Z,2026-04-24
2026-04-25,40830:9-80722:5,Yet to Report,2026-04-25T14:05:00Z,40830,80722,2026-04-25T15:05:00Z,2026-04-25T22:35:00Z,4,12,8.5,8.5,10.266666666666666,1.7333333333333343,8,5.5,5.783333333333333,2.216666666666667,-1,-0.2666666666666657,2026-04-26T00:21:00Z,L4,90.41155422353573,Airbus,4196,NMI-IXE-NMI-🛧HYD-NMI,,2026-04-24T18:05:53Z,2026-04-24
2026-04-25,66608:7-71977:5,Yet to Report,2026-04-25T14:50:00Z,66608,71977,2026-04-25T15:35:00Z,2026-04-25T22:35:00Z,4,12,7.75,7.75,9.8,2.1999999999999993,8,5.666666666666667,6.683333333333334,1.3166666666666664,-1,0.1999999999999993,2026-04-26T00:38:00Z,L4,90.41155356283205,ATR,1199,HYD-ISK-AMD-NMI-AMD,,2026-04-24T18:05:53Z,2026-04-24
2026-04-25,41251:7-,Reported,2026-04-25T14:35:00Z,41251,,2026-04-25T15:35:00Z,2026-04-25T23:05:00Z,4,12,8.416666666666666,8.5,9.716666666666667,2.283333333333333,8,5.583333333333333,5.783333333333333,2.216666666666667,-1,0.2833333333333332,2026-04-26T00:18:00Z,L4,90.41155344552796,Airbus,3416,BLR-NAG-🛧BLR-MAA-BLR,,2026-04-25T18:18:11Z,2026-04-25
2026-04-25,21892:5-,Yet to Report,2026-04-25T09:45:00Z,21892,,2026-04-25T10:45:00Z,2026-04-25T20:45:00Z,4,12,11,11,12.116666666666667,-0.11666666666666714,8,7.5,7.716666666666667,0.2833333333333332,,,2026-04-25T21:52:00Z,L4,77.76209394575991,Airbus,3256,DEL-BLR-🛧DEL-DED-DEL,,2026-04-24T18:18:28Z,2026-04-24
2026-04-25,41251:8-,Yet to Report,2026-04-25T14:35:00Z,41251,,2026-04-25T15:35:00Z,2026-04-25T23:00:00Z,4,12,8.416666666666666,8.416666666666666,10.049999999999999,1.950000000000001,8,5.583333333333333,5.949999999999999,2.0500000000000007,-1,-0.049999999999998934,2026-04-26T00:38:00Z,L4,90.4115539176208,Airbus,3416,BLR-NAG-🛧BLR-MAA-BLR,,2026-04-24T18:18:28Z,2026-04-24
2026-04-25,41887:6-12651:4,Yet to Report,2026-04-25T07:30:00Z,41887,12651,2026-04-25T08:30:00Z,2026-04-25T19:00:00Z,3,12.5,11.75,11.5,12.733333333333333,-0.2333333333333325,8,6.333333333333333,6.05,1.9500000000000002,,,2026-04-25T20:14:00Z,L4,77.92681245925992,Airbus,4681,BLR-BOM-🛧BLR-AMD-BLR,,2026-04-24T18:18:28Z,2026-04-24
2026-04-25,22464:5-69117:5,Yet to Report,2026-04-25T10:45:00Z,22464,69117,2026-04-25T11:45:00Z,2026-04-25T21:20:00Z,4,12,10.583333333333334,10.583333333333334,12.733333333333334,-0.7333333333333343,8,7.083333333333333,7.35,0.6500000000000004,,,2026-04-25T23:29:00Z,L4,78.59549270298491,Airbus,3909,DEL-HYD-🛧DEL-UDR-DEL,,2026-04-24T18:18:28Z,2026-04-24
2026-04-25,40830:9-80722:5,Yet to Report,2026-04-25T14:05:00Z,40830,80722,2026-04-25T15:05:00Z,2026-04-25T22:35:00Z,4,12,8.5,8.5,10.266666666666666,1.7333333333333343,8,5.5,5.783333333333333,2.216666666666667,-1,-0.2666666666666657,2026-04-26T00:21:00Z,L4,90.41155422353573,Airbus,4196,NMI-IXE-NMI-🛧HYD-NMI,,2026-04-24T18:18:28Z,2026-04-24
2026-04-25,66608:7-71977:5,Yet to Report,2026-04-25T14:50:00Z,66608,71977,2026-04-25T15:35:00Z,2026-04-25T22:35:00Z,4,12,7.75,7.75,9.8,2.1999999999999993,8,5.666666666666667,6.683333333333334,1.3166666666666664,-1,0.1999999999999993,2026-04-26T00:38:00Z,L4,90.41155356283205,ATR,1199,HYD-ISK-AMD-NMI-AMD,,2026-04-24T18:18:28Z,2026-04-24
2026-04-25,21892:5-,Yet to Report,2026-04-25T09:45:00Z,21892,,2026-04-25T10:45:00Z,2026-04-25T20:45:00Z,4,12,11,11,12.116666666666667,-0.11666666666666714,8,7.5,7.716666666666667,0.2833333333333332,,,2026-04-25T21:52:00Z,L4,77.76209394575991,Airbus,3256,DEL-BLR-🛧DEL-DED-DEL,,2026-04-24T18:33:42Z,2026-04-24
2026-04-25,41251:8-,Yet to Report,2026-04-25T14:35:00Z,41251,,2026-04-25T15:35:00Z,2026-04-25T23:00:00Z,4,12,8.416666666666666,8.416666666666666,10.049999999999999,1.950000000000001,8,5.583333333333333,5.949999999999999,2.0500000000000007,-1,-0.049999999999998934,2026-04-26T00:38:00Z,L4,90.4115539176208,Airbus,3416,BLR-NAG-🛧BLR-MAA-BLR,,2026-04-24T18:33:42Z,2026-04-24
2026-04-25,41887:6-12651:4,Yet to Report,2026-04-25T07:30:00Z,41887,12651,2026-04-25T08:30:00Z,2026-04-25T19:00:00Z,3,12.5,11.75,11.5,12.683333333333334,-0.18333333333333357,8,6.333333333333333,6.05,1.9500000000000002,,,2026-04-25T20:11:00Z,L4,77.85642670925992,Airbus,4681,BLR-BOM-🛧BLR-AMD-BLR,,2026-04-24T18:33:42Z,2026-04-24
2026-04-25,22464:5-69117:5,Yet to Report,2026-04-25T10:45:00Z,22464,69117,2026-04-25T11:45:00Z,2026-04-25T21:20:00Z,4,12,10.583333333333334,10.583333333333334,12.733333333333334,-0.7333333333333343,8,7.083333333333333,7.35,0.6500000000000004,,,2026-04-25T23:29:00Z,L4,78.59549270298491,Airbus,3909,DEL-HYD-🛧DEL-UDR-DEL,,2026-04-24T18:33:42Z,2026-04-24
2026-04-25,40830:9-80722:5,Yet to Report,2026-04-25T14:05:00Z,40830,80722,2026-04-25T15:05:00Z,2026-04-25T22:35:00Z,4,12,8.5,8.5,10.266666666666666,1.7333333333333343,8,5.5,5.783333333333333,2.216666666666667,-1,-0.2666666666666657,2026-04-26T00:21:00Z,L4,90.41155422353573,Airbus,4196,NMI-IXE-NMI-🛧HYD-NMI,,2026-04-24T18:33:42Z,2026-04-24
2026-04-25,66608:7-71977:5,Yet to Report,2026-04-25T14:50:00Z,66608,71977,2026-04-25T15:35:00Z,2026-04-25T22:35:00Z,4,12,7.75,7.75,9.8,2.1999999999999993,8,5.666666666666667,6.683333333333334,1.3166666666666664,-1,0.1999999999999993,2026-04-26T00:38:00Z,L4,90.41155356283205,ATR,1199,HYD-ISK-AMD-NMI-AMD,,2026-04-24T18:33:42Z,2026-04-24
2026-04-25,41251:7-,Reported,2026-04-25T14:35:00Z,41251,,2026-04-25T15:35:00Z,2026-04-25T23:05:00Z,4,12,8.416666666666666,8.5,9.799999999999999,2.200000000000001,8,5.583333333333333,5.783333333333333,2.216666666666667,-1,0.20000000000000107,2026-04-26T00:23:00Z,L4,90.41155356283198,Airbus,3416,BLR-NAG-🛧BLR-MAA-BLR,,2026-04-25T18:33:00Z,2026-04-25
2026-04-25,21892:5-,Yet to Report,2026-04-25T09:45:00Z,21892,,2026-04-25T10:45:00Z,2026-04-25T20:45:00Z,4,12,11,11,12.116666666666667,-0.11666666666666714,8,7.5,7.716666666666667,0.2833333333333332,,,2026-04-25T21:52:00Z,L4,77.76209394575991,Airbus,3256,DEL-BLR-🛧DEL-DED-DEL,,2026-04-24T18:48:18Z,2026-04-24
2026-04-25,41251:8-,Yet to Report,2026-04-25T14:35:00Z,41251,,2026-04-25T15:35:00Z,2026-04-25T23:00:00Z,4,12,8.416666666666666,8.416666666666666,10.049999999999999,1.950000000000001,8,5.583333333333333,5.949999999999999,2.0500000000000007,-1,-0.049999999999998934,2026-04-26T00:38:00Z,L4,90.4115539176208,Airbus,3416,BLR-NAG-🛧BLR-MAA-BLR,,2026-04-24T18:48:18Z,2026-04-24
2026-04-25,41887:6-12651:4,Yet to Report,2026-04-25T07:30:00Z,41887,12651,2026-04-25T08:30:00Z,2026-04-25T19:00:00Z,3,12.5,11.75,11.5,12.683333333333334,-0.18333333333333357,8,6.333333333333333,6.05,1.9500000000000002,,,2026-04-25T20:11:00Z,L4,77.85642670925992,Airbus,4681,BLR-BOM-🛧BLR-AMD-BLR,,2026-04-24T18:48:18Z,2026-04-24
2026-04-25,22464:5-69117:5,Yet to Report,2026-04-25T10:45:00Z,22464,69117,2026-04-25T11:45:00Z,2026-04-25T21:20:00Z,4,12,10.583333333333334,10.583333333333334,12.733333333333334,-0.7333333333333343,8,7.083333333333333,7.35,0.6500000000000004,,,2026-04-25T23:29:00Z,L4,78.59549270298491,Airbus,3909,DEL-HYD-🛧DEL-UDR-DEL,,2026-04-24T18:48:18Z,2026-04-24
2026-04-25,40830:9-80722:5,Yet to Report,2026-04-25T14:05:00Z,40830,80722,2026-04-25T15:05:00Z,2026-04-25T22:35:00Z,4,12,8.5,8.5,10.266666666666666,1.7333333333333343,8,5.5,5.783333333333333,2.216666666666667,-1,-0.2666666666666657,2026-04-26T00:21:00Z,L4,90.41155422353573,Airbus,4196,NMI-IXE-NMI-🛧HYD-NMI,,2026-04-24T18:48:18Z,2026-04-24
2026-04-25,66608:7-71977:5,Yet to Report,2026-04-25T14:50:00Z,66608,71977,2026-04-25T15:35:00Z,2026-04-25T22:35:00Z,4,12,7.75,7.75,9.8,2.1999999999999993,8,5.666666666666667,6.683333333333334,1.3166666666666664,-1,0.1999999999999993,2026-04-26T00:38:00Z,L4,90.41155356283205,ATR,1199,HYD-ISK-AMD-NMI-AMD,,2026-04-24T18:48:18Z,2026-04-24
2026-04-25,41887:6-12651:4,Yet to Report,2026-04-25T07:30:00Z,41887,12651,2026-04-25T08:30:00Z,2026-04-25T19:00:00Z,3,12.5,11.75,11.5,12.683333333333334,-0.18333333333333357,8,6.333333333333333,6.05,1.9500000000000002,,,2026-04-25T20:11:00Z,L4,77.85642670925992,Airbus,4681,BLR-BOM-🛧BLR-AMD-BLR,,2026-04-24T19:03:40Z,2026-04-24
2026-04-25,22464:5-69117:5,Yet to Report,2026-04-25T10:45:00Z,22464,69117,2026-04-25T11:45:00Z,2026-04-25T21:20:00Z,4,12,10.583333333333334,10.583333333333334,12.733333333333334,-0.7333333333333343,8,7.083333333333333,7.35,0.6500000000000004,,,2026-04-25T23:29:00Z,L4,78.59549270298491,Airbus,3909,DEL-HYD-🛧DEL-UDR-DEL,,2026-04-24T19:03:40Z,2026-04-24
2026-04-25,66608:7-71977:5,Yet to Report,2026-04-25T14:50:00Z,66608,71977,2026-04-25T15:35:00Z,2026-04-25T22:35:00Z,4,12,7.75,7.75,9.8,2.1999999999999993,8,5.666666666666667,6.683333333333334,1.3166666666666664,-1,0.1999999999999993,2026-04-26T00:38:00Z,L4,90.41155356283205,ATR,1199,HYD-ISK-AMD-NMI-AMD,,2026-04-24T19:03:40Z,2026-04-24
2026-04-25,40830:9-80722:5,Yet to Report,2026-04-25T14:05:00Z,40830,80722,2026-04-25T15:05:00Z,2026-04-25T22:35:00Z,4,12,8.5,8.5,10.266666666666666,1.7333333333333343,8,5.5,5.783333333333333,2.216666666666667,-1,-0.2666666666666657,2026-04-26T00:21:00Z,L4,90.41155422353573,Airbus,4196,NMI-IXE-NMI-🛧HYD-NMI,,2026-04-24T19:03:40Z,2026-04-24
2026-04-25,21892:5-,Yet to Report,2026-04-25T09:45:00Z,21892,,2026-04-25T10:45:00Z,2026-04-25T20:45:00Z,4,12,11,11,12.116666666666667,-0.11666666666666714,8,7.5,7.716666666666667,0.2833333333333332,,,2026-04-25T21:52:00Z,L4,77.76209394575991,Airbus,3256,DEL-BLR-🛧DEL-DED-DEL,,2026-04-24T19:03:40Z,2026-04-24
2026-04-25,41251:8-,Yet to Report,2026-04-25T14:35:00Z,41251,,2026-04-25T15:35:00Z,2026-04-25T23:00:00Z,4,12,8.416666666666666,8.416666666666666,10.016666666666666,1.9833333333333343,8,5.583333333333333,5.949999999999999,2.0500000000000007,-1,-0.01666666666666572,2026-04-26T00:36:00Z,L4,90.41155386989406,Airbus,3416,BLR-NAG-🛧BLR-MAA-BLR,,2026-04-24T19:03:40Z,2026-04-24
2026-04-25,41887:6-12651:4,Yet to Report,2026-04-25T07:30:00Z,41887,12651,2026-04-25T08:30:00Z,2026-04-25T19:00:00Z,3,12.5,11.75,11.5,12.683333333333334,-0.18333333333333357,8,6.333333333333333,6.05,1.9500000000000002,,,2026-04-25T20:11:00Z,L4,77.85642670925992,Airbus,4681,BLR-BOM-🛧BLR-AMD-BLR,,2026-04-24T19:17:48Z,2026-04-24
2026-04-25,66608:7-71977:5,Yet to Report,2026-04-25T14:50:00Z,66608,71977,2026-04-25T15:35:00Z,2026-04-25T22:35:00Z,4,12,7.75,7.75,9.8,2.1999999999999993,8,5.666666666666667,6.683333333333334,1.3166666666666664,-1,0.1999999999999993,2026-04-26T00:38:00Z,L4,90.41155356283205,ATR,1199,HYD-ISK-AMD-NMI-AMD,,2026-04-24T19:17:48Z,2026-04-24
2026-04-25,22464:5-69117:5,Yet to Report,2026-04-25T10:45:00Z,22464,69117,2026-04-25T11:45:00Z,2026-04-25T21:20:00Z,4,12,10.583333333333334,10.583333333333334,12.733333333333334,-0.7333333333333343,8,7.083333333333333,7.35,0.6500000000000004,,,2026-04-25T23:29:00Z,L4,78.59549270298491,Airbus,3909,DEL-HYD-🛧DEL-UDR-DEL,,2026-04-24T19:17:48Z,2026-04-24
2026-04-25,40830:9-80722:5,Yet to Report,2026-04-25T14:05:00Z,40830,80722,2026-04-25T15:05:00Z,2026-04-25T22:35:00Z,4,12,8.5,8.5,10.266666666666666,1.7333333333333343,8,5.5,5.783333333333333,2.216666666666667,-1,-0.2666666666666657,2026-04-26T00:21:00Z,L4,90.41155422353573,Airbus,4196,NMI-IXE-NMI-🛧HYD-NMI,,2026-04-24T19:17:48Z,2026-04-24
2026-04-25,21892:5-,Yet to Report,2026-04-25T09:45:00Z,21892,,2026-04-25T10:45:00Z,2026-04-25T20:45:00Z,4,12,11,11,12.116666666666667,-0.11666666666666714,8,7.5,7.716666666666667,0.2833333333333332,,,2026-04-25T21:52:00Z,L4,77.76209394575991,Airbus,3256,DEL-BLR-🛧DEL-DED-DEL,,2026-04-24T19:17:48Z,2026-04-24
2026-04-25,41251:8-,Yet to Report,2026-04-25T14:35:00Z,41251,,2026-04-25T15:35:00Z,2026-04-25T23:00:00Z,4,12,8.416666666666666,8.416666666666666,10.016666666666666,1.9833333333333343,8,5.583333333333333,5.949999999999999,2.0500000000000007,-1,-0.01666666666666572,2026-04-26T00:36:00Z,L4,90.41155386989406,Airbus,3416,BLR-NAG-🛧BLR-MAA-BLR,,2026-04-24T19:17:48Z,2026-04-24
2026-04-25,41887:6-12651:4,Yet to Report,2026-04-25T07:30:00Z,41887,12651,2026-04-25T08:30:00Z,2026-04-25T19:00:00Z,3,12.5,11.75,11.5,12.683333333333334,-0.18333333333333357,8,6.333333333333333,6.05,1.9500000000000002,,,2026-04-25T20:11:00Z,L4,77.85642670925992,Airbus,4681,BLR-BOM-🛧BLR-AMD-BLR,,2026-04-24T19:33:35Z,2026-04-24
2026-04-25,66608:7-71977:5,Yet to Report,2026-04-25T14:50:00Z,66608,71977,2026-04-25T15:35:00Z,2026-04-25T22:35:00Z,4,12,7.75,7.75,9.8,2.1999999999999993,8,5.666666666666667,6.683333333333334,1.3166666666666664,-1,0.1999999999999993,2026-04-26T00:38:00Z,L4,90.41155356283205,ATR,1199,HYD-ISK-AMD-NMI-AMD,,2026-04-24T19:33:35Z,2026-04-24
2026-04-25,22464:5-69117:5,Yet to Report,2026-04-25T10:45:00Z,22464,69117,2026-04-25T11:45:00Z,2026-04-25T21:20:00Z,4,12,10.583333333333334,10.583333333333334,12.733333333333334,-0.7333333333333343,8,7.083333333333333,7.35,0.6500000000000004,,,2026-04-25T23:29:00Z,L4,78.59549270298491,Airbus,3909,DEL-HYD-🛧DEL-UDR-DEL,,2026-04-24T19:33:35Z,2026-04-24
2026-04-25,40830:9-80722:5,Yet to Report,2026-04-25T14:05:00Z,40830,80722,2026-04-25T15:05:00Z,2026-04-25T22:35:00Z,4,12,8.5,8.5,10.266666666666666,1.7333333333333343,8,5.5,5.783333333333333,2.216666666666667,-1,-0.2666666666666657,2026-04-26T00:21:00Z,L4,90.41155422353573,Airbus,4196,NMI-IXE-NMI-🛧HYD-NMI,,2026-04-24T19:33:35Z,2026-04-24
2026-04-25,21892:5-,Yet to Report,2026-04-25T09:45:00Z,21892,,2026-04-25T10:45:00Z,2026-04-25T20:45:00Z,4,12,11,11,12.116666666666667,-0.11666666666666714,8,7.5,7.716666666666667,0.2833333333333332,,,2026-04-25T21:52:00Z,L4,77.76209394575991,Airbus,3256,DEL-BLR-🛧DEL-DED-DEL,,2026-04-24T19:33:35Z,2026-04-24
2026-04-25,41251:8-,Yet to Report,2026-04-25T14:35:00Z,41251,,2026-04-25T15:35:00Z,2026-04-25T23:00:00Z,4,12,8.416666666666666,8.416666666666666,10.016666666666666,1.9833333333333343,8,5.583333333333333,5.949999999999999,2.0500000000000007,-1,-0.01666666666666572,2026-04-26T00:36:00Z,L4,90.41155386989406,Airbus,3416,BLR-NAG-🛧BLR-MAA-BLR,,2026-04-24T19:33:35Z,2026-04-24
2026-04-25,21892:5-,Yet to Report,2026-04-25T09:45:00Z,21892,,2026-04-25T10:45:00Z,2026-04-25T20:45:00Z,4,12,11,11,12.116666666666667,-0.11666666666666714,8,7.5,7.716666666666667,0.2833333333333332,,,2026-04-25T21:52:00Z,L4,77.76209394575991,Airbus,3256,DEL-BLR-🛧DEL-DED-DEL,,2026-04-24T19:48:49Z,2026-04-24
2026-04-25,41251:8-,Yet to Report,2026-04-25T14:35:00Z,41251,,2026-04-25T15:35:00Z,2026-04-25T23:00:00Z,4,12,8.416666666666666,8.416666666666666,10.016666666666666,1.9833333333333343,8,5.583333333333333,5.949999999999999,2.0500000000000007,-1,-0.01666666666666572,2026-04-26T00:36:00Z,L4,90.41155386989406,Airbus,3416,BLR-NAG-🛧BLR-MAA-BLR,,2026-04-24T19:48:49Z,2026-04-24
2026-04-25,41887:6-12651:4,Yet to Report,2026-04-25T07:30:00Z,41887,12651,2026-04-25T08:30:00Z,2026-04-25T19:00:00Z,3,12.5,11.75,11.5,12.683333333333334,-0.18333333333333357,8,6.333333333333333,6.05,1.9500000000000002,,,2026-04-25T20:11:00Z,L4,77.85642670925992,Airbus,4681,BLR-BOM-🛧BLR-AMD-BLR,,2026-04-24T19:48:49Z,2026-04-24
2026-04-25,66608:7-71977:5,Yet to Report,2026-04-25T14:50:00Z,66608,71977,2026-04-25T15:35:00Z,2026-04-25T22:35:00Z,4,12,7.75,7.75,9.8,2.1999999999999993,8,5.666666666666667,6.683333333333334,1.3166666666666664,-1,0.1999999999999993,2026-04-26T00:38:00Z,L4,90.41155356283205,ATR,1199,HYD-ISK-AMD-NMI-AMD,,2026-04-24T19:48:49Z,2026-04-24
2026-04-25,22464:5-69117:5,Yet to Report,2026-04-25T10:45:00Z,22464,69117,2026-04-25T11:45:00Z,2026-04-25T21:20:00Z,4,12,10.583333333333334,10.583333333333334,12.733333333333334,-0.7333333333333343,8,7.083333333333333,7.35,0.6500000000000004,,,2026-04-25T23:29:00Z,L4,78.59549270298491,Airbus,3909,DEL-HYD-🛧DEL-UDR-DEL,,2026-04-24T19:48:49Z,2026-04-24
2026-04-25,40830:9-80722:5,Yet to Report,2026-04-25T14:05:00Z,40830,80722,2026-04-25T15:05:00Z,2026-04-25T22:35:00Z,4,12,8.5,8.5,10.266666666666666,1.7333333333333343,8,5.5,5.783333333333333,2.216666666666667,-1,-0.2666666666666657,2026-04-26T00:21:00Z,L4,90.41155422353573,Airbus,4196,NMI-IXE-NMI-🛧HYD-NMI,,2026-04-24T19:48:49Z,2026-04-24
2026-04-25,41251:8-,Yet to Report,2026-04-25T14:35:00Z,41251,,2026-04-25T15:35:00Z,2026-04-25T23:00:00Z,4,12,8.416666666666666,8.416666666666666,10.016666666666666,1.9833333333333343,8,5.583333333333333,5.949999999999999,2.0500000000000007,-1,-0.01666666666666572,2026-04-26T00:36:00Z,L4,90.41155386989406,Airbus,3416,BLR-NAG-🛧BLR-MAA-BLR,,2026-04-24T20:05:03Z,2026-04-24
2026-04-25,41887:6-12651:4,Yet to Report,2026-04-25T07:30:00Z,41887,12651,2026-04-25T08:30:00Z,2026-04-25T19:00:00Z,3,12.5,11.75,11.5,12.683333333333334,-0.18333333333333357,8,6.333333333333333,6.05,1.9500000000000002,,,2026-04-25T20:11:00Z,L4,77.85642670925992,Airbus,4681,BLR-BOM-🛧BLR-AMD-BLR,,2026-04-24T20:05:03Z,2026-04-24
2026-04-25,22464:5-69117:5,Yet to Report,2026-04-25T10:45:00Z,22464,69117,2026-04-25T11:45:00Z,2026-04-25T21:20:00Z,4,12,10.583333333333334,10.583333333333334,12.733333333333334,-0.7333333333333343,8,7.083333333333333,7.35,0.6500000000000004,,,2026-04-25T23:29:00Z,L4,78.59549270298491,Airbus,3909,DEL-HYD-🛧DEL-UDR-DEL,,2026-04-24T20:05:03Z,2026-04-24
2026-04-25,40830:9-80722:5,Yet to Report,2026-04-25T14:05:00Z,40830,80722,2026-04-25T15:05:00Z,2026-04-25T22:35:00Z,4,12,8.5,8.5,10.266666666666666,1.7333333333333343,8,5.5,5.783333333333333,2.216666666666667,-1,-0.2666666666666657,2026-04-26T00:21:00Z,L4,90.41155422353573,Airbus,4196,NMI-IXE-NMI-🛧HYD-NMI,,2026-04-24T20:05:03Z,2026-04-24
2026-04-25,66608:7-71977:5,Yet to Report,2026-04-25T14:50:00Z,66608,71977,2026-04-25T15:35:00Z,2026-04-25T22:35:00Z,4,12,7.75,7.75,9.8,2.1999999999999993,8,5.666666666666667,6.683333333333334,1.3166666666666664,-1,0.1999999999999993,2026-04-26T00:38:00Z,L4,90.41155356283205,ATR,1199,HYD-ISK-AMD-NMI-AMD,,2026-04-24T20:05:03Z,2026-04-24
2026-04-25,41251:8-,Yet to Report,2026-04-25T14:35:00Z,41251,,2026-04-25T15:35:00Z,2026-04-25T23:00:00Z,4,12,8.416666666666666,8.416666666666666,10.016666666666666,1.9833333333333343,8,5.583333333333333,5.949999999999999,2.0500000000000007,-1,-0.01666666666666572,2026-04-26T00:36:00Z,L4,90.41155386989406,Airbus,3416,BLR-NAG-🛧BLR-MAA-BLR,,2026-04-24T20:18:06Z,2026-04-24
2026-04-25,41887:6-12651:4,Yet to Report,2026-04-25T07:30:00Z,41887,12651,2026-04-25T08:30:00Z,2026-04-25T19:00:00Z,3,12.5,11.75,11.5,12.733333333333333,-0.2333333333333325,8,6.333333333333333,6.05,1.9500000000000002,,,2026-04-25T20:14:00Z,L4,77.92681245925992,Airbus,4681,BLR-BOM-🛧BLR-AMD-BLR,,2026-04-24T20:18:06Z,2026-04-24
2026-04-25,22464:5-69117:5,Yet to Report,2026-04-25T10:45:00Z,22464,69117,2026-04-25T11:45:00Z,2026-04-25T21:20:00Z,4,12,10.583333333333334,10.583333333333334,12.733333333333334,-0.7333333333333343,8,7.083333333333333,7.35,0.6500000000000004,,,2026-04-25T23:29:00Z,L4,78.59549270298491,Airbus,3909,DEL-HYD-🛧DEL-UDR-DEL,,2026-04-24T20:18:06Z,2026-04-24
2026-04-25,40830:9-80722:5,Yet to Report,2026-04-25T14:05:00Z,40830,80722,2026-04-25T15:05:00Z,2026-04-25T22:35:00Z,4,12,8.5,8.5,10.266666666666666,1.7333333333333343,8,5.5,5.783333333333333,2.216666666666667,-1,-0.2666666666666657,2026-04-26T00:21:00Z,L4,90.41155422353573,Airbus,4196,NMI-IXE-NMI-🛧HYD-NMI,,2026-04-24T20:18:06Z,2026-04-24
2026-04-25,66608:7-71977:5,Yet to Report,2026-04-25T14:50:00Z,66608,71977,2026-04-25T15:35:00Z,2026-04-25T22:35:00Z,4,12,7.75,7.75,9.8,2.1999999999999993,8,5.666666666666667,6.683333333333334,1.3166666666666664,-1,0.1999999999999993,2026-04-26T00:38:00Z,L4,90.41155356283205,ATR,1199,HYD-ISK-AMD-NMI-AMD,,2026-04-24T20:18:06Z,2026-04-24
2026-04-25,41251:8-,Yet to Report,2026-04-25T14:35:00Z,41251,,2026-04-25T15:35:00Z,2026-04-25T23:00:00Z,4,12,8.416666666666666,8.416666666666666,10.016666666666666,1.9833333333333343,8,5.583333333333333,5.949999999999999,2.0500000000000007,-1,-0.01666666666666572,2026-04-26T00:36:00Z,L4,90.41155386989406,Airbus,3416,BLR-NAG-🛧BLR-MAA-BLR,,2026-04-24T20:34:34Z,2026-04-24
2026-04-25,41887:6-12651:4,Yet to Report,2026-04-25T07:30:00Z,41887,12651,2026-04-25T08:30:00Z,2026-04-25T19:00:00Z,3,12.5,11.75,11.5,12.733333333333333,-0.2333333333333325,8,6.333333333333333,6.05,1.9500000000000002,,,2026-04-25T20:14:00Z,L4,77.92681245925992,Airbus,4681,BLR-BOM-🛧BLR-AMD-BLR,,2026-04-24T20:34:34Z,2026-04-24
2026-04-25,22464:5-69117:5,Yet to Report,2026-04-25T10:45:00Z,22464,69117,2026-04-25T11:45:00Z,2026-04-25T21:20:00Z,4,12,10.583333333333334,10.583333333333334,12.75,-0.75,8,7.083333333333333,7.366666666666666,0.6333333333333337,,,2026-04-25T23:30:00Z,L4,78.61622722425992,Airbus,3909,DEL-HYD-🛧DEL-UDR-DEL,,2026-04-24T20:34:34Z,2026-04-24
2026-04-25,40830:9-80722:5,Yet to Report,2026-04-25T14:05:00Z,40830,80722,2026-04-25T15:05:00Z,2026-04-25T22:35:00Z,4,12,8.5,8.5,10.266666666666666,1.7333333333333343,8,5.5,5.783333333333333,2.216666666666667,-1,-0.2666666666666657,2026-04-26T00:21:00Z,L4,90.41155422353573,Airbus,4196,NMI-IXE-NMI-🛧HYD-NMI,,2026-04-24T20:34:34Z,2026-04-24
2026-04-25,66608:7-71977:5,Yet to Report,2026-04-25T14:50:00Z,66608,71977,2026-04-25T15:35:00Z,2026-04-25T22:35:00Z,4,12,7.75,7.75,9.8,2.1999999999999993,8,5.666666666666667,6.683333333333334,1.3166666666666664,-1,0.1999999999999993,2026-04-26T00:38:00Z,L4,90.41155356283205,ATR,1199,HYD-ISK-AMD-NMI-AMD,,2026-04-24T20:34:34Z,2026-04-24
2026-04-25,46124:8-90374:5,Reported,2026-04-25T18:50:00Z,46124,90374,2026-04-25T20:05:00Z,2026-04-26T05:55:00Z,1,11,10.666666666666666,11.083333333333334,11.083333333333332,-0.08333333333333215,9,4.083333333333333,4.083333333333333,4.916666666666667,,,2026-04-26T05:55:00Z,L4,77.71477479168492,Airbus,F82,BOM-DMM-BOM,,2026-04-25T20:34:38Z,2026-04-25
2026-04-25,41251:8-,Yet to Report,2026-04-25T14:35:00Z,41251,,2026-04-25T15:35:00Z,2026-04-25T23:00:00Z,4,12,8.416666666666666,8.416666666666666,10.016666666666666,1.9833333333333343,8,5.583333333333333,5.949999999999999,2.0500000000000007,-1,-0.01666666666666572,2026-04-26T00:36:00Z,L4,90.41155386989406,Airbus,3416,BLR-NAG-🛧BLR-MAA-BLR,,2026-04-24T20:48:36Z,2026-04-24
2026-04-25,40830:9-80722:5,Yet to Report,2026-04-25T14:05:00Z,40830,80722,2026-04-25T15:05:00Z,2026-04-25T22:35:00Z,4,12,8.5,8.5,10.3,1.6999999999999993,8,5.5,5.783333333333333,2.216666666666667,-1,-0.3000000000000007,2026-04-26T00:23:00Z,L4,90.41155427011304,Airbus,4196,NMI-IXE-NMI-🛧HYD-NMI,,2026-04-24T20:48:36Z,2026-04-24
2026-04-25,66608:7-71977:5,Yet to Report,2026-04-25T14:50:00Z,66608,71977,2026-04-25T15:35:00Z,2026-04-25T22:35:00Z,4,12,7.75,7.75,9.8,2.1999999999999993,8,5.666666666666667,6.683333333333334,1.3166666666666664,-1,0.1999999999999993,2026-04-26T00:38:00Z,L4,90.41155356283205,ATR,1199,HYD-ISK-AMD-NMI-AMD,,2026-04-24T20:48:36Z,2026-04-24
2026-04-25,41887:6-12651:4,Yet to Report,2026-04-25T07:30:00Z,41887,12651,2026-04-25T08:30:00Z,2026-04-25T19:00:00Z,3,12.5,11.75,11.5,12.733333333333333,-0.2333333333333325,8,6.333333333333333,6.05,1.9500000000000002,,,2026-04-25T20:14:00Z,L4,77.92681245925992,Airbus,4681,BLR-BOM-🛧BLR-AMD-BLR,,2026-04-24T20:48:36Z,2026-04-24
2026-04-25,22464:5-69117:5,Yet to Report,2026-04-25T10:45:00Z,22464,69117,2026-04-25T11:45:00Z,2026-04-25T21:15:00Z,4,12,10.583333333333334,10.5,12.75,-0.75,8,7.083333333333333,7.366666666666666,0.6333333333333337,,,2026-04-25T23:30:00Z,L4,78.61622722425992,Airbus,3909,DEL-HYD-🛧DEL-UDR-DEL,,2026-04-24T20:48:36Z,2026-04-24
2026-04-25,46124:8-90374:5,Reported,2026-04-25T18:50:00Z,46124,90374,2026-04-25T20:05:00Z,2026-04-26T06:00:00Z,1,11,10.666666666666666,11.166666666666666,11.166666666666666,-0.16666666666666607,9,4.083333333333333,4.8,4.2,,,2026-04-26T06:00:00Z,L4,77.83289133423492,Airbus,F82,BOM-DMM-BOM,,2026-04-25T20:47:55Z,2026-04-25
2026-04-25,46124:8-90374:5,Reported,2026-04-25T18:50:00Z,46124,90374,2026-04-25T20:05:00Z,2026-04-26T06:00:00Z,1,11,10.666666666666666,11.166666666666666,11.166666666666666,-0.16666666666666607,9,4.083333333333333,4.8,4.2,,,2026-04-26T06:00:00Z,L4,77.83289133423492,Airbus,F82,BOM-DMM-BOM,,2026-04-25T21:05:24Z,2026-04-25
2026-04-25,41887:6-12651:4,Yet to Report,2026-04-25T07:30:00Z,41887,12651,2026-04-25T08:30:00Z,2026-04-25T19:00:00Z,3,12.5,11.75,11.5,12.733333333333333,-0.2333333333333325,8,6.333333333333333,6.05,1.9500000000000002,,,2026-04-25T20:14:00Z,L4,77.92681245925992,Airbus,4681,BLR-BOM-🛧BLR-AMD-BLR,,2026-04-24T21:05:23Z,2026-04-24
2026-04-25,22464:5-69117:5,Yet to Report,2026-04-25T10:45:00Z,22464,69117,2026-04-25T11:45:00Z,2026-04-25T21:15:00Z,4,12,10.583333333333334,10.5,12.75,-0.75,8,7.083333333333333,7.366666666666666,0.6333333333333337,,,2026-04-25T23:30:00Z,L4,78.61622722425992,Airbus,3909,DEL-HYD-🛧DEL-UDR-DEL,,2026-04-24T21:05:23Z,2026-04-24
2026-04-25,40830:9-80722:5,Yet to Report,2026-04-25T14:05:00Z,40830,80722,2026-04-25T15:05:00Z,2026-04-25T22:35:00Z,4,12,8.5,8.5,10.3,1.6999999999999993,8,5.5,5.783333333333333,2.216666666666667,-1,-0.3000000000000007,2026-04-26T00:23:00Z,L4,90.41155427011304,Airbus,4196,NMI-IXE-NMI-🛧HYD-NMI,,2026-04-24T21:05:23Z,2026-04-24
2026-04-25,66608:7-71977:5,Yet to Report,2026-04-25T14:50:00Z,66608,71977,2026-04-25T15:35:00Z,2026-04-25T22:35:00Z,4,12,7.75,7.75,9.8,2.1999999999999993,8,5.666666666666667,6.683333333333334,1.3166666666666664,-1,0.1999999999999993,2026-04-26T00:38:00Z,L4,90.41155356283205,ATR,1199,HYD-ISK-AMD-NMI-AMD,,2026-04-24T21:05:23Z,2026-04-24
2026-04-25,41251:8-,Yet to Report,2026-04-25T14:35:00Z,41251,,2026-04-25T15:35:00Z,2026-04-25T23:00:00Z,4,12,8.416666666666666,8.416666666666666,10.016666666666666,1.9833333333333343,8,5.583333333333333,5.949999999999999,2.0500000000000007,-1,-0.01666666666666572,2026-04-26T00:36:00Z,L4,90.41155386989406,Airbus,3416,BLR-NAG-🛧BLR-MAA-BLR,,2026-04-24T21:05:23Z,2026-04-24
2026-04-25,46124:8-90374:5,Reported,2026-04-25T18:50:00Z,46124,90374,2026-04-25T20:05:00Z,2026-04-26T06:00:00Z,1,11,10.666666666666666,11.166666666666666,11.166666666666666,-0.16666666666666607,9,4.083333333333333,4.8,4.2,,,2026-04-26T06:00:00Z,L4,77.83289133423492,Airbus,F82,BOM-DMM-BOM,,2026-04-25T21:17:53Z,2026-04-25
2026-04-25,41887:6-12651:4,Yet to Report,2026-04-25T07:30:00Z,41887,12651,2026-04-25T08:30:00Z,2026-04-25T19:00:00Z,3,12.5,11.75,11.5,12.733333333333333,-0.2333333333333325,8,6.333333333333333,6.05,1.9500000000000002,,,2026-04-25T20:14:00Z,L4,77.92681245925992,Airbus,4681,BLR-BOM-🛧BLR-AMD-BLR,,2026-04-24T21:18:28Z,2026-04-24
2026-04-25,78505:5-71974:8,Yet to Report,2026-04-25T05:55:00Z,78505,71974,2026-04-25T06:40:00Z,2026-04-25T14:50:00Z,4,10,8.916666666666666,8.916666666666666,9.066666666666666,0.9333333333333336,7,6.833333333333333,7,0,,,2026-04-25T14:59:00Z,L4,71.84625160683491,ATR,1310,BLR-VGA-BLR-TCR-BLR,,2026-04-24T21:18:28Z,2026-04-24
2026-04-25,33597:3-66973:7,Yet to Report,2026-04-25T05:55:00Z,33597,66973,2026-04-25T06:55:00Z,2026-04-25T15:15:00Z,4,10,9.416666666666666,9.333333333333334,9.649999999999999,0.3500000000000014,8,6.5,6.683333333333334,1.3166666666666664,-1,0.3500000000000014,2026-04-25T15:34:00Z,L4,90.4115533531353,Airbus,3070,CCU-JAI-CCU-IXA-CCU,,2026-04-24T21:18:28Z,2026-04-24
2026-04-25,22464:5-69117:5,Yet to Report,2026-04-25T10:45:00Z,22464,69117,2026-04-25T11:45:00Z,2026-04-25T21:15:00Z,4,12,10.583333333333334,10.5,12.75,-0.75,8,7.083333333333333,7.366666666666666,0.6333333333333337,,,2026-04-25T23:30:00Z,L4,78.61622722425992,Airbus,3909,DEL-HYD-🛧DEL-UDR-DEL,,2026-04-24T21:18:28Z,2026-04-24
2026-04-25,40830:9-80722:5,Yet to Report,2026-04-25T14:05:00Z,40830,80722,2026-04-25T15:05:00Z,2026-04-25T22:35:00Z,4,12,8.5,8.5,10.35,1.6500000000000004,8,5.5,5.783333333333333,2.216666666666667,-1,-0.34999999999999964,2026-04-26T00:26:00Z,L4,90.41155433969149,Airbus,4196,NMI-IXE-NMI-🛧HYD-NMI,,2026-04-24T21:18:28Z,2026-04-24
2026-04-25,66608:7-71977:5,Yet to Report,2026-04-25T14:50:00Z,66608,71977,2026-04-25T15:35:00Z,2026-04-25T22:35:00Z,4,12,7.75,7.75,9.8,2.1999999999999993,8,5.666666666666667,6.683333333333334,1.3166666666666664,-1,0.1999999999999993,2026-04-26T00:38:00Z,L4,90.41155356283205,ATR,1199,HYD-ISK-AMD-NMI-AMD,,2026-04-24T21:18:28Z,2026-04-24
2026-04-25,41251:8-,Yet to Report,2026-04-25T14:35:00Z,41251,,2026-04-25T15:35:00Z,2026-04-25T23:00:00Z,4,12,8.416666666666666,8.416666666666666,10.016666666666666,1.9833333333333343,8,5.583333333333333,5.949999999999999,2.0500000000000007,-1,-0.01666666666666572,2026-04-26T00:36:00Z,L4,90.41155386989406,Airbus,3416,BLR-NAG-🛧BLR-MAA-BLR,,2026-04-24T21:18:28Z,2026-04-24
2026-04-25,46124:8-90374:5,Reported,2026-04-25T18:50:00Z,46124,90374,2026-04-25T20:05:00Z,2026-04-26T06:00:00Z,1,11,10.666666666666666,11.166666666666666,11.166666666666666,-0.16666666666666607,9,4.083333333333333,4.8,4.2,,,2026-04-26T06:00:00Z,L4,77.83289133423492,Airbus,F82,BOM-DMM-BOM,,2026-04-25T21:34:29Z,2026-04-25
2026-04-25,41887:6-12651:4,Yet to Report,2026-04-25T07:30:00Z,41887,12651,2026-04-25T08:30:00Z,2026-04-25T19:00:00Z,3,12.5,11.75,11.5,12.733333333333333,-0.2333333333333325,8,6.333333333333333,6.05,1.9500000000000002,,,2026-04-25T20:14:00Z,L4,77.92681245925992,Airbus,4681,BLR-BOM-🛧BLR-AMD-BLR,,2026-04-24T21:34:53Z,2026-04-24
2026-04-25,66608:7-71977:5,Yet to Report,2026-04-25T14:50:00Z,66608,71977,2026-04-25T15:35:00Z,2026-04-25T22:35:00Z,4,12,7.75,7.75,9.8,2.1999999999999993,8,5.666666666666667,6.683333333333334,1.3166666666666664,-1,0.1999999999999993,2026-04-26T00:38:00Z,L4,90.41155356283205,ATR,1199,HYD-ISK-AMD-NMI-AMD,,2026-04-24T21:34:53Z,2026-04-24
2026-04-25,33597:3-66973:7,Yet to Report,2026-04-25T05:55:00Z,33597,66973,2026-04-25T06:55:00Z,2026-04-25T15:15:00Z,4,10,9.416666666666666,9.333333333333334,9.649999999999999,0.3500000000000014,8,6.5,6.6,1.4000000000000004,-1,0.3500000000000014,2026-04-25T15:34:00Z,L4,90.41155335313529,Airbus,3070,CCU-JAI-CCU-IXA-CCU,,2026-04-24T21:34:53Z,2026-04-24
2026-04-25,22464:5-69117:5,Yet to Report,2026-04-25T10:45:00Z,22464,69117,2026-04-25T11:45:00Z,2026-04-25T21:15:00Z,4,12,10.583333333333334,10.5,12.75,-0.75,8,7.083333333333333,7.366666666666666,0.6333333333333337,,,2026-04-25T23:30:00Z,L4,78.61622722425992,Airbus,3909,DEL-HYD-🛧DEL-UDR-DEL,,2026-04-24T21:34:53Z,2026-04-24
2026-04-25,40830:9-80722:5,Yet to Report,2026-04-25T14:05:00Z,40830,80722,2026-04-25T15:05:00Z,2026-04-25T22:35:00Z,4,12,8.5,8.5,10.35,1.6500000000000004,8,5.5,5.866666666666666,2.1333333333333337,-1,-0.34999999999999964,2026-04-26T00:26:00Z,L4,90.41155433969149,Airbus,4196,NMI-IXE-NMI-🛧HYD-NMI,,2026-04-24T21:34:53Z,2026-04-24
2026-04-25,41251:8-,Yet to Report,2026-04-25T14:35:00Z,41251,,2026-04-25T15:35:00Z,2026-04-25T23:00:00Z,4,12,8.416666666666666,8.416666666666666,10.016666666666666,1.9833333333333343,8,5.583333333333333,5.949999999999999,2.0500000000000007,-1,-0.01666666666666572,2026-04-26T00:36:00Z,L4,90.41155386989406,Airbus,3416,BLR-NAG-🛧BLR-MAA-BLR,,2026-04-24T21:34:53Z,2026-04-24
2026-04-25,41887:6-12651:4,Yet to Report,2026-04-25T07:30:00Z,41887,12651,2026-04-25T08:30:00Z,2026-04-25T19:00:00Z,3,12.5,11.75,11.5,12.733333333333333,-0.2333333333333325,8,6.333333333333333,6.05,1.9500000000000002,,,2026-04-25T20:14:00Z,L4,77.92681245925992,Airbus,4681,BLR-BOM-🛧BLR-AMD-BLR,,2026-04-24T21:48:12Z,2026-04-24
2026-04-25,66608:7-71977:5,Yet to Report,2026-04-25T14:50:00Z,66608,71977,2026-04-25T15:35:00Z,2026-04-25T22:45:00Z,4,12,7.75,7.916666666666667,9.8,2.1999999999999993,8,5.666666666666667,6.683333333333334,1.3166666666666664,-1,0.1999999999999993,2026-04-26T00:38:00Z,L4,90.41155356283205,ATR,1199,HYD-ISK-AMD-NMI-AMD,,2026-04-24T21:48:12Z,2026-04-24
2026-04-25,33597:3-66973:7,Yet to Report,2026-04-25T05:55:00Z,33597,66973,2026-04-25T06:55:00Z,2026-04-25T15:15:00Z,4,10,9.416666666666666,9.333333333333334,9.649999999999999,0.3500000000000014,8,6.5,6.6,1.4000000000000004,-1,0.3500000000000014,2026-04-25T15:34:00Z,L4,90.41155335313529,Airbus,3070,CCU-JAI-CCU-IXA-CCU,,2026-04-24T21:48:12Z,2026-04-24
2026-04-25,22464:5-69117:5,Yet to Report,2026-04-25T10:45:00Z,22464,69117,2026-04-25T11:45:00Z,2026-04-25T21:15:00Z,4,12,10.583333333333334,10.5,12.75,-0.75,8,7.083333333333333,7.366666666666666,0.6333333333333337,,,2026-04-25T23:30:00Z,L4,78.61622722425992,Airbus,3909,DEL-HYD-🛧DEL-UDR-DEL,,2026-04-24T21:48:12Z,2026-04-24
2026-04-25,40830:9-80722:5,Yet to Report,2026-04-25T14:05:00Z,40830,80722,2026-04-25T15:05:00Z,2026-04-25T22:35:00Z,4,12,8.5,8.5,10.35,1.6500000000000004,8,5.5,5.866666666666666,2.1333333333333337,-1,-0.34999999999999964,2026-04-26T00:26:00Z,L4,90.41155433969149,Airbus,4196,NMI-IXE-NMI-🛧HYD-NMI,,2026-04-24T21:48:12Z,2026-04-24
2026-04-25,41251:8-,Yet to Report,2026-04-25T14:35:00Z,41251,,2026-04-25T15:35:00Z,2026-04-25T23:00:00Z,4,12,8.416666666666666,8.416666666666666,10.016666666666666,1.9833333333333343,8,5.583333333333333,5.949999999999999,2.0500000000000007,-1,-0.01666666666666572,2026-04-26T00:36:00Z,L4,90.41155386989406,Airbus,3416,BLR-NAG-🛧BLR-MAA-BLR,,2026-04-24T21:48:12Z,2026-04-24
2026-04-25,46124:8-90374:5,Reported,2026-04-25T18:50:00Z,46124,90374,2026-04-25T20:05:00Z,2026-04-26T06:00:00Z,1,11,10.666666666666666,11.166666666666666,11.166666666666666,-0.16666666666666607,9,4.083333333333333,4.8,4.2,,,2026-04-26T06:00:00Z,L4,77.83289133423492,Airbus,F82,BOM-DMM-BOM,,2026-04-25T21:48:52Z,2026-04-25
2026-04-25,41887:6-12651:4,Yet to Report,2026-04-25T07:30:00Z,41887,12651,2026-04-25T08:30:00Z,2026-04-25T19:00:00Z,3,12.5,11.75,11.5,12.733333333333333,-0.2333333333333325,8,6.333333333333333,6.05,1.9500000000000002,,,2026-04-25T20:14:00Z,L4,77.92681245925992,Airbus,4681,BLR-BOM-🛧BLR-AMD-BLR,,2026-04-24T22:05:23Z,2026-04-24
2026-04-25,66608:7-71977:5,Yet to Report,2026-04-25T14:50:00Z,66608,71977,2026-04-25T15:35:00Z,2026-04-25T22:45:00Z,4,12,7.75,7.916666666666667,9.8,2.1999999999999993,8,5.666666666666667,6.683333333333334,1.3166666666666664,-1,0.1999999999999993,2026-04-26T00:38:00Z,L4,90.41155356283205,ATR,1199,HYD-ISK-AMD-NMI-AMD,,2026-04-24T22:05:23Z,2026-04-24
2026-04-25,33597:3-66973:7,Yet to Report,2026-04-25T05:55:00Z,33597,66973,2026-04-25T06:55:00Z,2026-04-25T15:15:00Z,4,10,9.416666666666666,9.333333333333334,9.649999999999999,0.3500000000000014,8,6.5,6.6,1.4000000000000004,-1,0.3500000000000014,2026-04-25T15:34:00Z,L4,90.41155335313529,Airbus,3070,CCU-JAI-CCU-IXA-CCU,,2026-04-24T22:05:23Z,2026-04-24
2026-04-25,22464:5-69117:5,Yet to Report,2026-04-25T10:45:00Z,22464,69117,2026-04-25T11:45:00Z,2026-04-25T21:15:00Z,4,12,10.583333333333334,10.5,12.75,-0.75,8,7.083333333333333,7.366666666666666,0.6333333333333337,,,2026-04-25T23:30:00Z,L4,78.61622722425992,Airbus,3909,DEL-HYD-🛧DEL-UDR-DEL,,2026-04-24T22:05:23Z,2026-04-24
2026-04-25,40830:9-80722:5,Yet to Report,2026-04-25T14:05:00Z,40830,80722,2026-04-25T15:05:00Z,2026-04-25T22:35:00Z,4,12,8.5,8.5,10.383333333333333,1.6166666666666671,8,5.5,5.866666666666666,2.1333333333333337,-1,-0.38333333333333286,2026-04-26T00:28:00Z,L4,90.41155438511936,Airbus,4196,NMI-IXE-NMI-🛧HYD-NMI,,2026-04-24T22:05:23Z,2026-04-24
2026-04-25,41251:8-,Yet to Report,2026-04-25T14:35:00Z,41251,,2026-04-25T15:35:00Z,2026-04-25T23:00:00Z,4,12,8.416666666666666,8.416666666666666,10.016666666666666,1.9833333333333343,8,5.583333333333333,5.949999999999999,2.0500000000000007,-1,-0.01666666666666572,2026-04-26T00:36:00Z,L4,90.41155386989406,Airbus,3416,BLR-NAG-🛧BLR-MAA-BLR,,2026-04-24T22:05:23Z,2026-04-24
2026-04-25,46124:8-90374:5,Reported,2026-04-25T18:50:00Z,46124,90374,2026-04-25T20:05:00Z,2026-04-26T06:00:00Z,1,11,10.666666666666666,11.166666666666666,11.166666666666666,-0.16666666666666607,9,4.083333333333333,4.8,4.2,,,2026-04-26T06:00:00Z,L4,77.83289133423492,Airbus,F82,BOM-DMM-BOM,,2026-04-25T22:09:16Z,2026-04-25
2026-04-25,41887:6-12651:4,Yet to Report,2026-04-25T07:30:00Z,41887,12651,2026-04-25T08:30:00Z,2026-04-25T19:00:00Z,3,12.5,11.75,11.5,12.733333333333333,-0.2333333333333325,8,6.333333333333333,6.05,1.9500000000000002,,,2026-04-25T20:14:00Z,L4,77.92681245925992,Airbus,4681,BLR-BOM-🛧BLR-AMD-BLR,,2026-04-24T22:19:17Z,2026-04-24
2026-04-25,66608:7-71977:5,Yet to Report,2026-04-25T14:50:00Z,66608,71977,2026-04-25T15:35:00Z,2026-04-25T22:45:00Z,4,12,7.75,7.916666666666667,9.8,2.1999999999999993,8,5.666666666666667,6.683333333333334,1.3166666666666664,-1,0.1999999999999993,2026-04-26T00:38:00Z,L4,90.41155356283205,ATR,1199,HYD-ISK-AMD-NMI-AMD,,2026-04-24T22:19:17Z,2026-04-24
2026-04-25,33597:3-66973:7,Yet to Report,2026-04-25T05:55:00Z,33597,66973,2026-04-25T06:55:00Z,2026-04-25T15:15:00Z,4,10,9.416666666666666,9.333333333333334,9.649999999999999,0.3500000000000014,8,6.5,6.6,1.4000000000000004,-1,0.3500000000000014,2026-04-25T15:34:00Z,L4,90.41155335313529,Airbus,3070,CCU-JAI-CCU-IXA-CCU,,2026-04-24T22:19:17Z,2026-04-24
2026-04-25,22464:5-69117:5,Yet to Report,2026-04-25T10:45:00Z,22464,69117,2026-04-25T11:45:00Z,2026-04-25T21:15:00Z,4,12,10.583333333333334,10.5,12.783333333333335,-0.783333333333335,8,7.083333333333333,7.366666666666666,0.6333333333333337,,,2026-04-25T23:32:00Z,L4,78.65732247425991,Airbus,3909,DEL-HYD-🛧DEL-UDR-DEL,,2026-04-24T22:19:17Z,2026-04-24
2026-04-25,40830:9-80722:5,Yet to Report,2026-04-25T14:05:00Z,40830,80722,2026-04-25T15:05:00Z,2026-04-25T22:35:00Z,4,12,8.5,8.5,10.383333333333333,1.6166666666666671,8,5.5,5.866666666666666,2.1333333333333337,-1,-0.38333333333333286,2026-04-26T00:28:00Z,L4,90.41155438511936,Airbus,4196,NMI-IXE-NMI-🛧HYD-NMI,,2026-04-24T22:19:17Z,2026-04-24
2026-04-25,41251:8-,Yet to Report,2026-04-25T14:35:00Z,41251,,2026-04-25T15:35:00Z,2026-04-25T23:00:00Z,4,12,8.416666666666666,8.416666666666666,10.016666666666666,1.9833333333333343,8,5.583333333333333,5.949999999999999,2.0500000000000007,-1,-0.01666666666666572,2026-04-26T00:36:00Z,L4,90.41155386989406,Airbus,3416,BLR-NAG-🛧BLR-MAA-BLR,,2026-04-24T22:19:17Z,2026-04-24
2026-04-25,46124:8-90374:5,Reported,2026-04-25T18:50:00Z,46124,90374,2026-04-25T20:05:00Z,2026-04-26T06:00:00Z,1,11,10.666666666666666,11.166666666666666,11.166666666666666,-0.16666666666666607,9,4.083333333333333,4.8,4.2,,,2026-04-26T06:00:00Z,L4,77.83289133423492,Airbus,F82,BOM-DMM-BOM,,2026-04-25T22:19:42Z,2026-04-25
2026-04-25,41887:6-12651:4,Yet to Report,2026-04-25T07:30:00Z,41887,12651,2026-04-25T08:30:00Z,2026-04-25T19:00:00Z,3,12.5,11.75,11.5,12.733333333333333,-0.2333333333333325,8,6.333333333333333,6.05,1.9500000000000002,,,2026-04-25T20:14:00Z,L4,77.92681245925992,Airbus,4681,BLR-BOM-🛧BLR-AMD-BLR,,2026-04-24T22:33:25Z,2026-04-24
2026-04-25,22464:5-69117:5,Yet to Report,2026-04-25T10:45:00Z,22464,69117,2026-04-25T11:45:00Z,2026-04-25T21:15:00Z,4,12,10.583333333333334,10.5,12.783333333333335,-0.783333333333335,8,7.083333333333333,7.3999999999999995,0.6000000000000005,,,2026-04-25T23:32:00Z,L4,78.65732251738491,Airbus,3909,DEL-HYD-🛧DEL-UDR-DEL,,2026-04-24T22:33:25Z,2026-04-24
2026-04-25,40830:9-80722:5,Yet to Report,2026-04-25T14:05:00Z,40830,80722,2026-04-25T15:05:00Z,2026-04-25T22:35:00Z,4,12,8.5,8.5,10.383333333333333,1.6166666666666671,8,5.5,5.866666666666666,2.1333333333333337,-1,-0.38333333333333286,2026-04-26T00:28:00Z,L4,90.41155438511936,Airbus,4196,NMI-IXE-NMI-🛧HYD-NMI,,2026-04-24T22:33:25Z,2026-04-24
2026-04-25,66608:7-71977:5,Yet to Report,2026-04-25T14:50:00Z,66608,71977,2026-04-25T15:35:00Z,2026-04-25T22:45:00Z,4,12,7.75,7.916666666666667,9.8,2.1999999999999993,8,5.666666666666667,6.683333333333334,1.3166666666666664,-1,0.1999999999999993,2026-04-26T00:38:00Z,L4,90.41155356283205,ATR,1199,HYD-ISK-AMD-NMI-AMD,,2026-04-24T22:33:25Z,2026-04-24
2026-04-25,41251:8-,Yet to Report,2026-04-25T14:35:00Z,41251,,2026-04-25T15:35:00Z,2026-04-25T23:05:00Z,4,12,8.416666666666666,8.5,10.016666666666666,1.9833333333333343,8,5.583333333333333,5.949999999999999,2.0500000000000007,-1,-0.01666666666666572,2026-04-26T00:36:00Z,L4,90.41155386989406,Airbus,3416,BLR-NAG-🛧BLR-MAA-BLR,,2026-04-24T22:33:25Z,2026-04-24
2026-04-25,41887:6-12651:4,Yet to Report,2026-04-25T07:30:00Z,41887,12651,2026-04-25T08:30:00Z,2026-04-25T19:00:00Z,3,12.5,11.75,11.5,12.733333333333333,-0.2333333333333325,8,6.333333333333333,6.05,1.9500000000000002,,,2026-04-25T20:14:00Z,L4,77.92681245925992,Airbus,4681,BLR-BOM-🛧BLR-AMD-BLR,,2026-04-24T22:48:13Z,2026-04-24
2026-04-25,22464:5-69117:5,Yet to Report,2026-04-25T10:45:00Z,22464,69117,2026-04-25T11:45:00Z,2026-04-25T21:15:00Z,4,12,10.583333333333334,10.5,12.783333333333335,-0.783333333333335,8,7.083333333333333,7.3999999999999995,0.6000000000000005,,,2026-04-25T23:32:00Z,L4,78.65732251738491,Airbus,3909,DEL-HYD-🛧DEL-UDR-DEL,,2026-04-24T22:48:13Z,2026-04-24
2026-04-25,40830:9-80722:5,Yet to Report,2026-04-25T14:05:00Z,40830,80722,2026-04-25T15:05:00Z,2026-04-25T22:35:00Z,4,12,8.5,8.5,10.383333333333333,1.6166666666666671,8,5.5,5.866666666666666,2.1333333333333337,-1,-0.38333333333333286,2026-04-26T00:28:00Z,L4,90.41155438511936,Airbus,4196,NMI-IXE-NMI-🛧HYD-NMI,,2026-04-24T22:48:13Z,2026-04-24
2026-04-25,66608:7-71977:5,Yet to Report,2026-04-25T14:50:00Z,66608,71977,2026-04-25T15:35:00Z,2026-04-25T22:45:00Z,4,12,7.75,7.916666666666667,9.8,2.1999999999999993,8,5.666666666666667,6.683333333333334,1.3166666666666664,-1,0.1999999999999993,2026-04-26T00:38:00Z,L4,90.41155356283205,ATR,1199,HYD-ISK-AMD-NMI-AMD,,2026-04-24T22:48:13Z,2026-04-24
2026-04-25,41251:8-,Yet to Report,2026-04-25T14:35:00Z,41251,,2026-04-25T15:35:00Z,2026-04-25T23:05:00Z,4,12,8.416666666666666,8.5,10.016666666666666,1.9833333333333343,8,5.583333333333333,5.949999999999999,2.0500000000000007,-1,-0.01666666666666572,2026-04-26T00:36:00Z,L4,90.41155386989406,Airbus,3416,BLR-NAG-🛧BLR-MAA-BLR,,2026-04-24T22:48:13Z,2026-04-24
2026-04-25,46124:8-90374:5,Reported,2026-04-25T18:50:00Z,46124,90374,2026-04-25T20:05:00Z,2026-04-26T06:00:00Z,1,11,10.666666666666666,11.166666666666666,11.166666666666666,-0.16666666666666607,9,4.083333333333333,4.8,4.2,,,2026-04-26T06:00:00Z,L4,77.83289133423492,Airbus,F82,BOM-DMM-BOM,,2026-04-25T22:33:21Z,2026-04-25
2026-04-25,46124:8-90374:5,Reported,2026-04-25T18:50:00Z,46124,90374,2026-04-25T20:05:00Z,2026-04-26T06:00:00Z,1,11,10.666666666666666,11.166666666666666,11.166666666666666,-0.16666666666666607,9,4.083333333333333,4.8,4.2,,,2026-04-26T06:00:00Z,L4,77.83289133423492,Airbus,F82,BOM-DMM-BOM,,2026-04-25T22:48:15Z,2026-04-25
2026-04-25,41887:6-12651:4,Yet to Report,2026-04-25T07:30:00Z,41887,12651,2026-04-25T08:30:00Z,2026-04-25T19:00:00Z,3,12.5,11.75,11.5,12.733333333333333,-0.2333333333333325,8,6.333333333333333,6.05,1.9500000000000002,,,2026-04-25T20:14:00Z,L4,77.92681245925992,Airbus,4681,BLR-BOM-🛧BLR-AMD-BLR,,2026-04-24T23:04:28Z,2026-04-24
2026-04-25,22464:5-69117:5,Yet to Report,2026-04-25T10:45:00Z,22464,69117,2026-04-25T11:45:00Z,2026-04-25T21:15:00Z,4,12,10.583333333333334,10.5,12.783333333333335,-0.783333333333335,8,7.083333333333333,7.3999999999999995,0.6000000000000005,,,2026-04-25T23:32:00Z,L4,78.65732251738491,Airbus,3909,DEL-HYD-🛧DEL-UDR-DEL,,2026-04-24T23:04:28Z,2026-04-24
2026-04-25,40830:9-80722:5,Yet to Report,2026-04-25T14:05:00Z,40830,80722,2026-04-25T15:05:00Z,2026-04-25T22:35:00Z,4,12,8.5,8.5,10.383333333333333,1.6166666666666671,8,5.5,5.866666666666666,2.1333333333333337,-1,-0.38333333333333286,2026-04-26T00:28:00Z,L4,90.41155438511936,Airbus,4196,NMI-IXE-NMI-🛧HYD-NMI,,2026-04-24T23:04:28Z,2026-04-24
2026-04-25,66608:7-71977:5,Yet to Report,2026-04-25T14:50:00Z,66608,71977,2026-04-25T15:35:00Z,2026-04-25T22:45:00Z,4,12,7.75,7.916666666666667,9.8,2.1999999999999993,8,5.666666666666667,6.683333333333334,1.3166666666666664,-1,0.1999999999999993,2026-04-26T00:38:00Z,L4,90.41155356283205,ATR,1199,HYD-ISK-AMD-NMI-AMD,,2026-04-24T23:04:28Z,2026-04-24
2026-04-25,41251:8-,Yet to Report,2026-04-25T14:35:00Z,41251,,2026-04-25T15:35:00Z,2026-04-25T23:05:00Z,4,12,8.416666666666666,8.5,10.016666666666666,1.9833333333333343,8,5.583333333333333,5.949999999999999,2.0500000000000007,-1,-0.01666666666666572,2026-04-26T00:36:00Z,L4,90.41155386989406,Airbus,3416,BLR-NAG-🛧BLR-MAA-BLR,,2026-04-24T23:04:28Z,2026-04-24
2026-04-25,46124:8-90374:5,Reported,2026-04-25T18:50:00Z,46124,90374,2026-04-25T20:05:00Z,2026-04-26T06:00:00Z,1,11,10.666666666666666,11.166666666666666,11.166666666666666,-0.16666666666666607,9,4.083333333333333,4.8,4.2,,,2026-04-26T06:00:00Z,L4,77.83289133423492,Airbus,F82,BOM-DMM-BOM,,2026-04-25T23:03:47Z,2026-04-25
2026-04-25,41887:6-12651:4,Yet to Report,2026-04-25T07:30:00Z,41887,12651,2026-04-25T08:30:00Z,2026-04-25T19:00:00Z,3,12.5,11.75,11.5,12.733333333333333,-0.2333333333333325,8,6.333333333333333,6.05,1.9500000000000002,,,2026-04-25T20:14:00Z,L4,77.92681245925992,Airbus,4681,BLR-BOM-🛧BLR-AMD-BLR,,2026-04-24T23:18:15Z,2026-04-24
2026-04-25,22464:5-69117:5,Yet to Report,2026-04-25T10:45:00Z,22464,69117,2026-04-25T11:45:00Z,2026-04-25T21:15:00Z,4,12,10.583333333333334,10.5,12.783333333333335,-0.783333333333335,8,7.083333333333333,7.3999999999999995,0.6000000000000005,,,2026-04-25T23:32:00Z,L4,78.65732251738491,Airbus,3909,DEL-HYD-🛧DEL-UDR-DEL,,2026-04-24T23:18:15Z,2026-04-24
2026-04-25,40830:9-80722:5,Yet to Report,2026-04-25T14:05:00Z,40830,80722,2026-04-25T15:05:00Z,2026-04-25T22:35:00Z,4,12,8.5,8.5,10.383333333333333,1.6166666666666671,8,5.5,5.866666666666666,2.1333333333333337,-1,-0.38333333333333286,2026-04-26T00:28:00Z,L4,90.41155438511936,Airbus,4196,NMI-IXE-NMI-🛧HYD-NMI,,2026-04-24T23:18:15Z,2026-04-24
2026-04-25,66608:7-71977:5,Yet to Report,2026-04-25T14:50:00Z,66608,71977,2026-04-25T15:35:00Z,2026-04-25T22:45:00Z,4,12,7.75,7.916666666666667,9.8,2.1999999999999993,8,5.666666666666667,6.683333333333334,1.3166666666666664,-1,0.1999999999999993,2026-04-26T00:38:00Z,L4,90.41155356283205,ATR,1199,HYD-ISK-AMD-NMI-AMD,,2026-04-24T23:18:15Z,2026-04-24
2026-04-25,41251:8-,Yet to Report,2026-04-25T14:35:00Z,41251,,2026-04-25T15:35:00Z,2026-04-25T23:05:00Z,4,12,8.416666666666666,8.5,10.016666666666666,1.9833333333333343,8,5.583333333333333,5.949999999999999,2.0500000000000007,-1,-0.01666666666666572,2026-04-26T00:36:00Z,L4,90.41155386989406,Airbus,3416,BLR-NAG-🛧BLR-MAA-BLR,,2026-04-24T23:18:15Z,2026-04-24
2026-04-25,46124:8-90374:5,Reported,2026-04-25T18:50:00Z,46124,90374,2026-04-25T20:05:00Z,2026-04-26T06:35:00Z,1,11,10.666666666666666,11.75,11.75,-0.75,9,4.083333333333333,5.383333333333333,3.616666666666667,,,2026-04-26T06:35:00Z,L4,78.61622539920991,Airbus,F82,BOM-DMM-BOM,,2026-04-25T23:18:27Z,2026-04-25
2026-04-25,41887:6-12651:4,Yet to Report,2026-04-25T07:30:00Z,41887,12651,2026-04-25T08:30:00Z,2026-04-25T19:00:00Z,3,12.5,11.75,11.5,12.733333333333333,-0.2333333333333325,8,6.333333333333333,6.05,1.9500000000000002,,,2026-04-25T20:14:00Z,L4,77.92681245925992,Airbus,4681,BLR-BOM-🛧BLR-AMD-BLR,,2026-04-24T23:34:46Z,2026-04-24
2026-04-25,66608:7-71977:5,Yet to Report,2026-04-25T14:50:00Z,66608,71977,2026-04-25T15:35:00Z,2026-04-25T22:45:00Z,4,12,7.75,7.916666666666667,9.8,2.1999999999999993,8,5.666666666666667,6.683333333333334,1.3166666666666664,-1,0.1999999999999993,2026-04-26T00:38:00Z,L4,90.41155356283205,ATR,1199,HYD-ISK-AMD-NMI-AMD,,2026-04-24T23:34:46Z,2026-04-24
2026-04-25,22464:5-69117:5,Yet to Report,2026-04-25T10:45:00Z,22464,69117,2026-04-25T11:45:00Z,2026-04-25T21:15:00Z,4,12,10.583333333333334,10.5,12.783333333333335,-0.783333333333335,8,7.083333333333333,7.3999999999999995,0.6000000000000005,,,2026-04-25T23:32:00Z,L4,78.65732251738491,Airbus,3909,DEL-HYD-🛧DEL-UDR-DEL,,2026-04-24T23:34:46Z,2026-04-24
2026-04-25,40830:9-80722:5,Yet to Report,2026-04-25T14:05:00Z,40830,80722,2026-04-25T15:05:00Z,2026-04-25T22:35:00Z,4,12,8.5,8.5,10.383333333333333,1.6166666666666671,8,5.5,5.866666666666666,2.1333333333333337,-1,-0.38333333333333286,2026-04-26T00:28:00Z,L4,90.41155438511936,Airbus,4196,NMI-IXE-NMI-🛧HYD-NMI,,2026-04-24T23:34:46Z,2026-04-24
2026-04-25,41251:8-,Yet to Report,2026-04-25T14:35:00Z,41251,,2026-04-25T15:35:00Z,2026-04-25T23:05:00Z,4,12,8.416666666666666,8.5,10.016666666666666,1.9833333333333343,8,5.583333333333333,5.949999999999999,2.0500000000000007,-1,-0.01666666666666572,2026-04-26T00:36:00Z,L4,90.41155386989406,Airbus,3416,BLR-NAG-🛧BLR-MAA-BLR,,2026-04-24T23:34:46Z,2026-04-24
2026-04-25,46124:8-90374:5,Reported,2026-04-25T18:50:00Z,46124,90374,2026-04-25T20:05:00Z,2026-04-26T06:35:00Z,1,11,10.666666666666666,11.75,11.75,-0.75,9,4.083333333333333,5.383333333333333,3.616666666666667,,,2026-04-26T06:35:00Z,L4,78.61622539920991,Airbus,F82,BOM-DMM-BOM,,2026-04-25T23:33:58Z,2026-04-25
2026-04-25,41251:8-,Yet to Report,2026-04-25T14:35:00Z,41251,,2026-04-25T15:35:00Z,2026-04-25T23:05:00Z,4,12,8.416666666666666,8.5,10.016666666666666,1.9833333333333343,8,5.583333333333333,5.949999999999999,2.0500000000000007,-1,-0.01666666666666572,2026-04-26T00:36:00Z,L4,90.41155386989406,Airbus,3416,BLR-NAG-🛧BLR-MAA-BLR,,2026-04-24T23:48:31Z,2026-04-24
2026-04-25,41887:6-12651:4,Yet to Report,2026-04-25T07:30:00Z,41887,12651,2026-04-25T08:30:00Z,2026-04-25T19:00:00Z,3,12.5,11.75,11.5,12.733333333333333,-0.2333333333333325,8,6.333333333333333,6.05,1.9500000000000002,,,2026-04-25T20:14:00Z,L4,77.92681245925992,Airbus,4681,BLR-BOM-🛧BLR-AMD-BLR,,2026-04-24T23:48:31Z,2026-04-24
2026-04-25,22464:5-69117:5,Yet to Report,2026-04-25T10:45:00Z,22464,69117,2026-04-25T11:45:00Z,2026-04-25T21:15:00Z,4,12,10.583333333333334,10.5,12.783333333333335,-0.783333333333335,8,7.083333333333333,7.3999999999999995,0.6000000000000005,,,2026-04-25T23:32:00Z,L4,78.65732251738491,Airbus,3909,DEL-HYD-🛧DEL-UDR-DEL,,2026-04-24T23:48:31Z,2026-04-24
2026-04-25,40830:9-80722:5,Yet to Report,2026-04-25T14:05:00Z,40830,80722,2026-04-25T15:05:00Z,2026-04-25T22:35:00Z,4,12,8.5,8.5,10.383333333333333,1.6166666666666671,8,5.5,5.866666666666666,2.1333333333333337,-1,-0.38333333333333286,2026-04-26T00:28:00Z,L4,90.41155438511936,Airbus,4196,NMI-IXE-NMI-🛧HYD-NMI,,2026-04-24T23:48:31Z,2026-04-24
2026-04-25,66608:7-71977:5,Yet to Report,2026-04-25T14:50:00Z,66608,71977,2026-04-25T15:35:00Z,2026-04-25T22:45:00Z,4,12,7.75,7.916666666666667,9.8,2.1999999999999993,8,5.666666666666667,6.683333333333334,1.3166666666666664,-1,0.1999999999999993,2026-04-26T00:38:00Z,L4,90.41155356283205,ATR,1199,HYD-ISK-AMD-NMI-AMD,,2026-04-24T23:48:31Z,2026-04-24
2026-04-25,46124:8-90374:5,Reported,2026-04-25T18:50:00Z,46124,90374,2026-04-25T20:05:00Z,2026-04-26T06:35:00Z,1,11,10.666666666666666,11.75,11.75,-0.75,9,4.083333333333333,5.383333333333333,3.616666666666667,,,2026-04-26T06:35:00Z,L4,78.61622539920991,Airbus,F82,BOM-DMM-BOM,,2026-04-26T00:04:37Z,2026-04-26
2026-04-25,41887:6-12651:4,Yet to Report,2026-04-25T07:30:00Z,41887,12651,2026-04-25T08:30:00Z,2026-04-25T19:00:00Z,3,12.5,11.75,11.5,12.733333333333333,-0.2333333333333325,8,6.333333333333333,6.05,1.9500000000000002,,,2026-04-25T20:14:00Z,L4,77.92681245925992,Airbus,4681,BLR-BOM-🛧BLR-AMD-BLR,,2026-04-25T00:03:59Z,2026-04-25
2026-04-25,22464:5-69117:5,Yet to Report,2026-04-25T10:45:00Z,22464,69117,2026-04-25T11:45:00Z,2026-04-25T21:15:00Z,4,12,10.583333333333334,10.5,12.783333333333335,-0.783333333333335,8,7.083333333333333,7.3999999999999995,0.6000000000000005,,,2026-04-25T23:32:00Z,L4,78.65732251738491,Airbus,3909,DEL-HYD-🛧DEL-UDR-DEL,,2026-04-25T00:03:59Z,2026-04-25
2026-04-25,40830:9-80722:5,Yet to Report,2026-04-25T14:05:00Z,40830,80722,2026-04-25T15:05:00Z,2026-04-25T22:35:00Z,4,12,8.5,8.5,10.383333333333333,1.6166666666666671,8,5.5,5.866666666666666,2.1333333333333337,-1,-0.38333333333333286,2026-04-26T00:28:00Z,L4,90.41155438511936,Airbus,4196,NMI-IXE-NMI-🛧HYD-NMI,,2026-04-25T00:03:59Z,2026-04-25
2026-04-25,66608:7-71977:5,Yet to Report,2026-04-25T14:50:00Z,66608,71977,2026-04-25T15:35:00Z,2026-04-25T22:45:00Z,4,12,7.75,7.916666666666667,9.8,2.1999999999999993,8,5.666666666666667,6.683333333333334,1.3166666666666664,-1,0.1999999999999993,2026-04-26T00:38:00Z,L4,90.41155356283205,ATR,1199,HYD-ISK-AMD-NMI-AMD,,2026-04-25T00:03:59Z,2026-04-25
2026-04-25,41251:8-,Yet to Report,2026-04-25T14:35:00Z,41251,,2026-04-25T15:35:00Z,2026-04-25T23:05:00Z,4,12,8.416666666666666,8.5,10,2,8,5.583333333333333,5.949999999999999,2.0500000000000007,-1,0,2026-04-26T00:35:00Z,L4,90.41155384631791,Airbus,3416,BLR-NAG-🛧BLR-MAA-BLR,,2026-04-25T00:03:59Z,2026-04-25
