DUTYDAY,DUTY,REPORTING_STATUS,REPORTING,CP,FO,ETD_STD,ETA_STA,OPS_LEGS,ALLOWABLE_FDP,SCHEDULED_FDP,ACTUAL_FDP,PREDICTED_FDP,FDP_VARIANCE,ALLOWABLE_FT,SCHEDULED_FT,PREDICTED_FT,FT_VARIANCE,NIGHT_LANDINGS_VARIANCE,NIGHT_FDP_VARIANCE,PREDICTED_FDP_END,CRITICALITY,CRITICALITY_SCORE,FLEET,CROUTE,SECTORS,COMMENT,CREATED_AT_IST,CREATED_AT_IST_DAY
2026-04-26,42538:6-64971:8,Yet to Report,2026-04-26T07:15:00Z,42538,64971,2026-04-26T08:15:00Z,2026-04-26T17:30:00Z,4,12,10.25,10.25,11,1,8,7.5,8.083333333333334,-0.08333333333333393,,,2026-04-26T18:15:00Z,L4,71.96477628150991,Airbus,3157,HYD-IXB-HYD-CJB-HYD,,2026-04-25T00:33:45Z,2026-04-25
2026-04-26,20418:7-78812:5,Yet to Report,2026-04-26T14:50:00Z,20418,78812,2026-04-26T15:35:00Z,2026-04-26T22:35:00Z,4,12,7.75,7.75,9.766666666666666,2.2333333333333343,8,5.666666666666667,6.65,1.3499999999999996,-1,0.23333333333333428,2026-04-27T00:36:00Z,L4,90.41155351568032,ATR,1199,HYD-ISK-AMD-NMI-AMD,,2026-04-25T00:33:45Z,2026-04-25
2026-04-26,7845:5-,Yet to Report,2026-04-26T05:20:00Z,7845,,2026-04-25T06:35:00Z,2026-04-25T11:45:00Z,2,13,-18.166666666666668,-17.583333333333332,13,0,9,3.6666666666666665,3.6666666666666665,5.333333333333334,,,2026-04-26T18:20:00Z,L4,77.59625002788492,Airbus,NS926,CCU-RGN-CCU,,2026-04-25T00:33:45Z,2026-04-25
2026-04-26,20418:7-78812:5,Yet to Report,2026-04-26T14:50:00Z,20418,78812,2026-04-26T15:35:00Z,2026-04-26T22:35:00Z,4,12,7.75,7.75,9.766666666666666,2.2333333333333343,8,5.666666666666667,5.666666666666667,2.333333333333333,-1,0.23333333333333428,2026-04-27T00:36:00Z,L4,90.41155351568025,ATR,1199,HYD-ISK-AMD-NMI-AMD,,2026-04-25T00:18:07Z,2026-04-25
2026-04-26,7845:5-,Yet to Report,2026-04-26T05:20:00Z,7845,,2026-04-25T06:35:00Z,2026-04-25T11:45:00Z,2,13,-18.166666666666668,-17.583333333333332,13,0,9,3.6666666666666665,3.6666666666666665,5.333333333333334,,,2026-04-26T18:20:00Z,L4,77.59625002788492,Airbus,NS926,CCU-RGN-CCU,,2026-04-25T00:18:07Z,2026-04-25
2026-04-26,42538:6-64971:8,Yet to Report,2026-04-26T07:15:00Z,42538,64971,2026-04-26T08:15:00Z,2026-04-26T17:30:00Z,4,12,10.25,10.25,11,1,8,7.5,8.083333333333334,-0.08333333333333393,,,2026-04-26T18:15:00Z,L4,71.96477628150991,Airbus,3157,HYD-IXB-HYD-CJB-HYD,,2026-04-25T00:48:04Z,2026-04-25
2026-04-26,20418:7-78812:5,Yet to Report,2026-04-26T14:50:00Z,20418,78812,2026-04-26T15:35:00Z,2026-04-26T22:35:00Z,4,12,7.75,7.75,9.766666666666666,2.2333333333333343,8,5.666666666666667,6.65,1.3499999999999996,-1,0.23333333333333428,2026-04-27T00:36:00Z,L4,90.41155351568032,ATR,1199,HYD-ISK-AMD-NMI-AMD,,2026-04-25T00:48:04Z,2026-04-25
2026-04-26,7845:5-,Yet to Report,2026-04-26T05:20:00Z,7845,,2026-04-25T06:35:00Z,2026-04-25T11:45:00Z,2,13,-18.166666666666668,-17.583333333333332,13,0,9,3.6666666666666665,3.6666666666666665,5.333333333333334,,,2026-04-26T18:20:00Z,L4,77.59625002788492,Airbus,NS926,CCU-RGN-CCU,,2026-04-25T00:48:04Z,2026-04-25
2026-04-26,25807:4-88526:4,Reported,2026-04-26T18:40:00Z,25807,88526,2026-04-26T19:40:00Z,2026-04-27T00:14:00Z,3,10,5.416666666666667,5.566666666666666,10.100000000000001,-0.10000000000000142,8,6.416666666666667,6.416666666666667,1.583333333333333,-1,-0.10000000000000142,2026-04-27T04:46:00Z,L4,90.4115539885741,Airbus,4021,MAA-TRV-BOM-CMB,,2026-04-27T00:19:08Z,2026-04-27
2026-04-26,42538:6-64971:8,Yet to Report,2026-04-26T07:15:00Z,42538,64971,2026-04-26T08:15:00Z,2026-04-26T17:30:00Z,4,12,10.25,10.25,11,1,8,7.5,8.083333333333334,-0.08333333333333393,,,2026-04-26T18:15:00Z,L4,71.96477628150991,Airbus,3157,HYD-IXB-HYD-CJB-HYD,,2026-04-25T01:04:01Z,2026-04-25
2026-04-26,20418:7-78812:5,Yet to Report,2026-04-26T14:50:00Z,20418,78812,2026-04-26T15:35:00Z,2026-04-26T22:35:00Z,4,12,7.75,7.75,9.766666666666666,2.2333333333333343,8,5.666666666666667,6.65,1.3499999999999996,-1,0.23333333333333428,2026-04-27T00:36:00Z,L4,90.41155351568032,ATR,1199,HYD-ISK-AMD-NMI-AMD,,2026-04-25T01:04:01Z,2026-04-25
2026-04-26,7845:5-,Yet to Report,2026-04-26T05:20:00Z,7845,,2026-04-25T06:35:00Z,2026-04-25T11:45:00Z,2,13,-18.166666666666668,-17.583333333333332,13,0,9,3.6666666666666665,3.6666666666666665,5.333333333333334,,,2026-04-26T18:20:00Z,L4,77.59625002788492,Airbus,NS926,CCU-RGN-CCU,,2026-04-25T01:04:01Z,2026-04-25
2026-04-26,20970:8-41630:9,Yet to Report,2026-04-26T13:35:00Z,20970,41630,2026-04-26T14:35:00Z,2026-04-26T22:50:00Z,4,12,9.416666666666666,9.25,10.483333333333333,1.5166666666666675,8,5.416666666666667,5.433333333333334,2.5666666666666664,-1,-0.4833333333333325,2026-04-27T00:04:00Z,L4,90.4115545208274,Airbus,3951,BLR-IXE-🛧BLR-VTZ-BLR,,2026-04-26T00:17:46Z,2026-04-26
2026-04-26,42538:6-64971:8,Yet to Report,2026-04-26T07:15:00Z,42538,64971,2026-04-26T08:15:00Z,2026-04-26T17:35:00Z,4,12,10.25,10.333333333333334,11,1,8,7.5,8.05,-0.05000000000000071,,,2026-04-26T18:15:00Z,L4,71.91739053150991,Airbus,3157,HYD-IXB-HYD-CJB-HYD,,2026-04-26T00:17:46Z,2026-04-26
2026-04-26,20418:6-78812:5,Yet to Report,2026-04-26T14:50:00Z,20418,78812,2026-04-26T15:35:00Z,2026-04-26T22:45:00Z,4,12,7.75,7.916666666666667,9.916666666666666,2.083333333333334,8,5.666666666666667,6.800000000000001,1.1999999999999993,-1,0.08333333333333393,2026-04-27T00:45:00Z,L4,90.41155372786339,ATR,1199,HYD-ISK-AMD-NMI-AMD,,2026-04-26T00:17:46Z,2026-04-26
2026-04-26,40204:6-85106:8,Yet to Report,2026-04-26T07:30:00Z,40204,85106,2026-04-26T08:30:00Z,2026-04-26T19:05:00Z,3,12.5,11.75,11.583333333333334,12.816666666666666,-0.31666666666666643,8,6.333333333333333,6.1499999999999995,1.8500000000000005,,,2026-04-26T20:19:00Z,L4,78.04318102365991,Airbus,4681,BLR-BOM-🛧BLR-AMD-BLR,,2026-04-26T00:17:46Z,2026-04-26
2026-04-26,-64978:7,Yet to Report,2026-04-26T10:45:00Z,,64978,2026-04-26T11:45:00Z,2026-04-26T21:15:00Z,4,12,10.583333333333334,10.5,12.266666666666667,-0.2666666666666675,8,7.083333333333333,7.433333333333333,0.5666666666666673,,,2026-04-26T23:01:00Z,L4,77.97352106108491,Airbus,3909,DEL-HYD-🛧DEL-UDR-DEL,,2026-04-26T00:17:46Z,2026-04-26
2026-04-26,40204:6-85106:8,Yet to Report,2026-04-26T07:30:00Z,40204,85106,2026-04-26T08:30:00Z,2026-04-26T19:05:00Z,3,12.5,11.75,11.583333333333334,12.816666666666666,-0.31666666666666643,8,6.333333333333333,6.1499999999999995,1.8500000000000005,,,2026-04-26T20:19:00Z,L4,78.04318102365991,Airbus,4681,BLR-BOM-🛧BLR-AMD-BLR,,2026-04-26T00:34:55Z,2026-04-26
2026-04-26,20970:8-41630:9,Yet to Report,2026-04-26T13:35:00Z,20970,41630,2026-04-26T14:35:00Z,2026-04-26T22:50:00Z,4,12,9.416666666666666,9.25,10.483333333333333,1.5166666666666675,8,5.416666666666667,5.433333333333334,2.5666666666666664,-1,-0.4833333333333325,2026-04-27T00:04:00Z,L4,90.4115545208274,Airbus,3951,BLR-IXE-🛧BLR-VTZ-BLR,,2026-04-26T00:34:55Z,2026-04-26
2026-04-26,42538:6-64971:8,Yet to Report,2026-04-26T07:15:00Z,42538,64971,2026-04-26T08:15:00Z,2026-04-26T17:35:00Z,4,12,10.25,10.333333333333334,11,1,8,7.5,8.05,-0.05000000000000071,,,2026-04-26T18:15:00Z,L4,71.91739053150991,Airbus,3157,HYD-IXB-HYD-CJB-HYD,,2026-04-26T00:34:55Z,2026-04-26
2026-04-26,20418:6-78812:5,Yet to Report,2026-04-26T14:50:00Z,20418,78812,2026-04-26T15:35:00Z,2026-04-26T22:45:00Z,4,12,7.75,7.916666666666667,9.916666666666666,2.083333333333334,8,5.666666666666667,6.800000000000001,1.1999999999999993,-1,0.08333333333333393,2026-04-27T00:45:00Z,L4,90.41155372786339,ATR,1199,HYD-ISK-AMD-NMI-AMD,,2026-04-26T00:34:55Z,2026-04-26
2026-04-26,-64978:7,Yet to Report,2026-04-26T10:45:00Z,,64978,2026-04-26T11:45:00Z,2026-04-26T21:15:00Z,4,12,10.583333333333334,10.5,12.266666666666667,-0.2666666666666675,8,7.083333333333333,7.433333333333333,0.5666666666666673,,,2026-04-26T23:01:00Z,L4,77.97352106108491,Airbus,3909,DEL-HYD-🛧DEL-UDR-DEL,,2026-04-26T00:34:55Z,2026-04-26
2026-04-26,42538:6-64971:8,Yet to Report,2026-04-26T07:15:00Z,42538,64971,2026-04-26T08:15:00Z,2026-04-26T17:30:00Z,4,12,10.25,10.25,11,1,8,7.5,8.083333333333334,-0.08333333333333393,,,2026-04-26T18:15:00Z,L4,71.96477628150991,Airbus,3157,HYD-IXB-HYD-CJB-HYD,,2026-04-25T01:18:01Z,2026-04-25
2026-04-26,20418:7-78812:5,Yet to Report,2026-04-26T14:50:00Z,20418,78812,2026-04-26T15:35:00Z,2026-04-26T22:35:00Z,4,12,7.75,7.75,9.766666666666666,2.2333333333333343,8,5.666666666666667,6.65,1.3499999999999996,-1,0.23333333333333428,2026-04-27T00:36:00Z,L4,90.41155351568032,ATR,1199,HYD-ISK-AMD-NMI-AMD,,2026-04-25T01:18:01Z,2026-04-25
2026-04-26,7845:5-,Yet to Report,2026-04-26T05:20:00Z,7845,,2026-04-25T06:35:00Z,2026-04-25T11:45:00Z,2,13,-18.166666666666668,-17.583333333333332,13,0,9,3.6666666666666665,3.6666666666666665,5.333333333333334,,,2026-04-26T18:20:00Z,L4,77.59625002788492,Airbus,NS926,CCU-RGN-CCU,,2026-04-25T01:18:01Z,2026-04-25
2026-04-26,20970:8-41630:9,Yet to Report,2026-04-26T13:35:00Z,20970,41630,2026-04-26T14:35:00Z,2026-04-26T22:50:00Z,4,12,9.416666666666666,9.25,10.483333333333333,1.5166666666666675,8,5.416666666666667,5.433333333333334,2.5666666666666664,-1,-0.4833333333333325,2026-04-27T00:04:00Z,L4,90.4115545208274,Airbus,3951,BLR-IXE-🛧BLR-VTZ-BLR,,2026-04-26T00:48:36Z,2026-04-26
2026-04-26,42538:6-64971:8,Yet to Report,2026-04-26T07:15:00Z,42538,64971,2026-04-26T08:15:00Z,2026-04-26T17:35:00Z,4,12,10.25,10.333333333333334,11,1,8,7.5,8.05,-0.05000000000000071,,,2026-04-26T18:15:00Z,L4,71.91739053150991,Airbus,3157,HYD-IXB-HYD-CJB-HYD,,2026-04-26T00:48:36Z,2026-04-26
2026-04-26,20418:6-78812:5,Yet to Report,2026-04-26T14:50:00Z,20418,78812,2026-04-26T15:35:00Z,2026-04-26T22:45:00Z,4,12,7.75,7.916666666666667,9.916666666666666,2.083333333333334,8,5.666666666666667,6.800000000000001,1.1999999999999993,-1,0.08333333333333393,2026-04-27T00:45:00Z,L4,90.41155372786339,ATR,1199,HYD-ISK-AMD-NMI-AMD,,2026-04-26T00:48:36Z,2026-04-26
2026-04-26,40204:6-85106:8,Yet to Report,2026-04-26T07:30:00Z,40204,85106,2026-04-26T08:30:00Z,2026-04-26T19:05:00Z,3,12.5,11.75,11.583333333333334,12.816666666666666,-0.31666666666666643,8,6.333333333333333,6.1499999999999995,1.8500000000000005,,,2026-04-26T20:19:00Z,L4,78.04318102365991,Airbus,4681,BLR-BOM-🛧BLR-AMD-BLR,,2026-04-26T00:48:36Z,2026-04-26
2026-04-26,-64978:7,Yet to Report,2026-04-26T10:45:00Z,,64978,2026-04-26T11:45:00Z,2026-04-26T21:15:00Z,4,12,10.583333333333334,10.5,12.266666666666667,-0.2666666666666675,8,7.083333333333333,7.433333333333333,0.5666666666666673,,,2026-04-26T23:01:00Z,L4,77.97352106108491,Airbus,3909,DEL-HYD-🛧DEL-UDR-DEL,,2026-04-26T00:48:36Z,2026-04-26
2026-04-26,42538:6-64971:8,Yet to Report,2026-04-26T07:15:00Z,42538,64971,2026-04-26T08:15:00Z,2026-04-26T17:30:00Z,4,12,10.25,10.25,11,1,8,7.5,8.083333333333334,-0.08333333333333393,,,2026-04-26T18:15:00Z,L4,71.96477628150991,Airbus,3157,HYD-IXB-HYD-CJB-HYD,,2026-04-25T01:34:11Z,2026-04-25
2026-04-26,20418:7-78812:5,Yet to Report,2026-04-26T14:50:00Z,20418,78812,2026-04-26T15:35:00Z,2026-04-26T22:35:00Z,4,12,7.75,7.75,9.766666666666666,2.2333333333333343,8,5.666666666666667,6.65,1.3499999999999996,-1,0.23333333333333428,2026-04-27T00:36:00Z,L4,90.41155351568032,ATR,1199,HYD-ISK-AMD-NMI-AMD,,2026-04-25T01:34:11Z,2026-04-25
2026-04-26,7845:5-,Yet to Report,2026-04-26T05:20:00Z,7845,,2026-04-25T06:35:00Z,2026-04-25T11:45:00Z,2,13,-18.166666666666668,-17.583333333333332,13,0,9,3.6666666666666665,3.6666666666666665,5.333333333333334,,,2026-04-26T18:20:00Z,L4,77.59625002788492,Airbus,NS926,CCU-RGN-CCU,,2026-04-25T01:34:11Z,2026-04-25
2026-04-26,42538:6-64971:8,Yet to Report,2026-04-26T07:15:00Z,42538,64971,2026-04-26T08:15:00Z,2026-04-26T17:30:00Z,4,12,10.25,10.25,11,1,8,7.5,8.083333333333334,-0.08333333333333393,,,2026-04-26T18:15:00Z,L4,71.96477628150991,Airbus,3157,HYD-IXB-HYD-CJB-HYD,,2026-04-25T01:48:30Z,2026-04-25
2026-04-26,20418:7-78812:5,Yet to Report,2026-04-26T14:50:00Z,20418,78812,2026-04-26T15:35:00Z,2026-04-26T22:35:00Z,4,12,7.75,7.75,9.766666666666666,2.2333333333333343,8,5.666666666666667,6.65,1.3499999999999996,-1,0.23333333333333428,2026-04-27T00:36:00Z,L4,90.41155351568032,ATR,1199,HYD-ISK-AMD-NMI-AMD,,2026-04-25T01:48:30Z,2026-04-25
2026-04-26,7845:5-,Yet to Report,2026-04-26T05:20:00Z,7845,,2026-04-25T06:35:00Z,2026-04-25T11:45:00Z,2,13,-18.166666666666668,-17.583333333333332,13,0,9,3.6666666666666665,3.6666666666666665,5.333333333333334,,,2026-04-26T18:20:00Z,L4,77.59625002788492,Airbus,NS926,CCU-RGN-CCU,,2026-04-25T01:48:30Z,2026-04-25
2026-04-26,7845:5-,Yet to Report,2026-04-26T05:20:00Z,7845,,2026-04-25T06:35:00Z,2026-04-25T11:45:00Z,2,13,-18.166666666666668,-17.583333333333332,13,0,9,3.6666666666666665,3.6666666666666665,5.333333333333334,,,2026-04-26T18:20:00Z,L4,77.59625002788492,Airbus,NS926,CCU-RGN-CCU,,2026-04-25T02:18:55Z,2026-04-25
2026-04-26,42538:6-64971:8,Yet to Report,2026-04-26T07:15:00Z,42538,64971,2026-04-26T08:15:00Z,2026-04-26T17:30:00Z,4,12,10.25,10.25,11,1,8,7.5,8.083333333333334,-0.08333333333333393,,,2026-04-26T18:15:00Z,L4,71.96477628150991,Airbus,3157,HYD-IXB-HYD-CJB-HYD,,2026-04-25T02:18:55Z,2026-04-25
2026-04-26,20418:7-78812:5,Yet to Report,2026-04-26T14:50:00Z,20418,78812,2026-04-26T15:35:00Z,2026-04-26T22:35:00Z,4,12,7.75,7.75,9.766666666666666,2.2333333333333343,8,5.666666666666667,6.65,1.3499999999999996,-1,0.23333333333333428,2026-04-27T00:36:00Z,L4,90.41155351568032,ATR,1199,HYD-ISK-AMD-NMI-AMD,,2026-04-25T02:18:55Z,2026-04-25
2026-04-26,42538:6-64971:8,Yet to Report,2026-04-26T07:15:00Z,42538,64971,2026-04-26T08:15:00Z,2026-04-26T17:30:00Z,4,12,10.25,10.25,11,1,8,7.5,8.083333333333334,-0.08333333333333393,,,2026-04-26T18:15:00Z,L4,71.96477628150991,Airbus,3157,HYD-IXB-HYD-CJB-HYD,,2026-04-25T02:04:18Z,2026-04-25
2026-04-26,20418:7-78812:5,Yet to Report,2026-04-26T14:50:00Z,20418,78812,2026-04-26T15:35:00Z,2026-04-26T22:35:00Z,4,12,7.75,7.75,9.766666666666666,2.2333333333333343,8,5.666666666666667,6.65,1.3499999999999996,-1,0.23333333333333428,2026-04-27T00:36:00Z,L4,90.41155351568032,ATR,1199,HYD-ISK-AMD-NMI-AMD,,2026-04-25T02:04:18Z,2026-04-25
2026-04-26,7845:5-,Yet to Report,2026-04-26T05:20:00Z,7845,,2026-04-25T06:35:00Z,2026-04-25T11:45:00Z,2,13,-18.166666666666668,-17.583333333333332,13,0,9,3.6666666666666665,3.6666666666666665,5.333333333333334,,,2026-04-26T18:20:00Z,L4,77.59625002788492,Airbus,NS926,CCU-RGN-CCU,,2026-04-25T02:04:18Z,2026-04-25
2026-04-26,20418:6-78812:5,Yet to Report,2026-04-26T14:50:00Z,20418,78812,2026-04-26T15:35:00Z,2026-04-26T22:45:00Z,4,12,7.75,7.916666666666667,9.916666666666666,2.083333333333334,8,5.666666666666667,6.800000000000001,1.1999999999999993,-1,0.08333333333333393,2026-04-27T00:45:00Z,L4,90.41155372786339,ATR,1199,HYD-ISK-AMD-NMI-AMD,,2026-04-26T01:06:03Z,2026-04-26
2026-04-26,20970:8-41630:9,Yet to Report,2026-04-26T13:35:00Z,20970,41630,2026-04-26T14:35:00Z,2026-04-26T22:50:00Z,4,12,9.416666666666666,9.25,10.483333333333333,1.5166666666666675,8,5.416666666666667,5.433333333333334,2.5666666666666664,-1,-0.4833333333333325,2026-04-27T00:04:00Z,L4,90.4115545208274,Airbus,3951,BLR-IXE-🛧BLR-VTZ-BLR,,2026-04-26T01:06:03Z,2026-04-26
2026-04-26,42538:6-64971:8,Yet to Report,2026-04-26T07:15:00Z,42538,64971,2026-04-26T08:15:00Z,2026-04-26T17:35:00Z,4,12,10.25,10.333333333333334,11,1,8,7.5,8.05,-0.05000000000000071,,,2026-04-26T18:15:00Z,L4,71.91739053150991,Airbus,3157,HYD-IXB-HYD-CJB-HYD,,2026-04-26T01:06:03Z,2026-04-26
2026-04-26,40204:6-85106:8,Yet to Report,2026-04-26T07:30:00Z,40204,85106,2026-04-26T08:30:00Z,2026-04-26T19:05:00Z,3,12.5,11.75,11.583333333333334,12.816666666666666,-0.31666666666666643,8,6.333333333333333,6.1499999999999995,1.8500000000000005,,,2026-04-26T20:19:00Z,L4,78.04318102365991,Airbus,4681,BLR-BOM-🛧BLR-AMD-BLR,,2026-04-26T01:06:03Z,2026-04-26
2026-04-26,-64978:7,Yet to Report,2026-04-26T10:45:00Z,,64978,2026-04-26T11:45:00Z,2026-04-26T21:15:00Z,4,12,10.583333333333334,10.5,12.266666666666667,-0.2666666666666675,8,7.083333333333333,7.433333333333333,0.5666666666666673,,,2026-04-26T23:01:00Z,L4,77.97352106108491,Airbus,3909,DEL-HYD-🛧DEL-UDR-DEL,,2026-04-26T01:06:03Z,2026-04-26
2026-04-26,7845:5-,Yet to Report,2026-04-26T05:20:00Z,7845,,2026-04-25T06:35:00Z,2026-04-25T11:45:00Z,2,13,-18.166666666666668,-17.583333333333332,13,0,9,3.6666666666666665,3.6666666666666665,5.333333333333334,,,2026-04-26T18:20:00Z,L4,77.59625002788492,Airbus,NS926,CCU-RGN-CCU,,2026-04-25T02:33:40Z,2026-04-25
2026-04-26,42538:6-64971:8,Yet to Report,2026-04-26T07:15:00Z,42538,64971,2026-04-26T08:15:00Z,2026-04-26T17:30:00Z,4,12,10.25,10.25,11,1,8,7.5,8.083333333333334,-0.08333333333333393,,,2026-04-26T18:15:00Z,L4,71.96477628150991,Airbus,3157,HYD-IXB-HYD-CJB-HYD,,2026-04-25T02:33:40Z,2026-04-25
2026-04-26,20418:7-78812:5,Yet to Report,2026-04-26T14:50:00Z,20418,78812,2026-04-26T15:35:00Z,2026-04-26T22:35:00Z,4,12,7.75,7.75,9.766666666666666,2.2333333333333343,8,5.666666666666667,6.65,1.3499999999999996,-1,0.23333333333333428,2026-04-27T00:36:00Z,L4,90.41155351568032,ATR,1199,HYD-ISK-AMD-NMI-AMD,,2026-04-25T02:33:40Z,2026-04-25
2026-04-26,40204:6-85106:8,Yet to Report,2026-04-26T07:30:00Z,40204,85106,2026-04-26T08:30:00Z,2026-04-26T19:05:00Z,3,12.5,11.75,11.583333333333334,12.816666666666666,-0.31666666666666643,8,6.333333333333333,6.1499999999999995,1.8500000000000005,,,2026-04-26T20:19:00Z,L4,78.04318102365991,Airbus,4681,BLR-BOM-🛧BLR-AMD-BLR,,2026-04-26T01:18:22Z,2026-04-26
2026-04-26,20418:6-78812:5,Yet to Report,2026-04-26T14:50:00Z,20418,78812,2026-04-26T15:35:00Z,2026-04-26T22:45:00Z,4,12,7.75,7.916666666666667,9.916666666666666,2.083333333333334,8,5.666666666666667,6.800000000000001,1.1999999999999993,-1,0.08333333333333393,2026-04-27T00:45:00Z,L4,90.41155372786339,ATR,1199,HYD-ISK-AMD-NMI-AMD,,2026-04-26T01:18:22Z,2026-04-26
2026-04-26,20970:8-41630:9,Yet to Report,2026-04-26T13:35:00Z,20970,41630,2026-04-26T14:35:00Z,2026-04-26T22:50:00Z,4,12,9.416666666666666,9.25,10.483333333333333,1.5166666666666675,8,5.416666666666667,5.433333333333334,2.5666666666666664,-1,-0.4833333333333325,2026-04-27T00:04:00Z,L4,90.4115545208274,Airbus,3951,BLR-IXE-🛧BLR-VTZ-BLR,,2026-04-26T01:18:22Z,2026-04-26
2026-04-26,42538:6-64971:8,Yet to Report,2026-04-26T07:15:00Z,42538,64971,2026-04-26T08:15:00Z,2026-04-26T17:35:00Z,4,12,10.25,10.333333333333334,11,1,8,7.5,8.05,-0.05000000000000071,,,2026-04-26T18:15:00Z,L4,71.91739053150991,Airbus,3157,HYD-IXB-HYD-CJB-HYD,,2026-04-26T01:18:22Z,2026-04-26
2026-04-26,-64978:7,Yet to Report,2026-04-26T10:45:00Z,,64978,2026-04-26T11:45:00Z,2026-04-26T21:15:00Z,4,12,10.583333333333334,10.5,12.266666666666667,-0.2666666666666675,8,7.083333333333333,7.433333333333333,0.5666666666666673,,,2026-04-26T23:01:00Z,L4,77.97352106108491,Airbus,3909,DEL-HYD-🛧DEL-UDR-DEL,,2026-04-26T01:18:22Z,2026-04-26
2026-04-26,25807:4-88526:4,Reported,2026-04-26T18:40:00Z,25807,88526,2026-04-26T19:40:00Z,2026-04-27T03:48:00Z,3,10,6.166666666666667,9.133333333333333,9.133333333333333,0.8666666666666671,8,6.416666666666667,6.483333333333333,1.5166666666666666,-1,0.8666666666666671,2026-04-27T03:48:00Z,L4,90.41155268491858,Airbus,4021,MAA-TRV-CMB-BOM,,2026-04-27T01:34:58Z,2026-04-27
2026-04-26,7845:5-,Yet to Report,2026-04-26T05:20:00Z,7845,,2026-04-25T06:35:00Z,2026-04-25T11:45:00Z,2,13,-18.166666666666668,-17.583333333333332,13,0,9,3.6666666666666665,3.6666666666666665,5.333333333333334,,,2026-04-26T18:20:00Z,L4,77.59625002788492,Airbus,NS926,CCU-RGN-CCU,,2026-04-25T03:33:53Z,2026-04-25
2026-04-26,42538:6-64971:8,Yet to Report,2026-04-26T07:15:00Z,42538,64971,2026-04-26T08:15:00Z,2026-04-26T17:30:00Z,4,12,10.25,10.25,11,1,8,7.5,8.083333333333334,-0.08333333333333393,,,2026-04-26T18:15:00Z,L4,71.96477628150991,Airbus,3157,HYD-IXB-HYD-CJB-HYD,,2026-04-25T03:33:53Z,2026-04-25
2026-04-26,20418:7-78812:5,Yet to Report,2026-04-26T14:50:00Z,20418,78812,2026-04-26T15:35:00Z,2026-04-26T22:35:00Z,4,12,7.75,7.75,9.766666666666666,2.2333333333333343,8,5.666666666666667,6.65,1.3499999999999996,-1,0.23333333333333428,2026-04-27T00:36:00Z,L4,90.41155351568032,ATR,1199,HYD-ISK-AMD-NMI-AMD,,2026-04-25T03:33:53Z,2026-04-25
2026-04-26,7845:5-,Yet to Report,2026-04-26T05:20:00Z,7845,,2026-04-25T06:35:00Z,2026-04-25T11:45:00Z,2,13,-18.166666666666668,-17.583333333333332,13,0,9,3.6666666666666665,3.6666666666666665,5.333333333333334,,,2026-04-26T18:20:00Z,L4,77.59625002788492,Airbus,NS926,CCU-RGN-CCU,,2026-04-25T03:05:37Z,2026-04-25
2026-04-26,42538:6-64971:8,Yet to Report,2026-04-26T07:15:00Z,42538,64971,2026-04-26T08:15:00Z,2026-04-26T17:30:00Z,4,12,10.25,10.25,11,1,8,7.5,8.083333333333334,-0.08333333333333393,,,2026-04-26T18:15:00Z,L4,71.96477628150991,Airbus,3157,HYD-IXB-HYD-CJB-HYD,,2026-04-25T03:05:37Z,2026-04-25
2026-04-26,20418:7-78812:5,Yet to Report,2026-04-26T14:50:00Z,20418,78812,2026-04-26T15:35:00Z,2026-04-26T22:35:00Z,4,12,7.75,7.75,9.766666666666666,2.2333333333333343,8,5.666666666666667,6.65,1.3499999999999996,-1,0.23333333333333428,2026-04-27T00:36:00Z,L4,90.41155351568032,ATR,1199,HYD-ISK-AMD-NMI-AMD,,2026-04-25T03:05:37Z,2026-04-25
2026-04-26,42538:6-64971:8,Yet to Report,2026-04-26T07:15:00Z,42538,64971,2026-04-26T08:15:00Z,2026-04-26T17:30:00Z,4,12,10.25,10.25,11,1,8,7.5,8.083333333333334,-0.08333333333333393,,,2026-04-26T18:15:00Z,L4,71.96477628150991,Airbus,3157,HYD-IXB-HYD-CJB-HYD,,2026-04-25T02:48:35Z,2026-04-25
2026-04-26,20418:7-78812:5,Yet to Report,2026-04-26T14:50:00Z,20418,78812,2026-04-26T15:35:00Z,2026-04-26T22:35:00Z,4,12,7.75,7.75,9.766666666666666,2.2333333333333343,8,5.666666666666667,6.65,1.3499999999999996,-1,0.23333333333333428,2026-04-27T00:36:00Z,L4,90.41155351568032,ATR,1199,HYD-ISK-AMD-NMI-AMD,,2026-04-25T02:48:35Z,2026-04-25
2026-04-26,7845:5-,Yet to Report,2026-04-26T05:20:00Z,7845,,2026-04-25T06:35:00Z,2026-04-25T11:45:00Z,2,13,-18.166666666666668,-17.583333333333332,13,0,9,3.6666666666666665,3.6666666666666665,5.333333333333334,,,2026-04-26T18:20:00Z,L4,77.59625002788492,Airbus,NS926,CCU-RGN-CCU,,2026-04-25T02:48:35Z,2026-04-25
2026-04-26,7845:5-,Yet to Report,2026-04-26T05:20:00Z,7845,,2026-04-25T06:35:00Z,2026-04-25T11:45:00Z,2,13,-18.166666666666668,-17.583333333333332,13,0,9,3.6666666666666665,3.6666666666666665,5.333333333333334,,,2026-04-26T18:20:00Z,L4,77.59625002788492,Airbus,NS926,CCU-RGN-CCU,,2026-04-25T03:17:53Z,2026-04-25
2026-04-26,42538:6-64971:8,Yet to Report,2026-04-26T07:15:00Z,42538,64971,2026-04-26T08:15:00Z,2026-04-26T17:30:00Z,4,12,10.25,10.25,11,1,8,7.5,8.083333333333334,-0.08333333333333393,,,2026-04-26T18:15:00Z,L4,71.96477628150991,Airbus,3157,HYD-IXB-HYD-CJB-HYD,,2026-04-25T03:17:53Z,2026-04-25
2026-04-26,20418:7-78812:5,Yet to Report,2026-04-26T14:50:00Z,20418,78812,2026-04-26T15:35:00Z,2026-04-26T22:35:00Z,4,12,7.75,7.75,9.766666666666666,2.2333333333333343,8,5.666666666666667,6.65,1.3499999999999996,-1,0.23333333333333428,2026-04-27T00:36:00Z,L4,90.41155351568032,ATR,1199,HYD-ISK-AMD-NMI-AMD,,2026-04-25T03:17:53Z,2026-04-25
2026-04-26,7845:5-,Yet to Report,2026-04-26T05:20:00Z,7845,,2026-04-25T06:35:00Z,2026-04-25T12:05:00Z,2,13,-18.166666666666668,-17.25,13,0,9,3.6666666666666665,3.833333333333333,5.166666666666667,,,2026-04-26T18:20:00Z,L4,77.59625003248492,Airbus,NS926,CCU-RGN-CCU,,2026-04-25T04:47:59Z,2026-04-25
2026-04-26,42538:6-64971:8,Yet to Report,2026-04-26T07:15:00Z,42538,64971,2026-04-26T08:15:00Z,2026-04-26T17:30:00Z,4,12,10.25,10.25,11,1,8,7.5,8.083333333333334,-0.08333333333333393,,,2026-04-26T18:15:00Z,L4,71.96477628150991,Airbus,3157,HYD-IXB-HYD-CJB-HYD,,2026-04-25T04:47:59Z,2026-04-25
2026-04-26,20418:7-78812:5,Yet to Report,2026-04-26T14:50:00Z,20418,78812,2026-04-26T15:35:00Z,2026-04-26T22:35:00Z,4,12,7.75,7.75,9.766666666666666,2.2333333333333343,8,5.666666666666667,6.65,1.3499999999999996,-1,0.23333333333333428,2026-04-27T00:36:00Z,L4,90.41155351568032,ATR,1199,HYD-ISK-AMD-NMI-AMD,,2026-04-25T04:47:59Z,2026-04-25
2026-04-26,7845:5-,Yet to Report,2026-04-26T05:20:00Z,7845,,2026-04-25T06:35:00Z,2026-04-25T12:05:00Z,2,13,-18.166666666666668,-17.25,13,0,9,3.6666666666666665,3.833333333333333,5.166666666666667,,,2026-04-26T18:20:00Z,L4,77.59625003248492,Airbus,NS926,CCU-RGN-CCU,,2026-04-25T04:34:19Z,2026-04-25
2026-04-26,42538:6-64971:8,Yet to Report,2026-04-26T07:15:00Z,42538,64971,2026-04-26T08:15:00Z,2026-04-26T17:30:00Z,4,12,10.25,10.25,11,1,8,7.5,8.083333333333334,-0.08333333333333393,,,2026-04-26T18:15:00Z,L4,71.96477628150991,Airbus,3157,HYD-IXB-HYD-CJB-HYD,,2026-04-25T04:34:19Z,2026-04-25
2026-04-26,20418:7-78812:5,Yet to Report,2026-04-26T14:50:00Z,20418,78812,2026-04-26T15:35:00Z,2026-04-26T22:35:00Z,4,12,7.75,7.75,9.766666666666666,2.2333333333333343,8,5.666666666666667,6.65,1.3499999999999996,-1,0.23333333333333428,2026-04-27T00:36:00Z,L4,90.41155351568032,ATR,1199,HYD-ISK-AMD-NMI-AMD,,2026-04-25T04:34:19Z,2026-04-25
2026-04-26,7845:5-,Yet to Report,2026-04-26T05:20:00Z,7845,,2026-04-25T06:35:00Z,2026-04-25T12:05:00Z,2,13,-18.166666666666668,-17.25,13,0,9,3.6666666666666665,3.6666666666666665,5.333333333333334,,,2026-04-26T18:20:00Z,L4,77.59625002788492,Airbus,NS926,CCU-RGN-CCU,,2026-04-25T03:48:31Z,2026-04-25
2026-04-26,42538:6-64971:8,Yet to Report,2026-04-26T07:15:00Z,42538,64971,2026-04-26T08:15:00Z,2026-04-26T17:30:00Z,4,12,10.25,10.25,11,1,8,7.5,8.083333333333334,-0.08333333333333393,,,2026-04-26T18:15:00Z,L4,71.96477628150991,Airbus,3157,HYD-IXB-HYD-CJB-HYD,,2026-04-25T03:48:31Z,2026-04-25
2026-04-26,20418:7-78812:5,Yet to Report,2026-04-26T14:50:00Z,20418,78812,2026-04-26T15:35:00Z,2026-04-26T22:35:00Z,4,12,7.75,7.75,9.766666666666666,2.2333333333333343,8,5.666666666666667,6.65,1.3499999999999996,-1,0.23333333333333428,2026-04-27T00:36:00Z,L4,90.41155351568032,ATR,1199,HYD-ISK-AMD-NMI-AMD,,2026-04-25T03:48:31Z,2026-04-25
2026-04-26,25807:4-88526:4,Reported,2026-04-26T18:40:00Z,25807,88526,2026-04-26T19:40:00Z,2026-04-27T03:50:00Z,3,10,6.166666666666667,9.166666666666666,9.166666666666668,0.8333333333333321,8,6.416666666666667,6.483333333333333,1.5166666666666666,-1,0.8333333333333321,2026-04-27T03:50:00Z,L4,90.41155272459761,Airbus,4021,MAA-TRV-CMB-BOM,,2026-04-27T01:47:54Z,2026-04-27
2026-04-26,7845:5-,Yet to Report,2026-04-26T05:20:00Z,7845,,2026-04-25T06:35:00Z,2026-04-25T12:05:00Z,2,13,-18.166666666666668,-17.25,13,0,9,3.6666666666666665,3.833333333333333,5.166666666666667,,,2026-04-26T18:20:00Z,L4,77.59625003248492,Airbus,NS926,CCU-RGN-CCU,,2026-04-25T04:04:30Z,2026-04-25
2026-04-26,42538:6-64971:8,Yet to Report,2026-04-26T07:15:00Z,42538,64971,2026-04-26T08:15:00Z,2026-04-26T17:30:00Z,4,12,10.25,10.25,11,1,8,7.5,8.083333333333334,-0.08333333333333393,,,2026-04-26T18:15:00Z,L4,71.96477628150991,Airbus,3157,HYD-IXB-HYD-CJB-HYD,,2026-04-25T04:04:30Z,2026-04-25
2026-04-26,20418:7-78812:5,Yet to Report,2026-04-26T14:50:00Z,20418,78812,2026-04-26T15:35:00Z,2026-04-26T22:35:00Z,4,12,7.75,7.75,9.766666666666666,2.2333333333333343,8,5.666666666666667,6.65,1.3499999999999996,-1,0.23333333333333428,2026-04-27T00:36:00Z,L4,90.41155351568032,ATR,1199,HYD-ISK-AMD-NMI-AMD,,2026-04-25T04:04:30Z,2026-04-25
2026-04-26,40204:6-85106:8,Yet to Report,2026-04-26T07:30:00Z,40204,85106,2026-04-26T08:30:00Z,2026-04-26T19:05:00Z,3,12.5,11.75,11.583333333333334,12.816666666666666,-0.31666666666666643,8,6.333333333333333,6.1499999999999995,1.8500000000000005,,,2026-04-26T20:19:00Z,L4,78.04318102365991,Airbus,4681,BLR-BOM-🛧BLR-AMD-BLR,,2026-04-26T01:48:52Z,2026-04-26
2026-04-26,20970:8-41630:9,Yet to Report,2026-04-26T13:35:00Z,20970,41630,2026-04-26T14:35:00Z,2026-04-26T22:50:00Z,4,12,9.416666666666666,9.25,10.483333333333333,1.5166666666666675,8,5.416666666666667,5.433333333333334,2.5666666666666664,-1,-0.4833333333333325,2026-04-27T00:04:00Z,L4,90.4115545208274,Airbus,3951,BLR-IXE-🛧BLR-VTZ-BLR,,2026-04-26T01:48:52Z,2026-04-26
2026-04-26,42538:6-64971:8,Yet to Report,2026-04-26T07:15:00Z,42538,64971,2026-04-26T08:15:00Z,2026-04-26T17:35:00Z,4,12,10.25,10.333333333333334,11,1,8,7.5,8.05,-0.05000000000000071,,,2026-04-26T18:15:00Z,L4,71.91739053150991,Airbus,3157,HYD-IXB-HYD-CJB-HYD,,2026-04-26T01:48:52Z,2026-04-26
2026-04-26,20418:6-78812:5,Yet to Report,2026-04-26T14:50:00Z,20418,78812,2026-04-26T15:35:00Z,2026-04-26T22:45:00Z,4,12,7.75,7.916666666666667,9.916666666666666,2.083333333333334,8,5.666666666666667,6.800000000000001,1.1999999999999993,-1,0.08333333333333393,2026-04-27T00:45:00Z,L4,90.41155372786339,ATR,1199,HYD-ISK-AMD-NMI-AMD,,2026-04-26T01:48:52Z,2026-04-26
2026-04-26,-64978:7,Yet to Report,2026-04-26T10:45:00Z,,64978,2026-04-26T11:45:00Z,2026-04-26T21:15:00Z,4,12,10.583333333333334,10.5,12.266666666666667,-0.2666666666666675,8,7.083333333333333,7.433333333333333,0.5666666666666673,,,2026-04-26T23:01:00Z,L4,77.97352106108491,Airbus,3909,DEL-HYD-🛧DEL-UDR-DEL,,2026-04-26T01:48:52Z,2026-04-26
2026-04-26,7845:5-,Yet to Report,2026-04-26T05:20:00Z,7845,,2026-04-25T06:35:00Z,2026-04-25T12:05:00Z,2,13,-18.166666666666668,-17.25,13,0,9,3.6666666666666665,3.833333333333333,5.166666666666667,,,2026-04-26T18:20:00Z,L4,77.59625003248492,Airbus,NS926,CCU-RGN-CCU,,2026-04-25T04:18:03Z,2026-04-25
2026-04-26,42538:6-64971:8,Yet to Report,2026-04-26T07:15:00Z,42538,64971,2026-04-26T08:15:00Z,2026-04-26T17:30:00Z,4,12,10.25,10.25,11,1,8,7.5,8.083333333333334,-0.08333333333333393,,,2026-04-26T18:15:00Z,L4,71.96477628150991,Airbus,3157,HYD-IXB-HYD-CJB-HYD,,2026-04-25T04:18:03Z,2026-04-25
2026-04-26,20418:7-78812:5,Yet to Report,2026-04-26T14:50:00Z,20418,78812,2026-04-26T15:35:00Z,2026-04-26T22:35:00Z,4,12,7.75,7.75,9.766666666666666,2.2333333333333343,8,5.666666666666667,6.65,1.3499999999999996,-1,0.23333333333333428,2026-04-27T00:36:00Z,L4,90.41155351568032,ATR,1199,HYD-ISK-AMD-NMI-AMD,,2026-04-25T04:18:03Z,2026-04-25
2026-04-26,7845:5-,Yet to Report,2026-04-26T05:20:00Z,7845,,2026-04-25T06:35:00Z,2026-04-25T12:05:00Z,2,13,-18.166666666666668,-17.25,13,0,9,3.6666666666666665,3.833333333333333,5.166666666666667,,,2026-04-26T18:20:00Z,L4,77.59625003248492,Airbus,NS926,CCU-RGN-CCU,,2026-04-25T05:03:46Z,2026-04-25
2026-04-26,42538:6-64971:8,Yet to Report,2026-04-26T07:15:00Z,42538,64971,2026-04-26T08:15:00Z,2026-04-26T17:30:00Z,4,12,10.25,10.25,11,1,8,7.5,8.083333333333334,-0.08333333333333393,,,2026-04-26T18:15:00Z,L4,71.96477628150991,Airbus,3157,HYD-IXB-HYD-CJB-HYD,,2026-04-25T05:03:46Z,2026-04-25
2026-04-26,20418:7-78812:5,Yet to Report,2026-04-26T14:50:00Z,20418,78812,2026-04-26T15:35:00Z,2026-04-26T22:35:00Z,4,12,7.75,7.75,9.766666666666666,2.2333333333333343,8,5.666666666666667,6.65,1.3499999999999996,-1,0.23333333333333428,2026-04-27T00:36:00Z,L4,90.41155351568032,ATR,1199,HYD-ISK-AMD-NMI-AMD,,2026-04-25T05:03:46Z,2026-04-25
2026-04-26,20418:6-78812:5,Yet to Report,2026-04-26T14:50:00Z,20418,78812,2026-04-26T15:35:00Z,2026-04-26T22:45:00Z,4,12,7.75,7.916666666666667,9.916666666666666,2.083333333333334,8,5.666666666666667,6.800000000000001,1.1999999999999993,-1,0.08333333333333393,2026-04-27T00:45:00Z,L4,90.41155372786339,ATR,1199,HYD-ISK-AMD-NMI-AMD,,2026-04-26T01:33:55Z,2026-04-26
2026-04-26,20970:8-41630:9,Yet to Report,2026-04-26T13:35:00Z,20970,41630,2026-04-26T14:35:00Z,2026-04-26T22:50:00Z,4,12,9.416666666666666,9.25,10.483333333333333,1.5166666666666675,8,5.416666666666667,5.433333333333334,2.5666666666666664,-1,-0.4833333333333325,2026-04-27T00:04:00Z,L4,90.4115545208274,Airbus,3951,BLR-IXE-🛧BLR-VTZ-BLR,,2026-04-26T01:33:55Z,2026-04-26
2026-04-26,42538:6-64971:8,Yet to Report,2026-04-26T07:15:00Z,42538,64971,2026-04-26T08:15:00Z,2026-04-26T17:35:00Z,4,12,10.25,10.333333333333334,11,1,8,7.5,8.05,-0.05000000000000071,,,2026-04-26T18:15:00Z,L4,71.91739053150991,Airbus,3157,HYD-IXB-HYD-CJB-HYD,,2026-04-26T01:33:55Z,2026-04-26
2026-04-26,40204:6-85106:8,Yet to Report,2026-04-26T07:30:00Z,40204,85106,2026-04-26T08:30:00Z,2026-04-26T19:05:00Z,3,12.5,11.75,11.583333333333334,12.816666666666666,-0.31666666666666643,8,6.333333333333333,6.1499999999999995,1.8500000000000005,,,2026-04-26T20:19:00Z,L4,78.04318102365991,Airbus,4681,BLR-BOM-🛧BLR-AMD-BLR,,2026-04-26T01:33:55Z,2026-04-26
2026-04-26,-64978:7,Yet to Report,2026-04-26T10:45:00Z,,64978,2026-04-26T11:45:00Z,2026-04-26T21:15:00Z,4,12,10.583333333333334,10.5,12.266666666666667,-0.2666666666666675,8,7.083333333333333,7.433333333333333,0.5666666666666673,,,2026-04-26T23:01:00Z,L4,77.97352106108491,Airbus,3909,DEL-HYD-🛧DEL-UDR-DEL,,2026-04-26T01:33:55Z,2026-04-26
2026-04-26,25807:4-88526:4,Reported,2026-04-26T18:40:00Z,25807,88526,2026-04-26T19:40:00Z,2026-04-27T03:50:00Z,3,10,6.166666666666667,9.166666666666666,9.166666666666668,0.8333333333333321,8,6.416666666666667,6.516666666666667,1.4833333333333334,-1,0.8333333333333321,2026-04-27T03:50:00Z,L4,90.41155272459761,Airbus,4021,MAA-TRV-CMB-BOM,,2026-04-27T02:05:11Z,2026-04-27
2026-04-26,7845:5-,Yet to Report,2026-04-26T05:20:00Z,7845,,2026-04-25T06:35:00Z,2026-04-25T12:05:00Z,2,13,-18.166666666666668,-17.25,13,0,9,3.6666666666666665,3.833333333333333,5.166666666666667,,,2026-04-26T18:20:00Z,L4,77.59625003248492,Airbus,NS926,CCU-RGN-CCU,,2026-04-25T05:17:58Z,2026-04-25
2026-04-26,42538:6-64971:8,Yet to Report,2026-04-26T07:15:00Z,42538,64971,2026-04-26T08:15:00Z,2026-04-26T17:30:00Z,4,12,10.25,10.25,11,1,8,7.5,8.083333333333334,-0.08333333333333393,,,2026-04-26T18:15:00Z,L4,71.96477628150991,Airbus,3157,HYD-IXB-HYD-CJB-HYD,,2026-04-25T05:17:58Z,2026-04-25
2026-04-26,20418:7-78812:5,Yet to Report,2026-04-26T14:50:00Z,20418,78812,2026-04-26T15:35:00Z,2026-04-26T22:35:00Z,4,12,7.75,7.75,9.766666666666666,2.2333333333333343,8,5.666666666666667,6.65,1.3499999999999996,-1,0.23333333333333428,2026-04-27T00:36:00Z,L4,90.41155351568032,ATR,1199,HYD-ISK-AMD-NMI-AMD,,2026-04-25T05:17:58Z,2026-04-25
2026-04-26,42538:6-64971:8,Yet to Report,2026-04-26T07:15:00Z,42538,64971,2026-04-26T08:15:00Z,2026-04-26T17:30:00Z,4,12,10.25,10.25,11,1,8,7.5,8.083333333333334,-0.08333333333333393,,,2026-04-26T18:15:00Z,L4,71.96477628150991,Airbus,3157,HYD-IXB-HYD-CJB-HYD,,2026-04-25T05:34:48Z,2026-04-25
2026-04-26,20418:7-78812:5,Yet to Report,2026-04-26T14:50:00Z,20418,78812,2026-04-26T15:35:00Z,2026-04-26T22:35:00Z,4,12,7.75,7.75,9.766666666666666,2.2333333333333343,8,5.666666666666667,6.65,1.3499999999999996,-1,0.23333333333333428,2026-04-27T00:36:00Z,L4,90.41155351568032,ATR,1199,HYD-ISK-AMD-NMI-AMD,,2026-04-25T05:34:48Z,2026-04-25
2026-04-26,7845:5-,Yet to Report,2026-04-26T05:20:00Z,7845,,2026-04-25T06:35:00Z,2026-04-25T12:05:00Z,2,13,-18.166666666666668,-17.25,13,0,9,3.6666666666666665,3.833333333333333,5.166666666666667,,,2026-04-26T18:20:00Z,L4,77.59625003248492,Airbus,NS926,CCU-RGN-CCU,,2026-04-25T05:34:48Z,2026-04-25
2026-04-26,20970:8-41630:9,Yet to Report,2026-04-26T13:35:00Z,20970,41630,2026-04-26T14:35:00Z,2026-04-26T22:50:00Z,4,12,9.416666666666666,9.25,10.483333333333333,1.5166666666666675,8,5.416666666666667,5.433333333333334,2.5666666666666664,-1,-0.4833333333333325,2026-04-27T00:04:00Z,L4,90.4115545208274,Airbus,3951,BLR-IXE-🛧BLR-VTZ-BLR,,2026-04-26T02:05:38Z,2026-04-26
2026-04-26,42538:6-64971:8,Yet to Report,2026-04-26T07:15:00Z,42538,64971,2026-04-26T08:15:00Z,2026-04-26T17:35:00Z,4,12,10.25,10.333333333333334,11,1,8,7.5,8.05,-0.05000000000000071,,,2026-04-26T18:15:00Z,L4,71.91739053150991,Airbus,3157,HYD-IXB-HYD-CJB-HYD,,2026-04-26T02:05:38Z,2026-04-26
2026-04-26,20418:6-78812:5,Yet to Report,2026-04-26T14:50:00Z,20418,78812,2026-04-26T15:35:00Z,2026-04-26T22:45:00Z,4,12,7.75,7.916666666666667,9.916666666666666,2.083333333333334,8,5.666666666666667,6.800000000000001,1.1999999999999993,-1,0.08333333333333393,2026-04-27T00:45:00Z,L4,90.41155372786339,ATR,1199,HYD-ISK-AMD-NMI-AMD,,2026-04-26T02:05:38Z,2026-04-26
2026-04-26,40204:6-85106:8,Yet to Report,2026-04-26T07:30:00Z,40204,85106,2026-04-26T08:30:00Z,2026-04-26T19:05:00Z,3,12.5,11.75,11.583333333333334,12.816666666666666,-0.31666666666666643,8,6.333333333333333,6.1499999999999995,1.8500000000000005,,,2026-04-26T20:19:00Z,L4,78.04318102365991,Airbus,4681,BLR-BOM-🛧BLR-AMD-BLR,,2026-04-26T02:05:38Z,2026-04-26
2026-04-26,-64978:7,Yet to Report,2026-04-26T10:45:00Z,,64978,2026-04-26T11:45:00Z,2026-04-26T21:15:00Z,4,12,10.583333333333334,10.5,12.266666666666667,-0.2666666666666675,8,7.083333333333333,7.433333333333333,0.5666666666666673,,,2026-04-26T23:01:00Z,L4,77.97352106108491,Airbus,3909,DEL-HYD-🛧DEL-UDR-DEL,,2026-04-26T02:05:38Z,2026-04-26
2026-04-26,42538:6-64971:8,Yet to Report,2026-04-26T07:15:00Z,42538,64971,2026-04-26T08:15:00Z,2026-04-26T17:30:00Z,4,12,10.25,10.25,11,1,8,7.5,8.083333333333334,-0.08333333333333393,,,2026-04-26T18:15:00Z,L4,71.96477628150991,Airbus,3157,HYD-IXB-HYD-CJB-HYD,,2026-04-25T05:49:24Z,2026-04-25
2026-04-26,20418:7-78812:5,Yet to Report,2026-04-26T14:50:00Z,20418,78812,2026-04-26T15:35:00Z,2026-04-26T22:35:00Z,4,12,7.75,7.75,9.766666666666666,2.2333333333333343,8,5.666666666666667,6.65,1.3499999999999996,-1,0.23333333333333428,2026-04-27T00:36:00Z,L4,90.41155351568032,ATR,1199,HYD-ISK-AMD-NMI-AMD,,2026-04-25T05:49:24Z,2026-04-25
2026-04-26,7845:5-,Yet to Report,2026-04-26T05:20:00Z,7845,,2026-04-25T06:35:00Z,2026-04-25T12:05:00Z,2,13,-18.166666666666668,-17.25,13,0,9,3.6666666666666665,3.833333333333333,5.166666666666667,,,2026-04-26T18:20:00Z,L4,77.59625003248492,Airbus,NS926,CCU-RGN-CCU,,2026-04-25T05:49:24Z,2026-04-25
2026-04-26,20970:8-41630:9,Yet to Report,2026-04-26T13:35:00Z,20970,41630,2026-04-26T14:35:00Z,2026-04-26T22:50:00Z,4,12,9.416666666666666,9.25,10.483333333333333,1.5166666666666675,8,5.416666666666667,5.433333333333334,2.5666666666666664,-1,-0.4833333333333325,2026-04-27T00:04:00Z,L4,90.4115545208274,Airbus,3951,BLR-IXE-🛧BLR-VTZ-BLR,,2026-04-26T02:18:14Z,2026-04-26
2026-04-26,42538:6-64971:8,Yet to Report,2026-04-26T07:15:00Z,42538,64971,2026-04-26T08:15:00Z,2026-04-26T17:35:00Z,4,12,10.25,10.333333333333334,11,1,8,7.5,8.05,-0.05000000000000071,,,2026-04-26T18:15:00Z,L4,71.91739053150991,Airbus,3157,HYD-IXB-HYD-CJB-HYD,,2026-04-26T02:18:14Z,2026-04-26
2026-04-26,20418:6-78812:5,Yet to Report,2026-04-26T14:50:00Z,20418,78812,2026-04-26T15:35:00Z,2026-04-26T22:45:00Z,4,12,7.75,7.916666666666667,9.916666666666666,2.083333333333334,8,5.666666666666667,6.800000000000001,1.1999999999999993,-1,0.08333333333333393,2026-04-27T00:45:00Z,L4,90.41155372786339,ATR,1199,HYD-ISK-AMD-NMI-AMD,,2026-04-26T02:18:14Z,2026-04-26
2026-04-26,40204:6-85106:8,Yet to Report,2026-04-26T07:30:00Z,40204,85106,2026-04-26T08:30:00Z,2026-04-26T19:05:00Z,3,12.5,11.75,11.583333333333334,12.816666666666666,-0.31666666666666643,8,6.333333333333333,6.1499999999999995,1.8500000000000005,,,2026-04-26T20:19:00Z,L4,78.04318102365991,Airbus,4681,BLR-BOM-🛧BLR-AMD-BLR,,2026-04-26T02:18:14Z,2026-04-26
2026-04-26,-64978:7,Yet to Report,2026-04-26T10:45:00Z,,64978,2026-04-26T11:45:00Z,2026-04-26T21:15:00Z,4,12,10.583333333333334,10.5,12.266666666666667,-0.2666666666666675,8,7.083333333333333,7.433333333333333,0.5666666666666673,,,2026-04-26T23:01:00Z,L4,77.97352106108491,Airbus,3909,DEL-HYD-🛧DEL-UDR-DEL,,2026-04-26T02:18:14Z,2026-04-26
2026-04-26,42538:6-64971:8,Yet to Report,2026-04-26T07:15:00Z,42538,64971,2026-04-26T08:15:00Z,2026-04-26T17:30:00Z,4,12,10.25,10.25,11,1,8,7.5,8.083333333333334,-0.08333333333333393,,,2026-04-26T18:15:00Z,L4,71.96477628150991,Airbus,3157,HYD-IXB-HYD-CJB-HYD,,2026-04-25T06:34:12Z,2026-04-25
2026-04-26,20418:7-78812:5,Yet to Report,2026-04-26T14:50:00Z,20418,78812,2026-04-26T15:35:00Z,2026-04-26T22:35:00Z,4,12,7.75,7.75,9.766666666666666,2.2333333333333343,8,5.666666666666667,6.65,1.3499999999999996,-1,0.23333333333333428,2026-04-27T00:36:00Z,L4,90.41155351568032,ATR,1199,HYD-ISK-AMD-NMI-AMD,,2026-04-25T06:34:12Z,2026-04-25
2026-04-26,7845:5-,Yet to Report,2026-04-26T05:20:00Z,7845,,2026-04-25T06:35:00Z,2026-04-25T12:05:00Z,2,13,-18.166666666666668,-17.25,13,0,9,3.6666666666666665,3.833333333333333,5.166666666666667,,,2026-04-26T18:20:00Z,L4,77.59625003248492,Airbus,NS926,CCU-RGN-CCU,,2026-04-25T06:34:12Z,2026-04-25
2026-04-26,42538:6-64971:8,Yet to Report,2026-04-26T07:15:00Z,42538,64971,2026-04-26T08:15:00Z,2026-04-26T17:30:00Z,4,12,10.25,10.25,11,1,8,7.5,8.083333333333334,-0.08333333333333393,,,2026-04-26T18:15:00Z,L4,71.96477628150991,Airbus,3157,HYD-IXB-HYD-CJB-HYD,,2026-04-25T06:06:00Z,2026-04-25
2026-04-26,20418:7-78812:5,Yet to Report,2026-04-26T14:50:00Z,20418,78812,2026-04-26T15:35:00Z,2026-04-26T22:35:00Z,4,12,7.75,7.75,9.766666666666666,2.2333333333333343,8,5.666666666666667,6.65,1.3499999999999996,-1,0.23333333333333428,2026-04-27T00:36:00Z,L4,90.41155351568032,ATR,1199,HYD-ISK-AMD-NMI-AMD,,2026-04-25T06:06:00Z,2026-04-25
2026-04-26,7845:5-,Yet to Report,2026-04-26T05:20:00Z,7845,,2026-04-25T06:35:00Z,2026-04-25T12:05:00Z,2,13,-18.166666666666668,-17.25,13,0,9,3.6666666666666665,3.833333333333333,5.166666666666667,,,2026-04-26T18:20:00Z,L4,77.59625003248492,Airbus,NS926,CCU-RGN-CCU,,2026-04-25T06:06:00Z,2026-04-25
2026-04-26,25807:4-88526:4,Reported,2026-04-26T18:40:00Z,25807,88526,2026-04-26T19:40:00Z,2026-04-27T03:50:00Z,3,10,6.166666666666667,9.166666666666666,9.166666666666668,0.8333333333333321,8,6.416666666666667,6.516666666666667,1.4833333333333334,-1,0.8333333333333321,2026-04-27T03:50:00Z,L4,90.41155272459761,Airbus,4021,MAA-TRV-CMB-BOM,,2026-04-27T02:18:40Z,2026-04-27
2026-04-26,20970:8-41630:9,Yet to Report,2026-04-26T13:35:00Z,20970,41630,2026-04-26T14:35:00Z,2026-04-26T22:50:00Z,4,12,9.416666666666666,9.25,10.483333333333333,1.5166666666666675,8,5.416666666666667,5.433333333333334,2.5666666666666664,-1,-0.4833333333333325,2026-04-27T00:04:00Z,L4,90.4115545208274,Airbus,3951,BLR-IXE-🛧BLR-VTZ-BLR,,2026-04-26T02:33:51Z,2026-04-26
2026-04-26,42538:6-64971:8,Yet to Report,2026-04-26T07:15:00Z,42538,64971,2026-04-26T08:15:00Z,2026-04-26T17:35:00Z,4,12,10.25,10.333333333333334,11,1,8,7.5,8.05,-0.05000000000000071,,,2026-04-26T18:15:00Z,L4,71.91739053150991,Airbus,3157,HYD-IXB-HYD-CJB-HYD,,2026-04-26T02:33:51Z,2026-04-26
2026-04-26,20418:6-78812:5,Yet to Report,2026-04-26T14:50:00Z,20418,78812,2026-04-26T15:35:00Z,2026-04-26T22:45:00Z,4,12,7.75,7.916666666666667,9.916666666666666,2.083333333333334,8,5.666666666666667,6.800000000000001,1.1999999999999993,-1,0.08333333333333393,2026-04-27T00:45:00Z,L4,90.41155372786339,ATR,1199,HYD-ISK-AMD-NMI-AMD,,2026-04-26T02:33:51Z,2026-04-26
2026-04-26,40204:6-85106:8,Yet to Report,2026-04-26T07:30:00Z,40204,85106,2026-04-26T08:30:00Z,2026-04-26T19:05:00Z,3,12.5,11.75,11.583333333333334,12.816666666666666,-0.31666666666666643,8,6.333333333333333,6.1499999999999995,1.8500000000000005,,,2026-04-26T20:19:00Z,L4,78.04318102365991,Airbus,4681,BLR-BOM-🛧BLR-AMD-BLR,,2026-04-26T02:33:51Z,2026-04-26
2026-04-26,-64978:7,Yet to Report,2026-04-26T10:45:00Z,,64978,2026-04-26T11:45:00Z,2026-04-26T21:15:00Z,4,12,10.583333333333334,10.5,12.266666666666667,-0.2666666666666675,8,7.083333333333333,7.433333333333333,0.5666666666666673,,,2026-04-26T23:01:00Z,L4,77.97352106108491,Airbus,3909,DEL-HYD-🛧DEL-UDR-DEL,,2026-04-26T02:33:51Z,2026-04-26
2026-04-26,42538:6-64971:8,Yet to Report,2026-04-26T07:15:00Z,42538,64971,2026-04-26T08:15:00Z,2026-04-26T17:30:00Z,4,12,10.25,10.25,11,1,8,7.5,8.083333333333334,-0.08333333333333393,,,2026-04-26T18:15:00Z,L4,71.96477628150991,Airbus,3157,HYD-IXB-HYD-CJB-HYD,,2026-04-25T06:17:56Z,2026-04-25
2026-04-26,20418:7-78812:5,Yet to Report,2026-04-26T14:50:00Z,20418,78812,2026-04-26T15:35:00Z,2026-04-26T22:35:00Z,4,12,7.75,7.75,9.766666666666666,2.2333333333333343,8,5.666666666666667,6.65,1.3499999999999996,-1,0.23333333333333428,2026-04-27T00:36:00Z,L4,90.41155351568032,ATR,1199,HYD-ISK-AMD-NMI-AMD,,2026-04-25T06:17:56Z,2026-04-25
2026-04-26,7845:5-,Yet to Report,2026-04-26T05:20:00Z,7845,,2026-04-25T06:35:00Z,2026-04-25T12:05:00Z,2,13,-18.166666666666668,-17.25,13,0,9,3.6666666666666665,3.833333333333333,5.166666666666667,,,2026-04-26T18:20:00Z,L4,77.59625003248492,Airbus,NS926,CCU-RGN-CCU,,2026-04-25T06:17:56Z,2026-04-25
2026-04-26,40204:6-85106:8,Yet to Report,2026-04-26T07:30:00Z,40204,85106,2026-04-26T08:30:00Z,2026-04-26T19:05:00Z,3,12.5,11.75,11.583333333333334,12.816666666666666,-0.31666666666666643,8,6.333333333333333,6.1499999999999995,1.8500000000000005,,,2026-04-26T20:19:00Z,L4,78.04318102365991,Airbus,4681,BLR-BOM-🛧BLR-AMD-BLR,,2026-04-26T02:48:39Z,2026-04-26
2026-04-26,20970:8-41630:9,Yet to Report,2026-04-26T13:35:00Z,20970,41630,2026-04-26T14:35:00Z,2026-04-26T22:50:00Z,4,12,9.416666666666666,9.25,10.483333333333333,1.5166666666666675,8,5.416666666666667,5.433333333333334,2.5666666666666664,-1,-0.4833333333333325,2026-04-27T00:04:00Z,L4,90.4115545208274,Airbus,3951,BLR-IXE-🛧BLR-VTZ-BLR,,2026-04-26T02:48:39Z,2026-04-26
2026-04-26,42538:6-64971:8,Yet to Report,2026-04-26T07:15:00Z,42538,64971,2026-04-26T08:15:00Z,2026-04-26T17:35:00Z,4,12,10.25,10.333333333333334,11,1,8,7.5,8.05,-0.05000000000000071,,,2026-04-26T18:15:00Z,L4,71.91739053150991,Airbus,3157,HYD-IXB-HYD-CJB-HYD,,2026-04-26T02:48:39Z,2026-04-26
2026-04-26,20418:6-78812:5,Yet to Report,2026-04-26T14:50:00Z,20418,78812,2026-04-26T15:35:00Z,2026-04-26T22:45:00Z,4,12,7.75,7.916666666666667,9.916666666666666,2.083333333333334,8,5.666666666666667,6.800000000000001,1.1999999999999993,-1,0.08333333333333393,2026-04-27T00:45:00Z,L4,90.41155372786339,ATR,1199,HYD-ISK-AMD-NMI-AMD,,2026-04-26T02:48:39Z,2026-04-26
2026-04-26,-64978:7,Yet to Report,2026-04-26T10:45:00Z,,64978,2026-04-26T11:45:00Z,2026-04-26T21:15:00Z,4,12,10.583333333333334,10.5,12.266666666666667,-0.2666666666666675,8,7.083333333333333,7.433333333333333,0.5666666666666673,,,2026-04-26T23:01:00Z,L4,77.97352106108491,Airbus,3909,DEL-HYD-🛧DEL-UDR-DEL,,2026-04-26T02:48:39Z,2026-04-26
2026-04-26,40204:6-85106:8,Yet to Report,2026-04-26T07:30:00Z,40204,85106,2026-04-26T08:30:00Z,2026-04-26T19:05:00Z,3,12.5,11.75,11.583333333333334,12.816666666666666,-0.31666666666666643,8,6.333333333333333,6.1499999999999995,1.8500000000000005,,,2026-04-26T20:19:00Z,L4,78.04318102365991,Airbus,4681,BLR-BOM-🛧BLR-AMD-BLR,,2026-04-26T03:48:40Z,2026-04-26
2026-04-26,20970:8-41630:9,Yet to Report,2026-04-26T13:35:00Z,20970,41630,2026-04-26T14:35:00Z,2026-04-26T22:50:00Z,4,12,9.416666666666666,9.25,10.483333333333333,1.5166666666666675,8,5.416666666666667,5.433333333333334,2.5666666666666664,-1,-0.4833333333333325,2026-04-27T00:04:00Z,L4,90.4115545208274,Airbus,3951,BLR-IXE-🛧BLR-VTZ-BLR,,2026-04-26T03:48:40Z,2026-04-26
2026-04-26,42538:6-64971:8,Yet to Report,2026-04-26T07:15:00Z,42538,64971,2026-04-26T08:15:00Z,2026-04-26T17:35:00Z,4,12,10.25,10.333333333333334,11,1,8,7.5,8.05,-0.05000000000000071,,,2026-04-26T18:15:00Z,L4,71.91739053150991,Airbus,3157,HYD-IXB-HYD-CJB-HYD,,2026-04-26T03:48:40Z,2026-04-26
2026-04-26,20418:6-78812:5,Yet to Report,2026-04-26T14:50:00Z,20418,78812,2026-04-26T15:35:00Z,2026-04-26T22:45:00Z,4,12,7.75,7.916666666666667,9.916666666666666,2.083333333333334,8,5.666666666666667,6.800000000000001,1.1999999999999993,-1,0.08333333333333393,2026-04-27T00:45:00Z,L4,90.41155372786339,ATR,1199,HYD-ISK-AMD-NMI-AMD,,2026-04-26T03:48:40Z,2026-04-26
2026-04-26,-64978:7,Yet to Report,2026-04-26T10:45:00Z,,64978,2026-04-26T11:45:00Z,2026-04-26T21:15:00Z,4,12,10.583333333333334,10.5,12.266666666666667,-0.2666666666666675,8,7.083333333333333,7.433333333333333,0.5666666666666673,,,2026-04-26T23:01:00Z,L4,77.97352106108491,Airbus,3909,DEL-HYD-🛧DEL-UDR-DEL,,2026-04-26T03:48:40Z,2026-04-26
2026-04-26,40204:6-85106:8,Yet to Report,2026-04-26T07:30:00Z,40204,85106,2026-04-26T08:30:00Z,2026-04-26T19:05:00Z,3,12.5,11.75,11.583333333333334,12.816666666666666,-0.31666666666666643,8,6.333333333333333,6.1499999999999995,1.8500000000000005,,,2026-04-26T20:19:00Z,L4,78.04318102365991,Airbus,4681,BLR-BOM-🛧BLR-AMD-BLR,,2026-04-26T04:17:51Z,2026-04-26
2026-04-26,20970:8-41630:9,Yet to Report,2026-04-26T13:35:00Z,20970,41630,2026-04-26T14:35:00Z,2026-04-26T22:50:00Z,4,12,9.416666666666666,9.25,10.483333333333333,1.5166666666666675,8,5.416666666666667,5.433333333333334,2.5666666666666664,-1,-0.4833333333333325,2026-04-27T00:04:00Z,L4,90.4115545208274,Airbus,3951,BLR-IXE-🛧BLR-VTZ-BLR,,2026-04-26T04:17:51Z,2026-04-26
2026-04-26,42538:6-64971:8,Yet to Report,2026-04-26T07:15:00Z,42538,64971,2026-04-26T08:15:00Z,2026-04-26T17:35:00Z,4,12,10.25,10.333333333333334,11,1,8,7.5,8.05,-0.05000000000000071,,,2026-04-26T18:15:00Z,L4,71.91739053150991,Airbus,3157,HYD-IXB-HYD-CJB-HYD,,2026-04-26T04:17:51Z,2026-04-26
2026-04-26,20418:6-78812:5,Yet to Report,2026-04-26T14:50:00Z,20418,78812,2026-04-26T15:35:00Z,2026-04-26T22:45:00Z,4,12,7.75,7.916666666666667,9.916666666666666,2.083333333333334,8,5.666666666666667,6.800000000000001,1.1999999999999993,-1,0.08333333333333393,2026-04-27T00:45:00Z,L4,90.41155372786339,ATR,1199,HYD-ISK-AMD-NMI-AMD,,2026-04-26T04:17:51Z,2026-04-26
2026-04-26,-64978:7,Yet to Report,2026-04-26T10:45:00Z,,64978,2026-04-26T11:45:00Z,2026-04-26T21:15:00Z,4,12,10.583333333333334,10.5,12.266666666666667,-0.2666666666666675,8,7.083333333333333,7.433333333333333,0.5666666666666673,,,2026-04-26T23:01:00Z,L4,77.97352106108491,Airbus,3909,DEL-HYD-🛧DEL-UDR-DEL,,2026-04-26T04:17:51Z,2026-04-26
2026-04-26,25807:4-88526:4,Reported,2026-04-26T18:40:00Z,25807,88526,2026-04-26T19:40:00Z,2026-04-27T03:50:00Z,3,10,6.166666666666667,9.166666666666666,9.166666666666668,0.8333333333333321,8,6.416666666666667,6.516666666666667,1.4833333333333334,-1,0.8333333333333321,2026-04-27T03:50:00Z,L4,90.41155272459761,Airbus,4021,MAA-TRV-CMB-BOM,,2026-04-27T03:34:32Z,2026-04-27
2026-04-26,42538:6-64971:8,Yet to Report,2026-04-26T07:15:00Z,42538,64971,2026-04-26T08:15:00Z,2026-04-26T17:30:00Z,4,12,10.25,10.25,11,1,8,7.5,8.083333333333334,-0.08333333333333393,,,2026-04-26T18:15:00Z,L4,71.96477628150991,Airbus,3157,HYD-IXB-HYD-CJB-HYD,,2026-04-25T07:06:11Z,2026-04-25
2026-04-26,20418:7-78812:5,Yet to Report,2026-04-26T14:50:00Z,20418,78812,2026-04-26T15:35:00Z,2026-04-26T22:35:00Z,4,12,7.75,7.75,9.766666666666666,2.2333333333333343,8,5.666666666666667,6.65,1.3499999999999996,-1,0.23333333333333428,2026-04-27T00:36:00Z,L4,90.41155351568032,ATR,1199,HYD-ISK-AMD-NMI-AMD,,2026-04-25T07:06:11Z,2026-04-25
2026-04-26,7845:5-,Yet to Report,2026-04-26T05:20:00Z,7845,,2026-04-25T06:35:00Z,2026-04-25T12:05:00Z,2,13,-18.166666666666668,-17.25,13,0,9,3.6666666666666665,3.833333333333333,5.166666666666667,,,2026-04-26T18:20:00Z,L4,77.59625003248492,Airbus,NS926,CCU-RGN-CCU,,2026-04-25T07:06:11Z,2026-04-25
2026-04-26,40204:6-85106:8,Yet to Report,2026-04-26T07:30:00Z,40204,85106,2026-04-26T08:30:00Z,2026-04-26T19:05:00Z,3,12.5,11.75,11.583333333333334,12.816666666666666,-0.31666666666666643,8,6.333333333333333,6.1499999999999995,1.8500000000000005,,,2026-04-26T20:19:00Z,L4,78.04318102365991,Airbus,4681,BLR-BOM-🛧BLR-AMD-BLR,,2026-04-26T04:48:36Z,2026-04-26
2026-04-26,20970:8-41630:9,Yet to Report,2026-04-26T13:35:00Z,20970,41630,2026-04-26T14:35:00Z,2026-04-26T22:50:00Z,4,12,9.416666666666666,9.25,10.483333333333333,1.5166666666666675,8,5.416666666666667,5.433333333333334,2.5666666666666664,-1,-0.4833333333333325,2026-04-27T00:04:00Z,L4,90.4115545208274,Airbus,3951,BLR-IXE-🛧BLR-VTZ-BLR,,2026-04-26T04:48:36Z,2026-04-26
2026-04-26,42538:6-64971:8,Yet to Report,2026-04-26T07:15:00Z,42538,64971,2026-04-26T08:15:00Z,2026-04-26T17:35:00Z,4,12,10.25,10.333333333333334,11,1,8,7.5,8.05,-0.05000000000000071,,,2026-04-26T18:15:00Z,L4,71.91739053150991,Airbus,3157,HYD-IXB-HYD-CJB-HYD,,2026-04-26T04:48:36Z,2026-04-26
2026-04-26,20418:6-78812:5,Yet to Report,2026-04-26T14:50:00Z,20418,78812,2026-04-26T15:35:00Z,2026-04-26T22:45:00Z,4,12,7.75,7.916666666666667,9.916666666666666,2.083333333333334,8,5.666666666666667,6.800000000000001,1.1999999999999993,-1,0.08333333333333393,2026-04-27T00:45:00Z,L4,90.41155372786339,ATR,1199,HYD-ISK-AMD-NMI-AMD,,2026-04-26T04:48:36Z,2026-04-26
2026-04-26,-64978:7,Yet to Report,2026-04-26T10:45:00Z,,64978,2026-04-26T11:45:00Z,2026-04-26T21:15:00Z,4,12,10.583333333333334,10.5,12.266666666666667,-0.2666666666666675,8,7.083333333333333,7.433333333333333,0.5666666666666673,,,2026-04-26T23:01:00Z,L4,77.97352106108491,Airbus,3909,DEL-HYD-🛧DEL-UDR-DEL,,2026-04-26T04:48:36Z,2026-04-26
2026-04-26,40204:6-85106:8,Yet to Report,2026-04-26T07:30:00Z,40204,85106,2026-04-26T08:30:00Z,2026-04-26T19:05:00Z,3,12.5,11.75,11.583333333333334,12.816666666666666,-0.31666666666666643,8,6.333333333333333,6.1499999999999995,1.8500000000000005,,,2026-04-26T20:19:00Z,L4,78.04318102365991,Airbus,4681,BLR-BOM-🛧BLR-AMD-BLR,,2026-04-26T04:06:10Z,2026-04-26
2026-04-26,20970:8-41630:9,Yet to Report,2026-04-26T13:35:00Z,20970,41630,2026-04-26T14:35:00Z,2026-04-26T22:50:00Z,4,12,9.416666666666666,9.25,10.483333333333333,1.5166666666666675,8,5.416666666666667,5.433333333333334,2.5666666666666664,-1,-0.4833333333333325,2026-04-27T00:04:00Z,L4,90.4115545208274,Airbus,3951,BLR-IXE-🛧BLR-VTZ-BLR,,2026-04-26T04:06:10Z,2026-04-26
2026-04-26,42538:6-64971:8,Yet to Report,2026-04-26T07:15:00Z,42538,64971,2026-04-26T08:15:00Z,2026-04-26T17:35:00Z,4,12,10.25,10.333333333333334,11,1,8,7.5,8.05,-0.05000000000000071,,,2026-04-26T18:15:00Z,L4,71.91739053150991,Airbus,3157,HYD-IXB-HYD-CJB-HYD,,2026-04-26T04:06:10Z,2026-04-26
2026-04-26,20418:6-78812:5,Yet to Report,2026-04-26T14:50:00Z,20418,78812,2026-04-26T15:35:00Z,2026-04-26T22:45:00Z,4,12,7.75,7.916666666666667,9.916666666666666,2.083333333333334,8,5.666666666666667,6.800000000000001,1.1999999999999993,-1,0.08333333333333393,2026-04-27T00:45:00Z,L4,90.41155372786339,ATR,1199,HYD-ISK-AMD-NMI-AMD,,2026-04-26T04:06:10Z,2026-04-26
2026-04-26,-64978:7,Yet to Report,2026-04-26T10:45:00Z,,64978,2026-04-26T11:45:00Z,2026-04-26T21:15:00Z,4,12,10.583333333333334,10.5,12.266666666666667,-0.2666666666666675,8,7.083333333333333,7.433333333333333,0.5666666666666673,,,2026-04-26T23:01:00Z,L4,77.97352106108491,Airbus,3909,DEL-HYD-🛧DEL-UDR-DEL,,2026-04-26T04:06:10Z,2026-04-26
2026-04-26,20418:6-78812:5,Yet to Report,2026-04-26T14:50:00Z,20418,78812,2026-04-26T15:35:00Z,2026-04-26T22:45:00Z,4,12,7.75,7.916666666666667,9.916666666666666,2.083333333333334,8,5.666666666666667,6.800000000000001,1.1999999999999993,-1,0.08333333333333393,2026-04-27T00:45:00Z,L4,90.41155372786339,ATR,1199,HYD-ISK-AMD-NMI-AMD,,2026-04-26T03:34:07Z,2026-04-26
2026-04-26,20970:8-41630:9,Yet to Report,2026-04-26T13:35:00Z,20970,41630,2026-04-26T14:35:00Z,2026-04-26T22:50:00Z,4,12,9.416666666666666,9.25,10.483333333333333,1.5166666666666675,8,5.416666666666667,5.433333333333334,2.5666666666666664,-1,-0.4833333333333325,2026-04-27T00:04:00Z,L4,90.4115545208274,Airbus,3951,BLR-IXE-🛧BLR-VTZ-BLR,,2026-04-26T03:34:07Z,2026-04-26
2026-04-26,42538:6-64971:8,Yet to Report,2026-04-26T07:15:00Z,42538,64971,2026-04-26T08:15:00Z,2026-04-26T17:35:00Z,4,12,10.25,10.333333333333334,11,1,8,7.5,8.05,-0.05000000000000071,,,2026-04-26T18:15:00Z,L4,71.91739053150991,Airbus,3157,HYD-IXB-HYD-CJB-HYD,,2026-04-26T03:34:07Z,2026-04-26
2026-04-26,40204:6-85106:8,Yet to Report,2026-04-26T07:30:00Z,40204,85106,2026-04-26T08:30:00Z,2026-04-26T19:05:00Z,3,12.5,11.75,11.583333333333334,12.816666666666666,-0.31666666666666643,8,6.333333333333333,6.1499999999999995,1.8500000000000005,,,2026-04-26T20:19:00Z,L4,78.04318102365991,Airbus,4681,BLR-BOM-🛧BLR-AMD-BLR,,2026-04-26T03:34:07Z,2026-04-26
2026-04-26,-64978:7,Yet to Report,2026-04-26T10:45:00Z,,64978,2026-04-26T11:45:00Z,2026-04-26T21:15:00Z,4,12,10.583333333333334,10.5,12.266666666666667,-0.2666666666666675,8,7.083333333333333,7.433333333333333,0.5666666666666673,,,2026-04-26T23:01:00Z,L4,77.97352106108491,Airbus,3909,DEL-HYD-🛧DEL-UDR-DEL,,2026-04-26T03:34:07Z,2026-04-26
2026-04-26,25807:4-88526:4,Reported,2026-04-26T18:40:00Z,25807,88526,2026-04-26T19:40:00Z,2026-04-27T03:50:00Z,3,10,6.166666666666667,9.166666666666666,9.166666666666668,0.8333333333333321,8,6.416666666666667,6.516666666666667,1.4833333333333334,-1,0.8333333333333321,2026-04-27T03:50:00Z,L4,90.41155272459761,Airbus,4021,MAA-TRV-CMB-BOM,,2026-04-27T03:04:15Z,2026-04-27
2026-04-26,-61031:4,Reported,2026-04-26T20:50:00Z,,61031,2026-04-26T21:50:00Z,2026-04-27T08:15:00Z,1,11,7.666666666666667,11.416666666666666,11.416666666666668,-0.41666666666666785,9,2.4166666666666665,2.4166666666666665,6.583333333333334,,,2026-04-27T08:15:00Z,L4,78.18078350833491,Airbus,F9271,DEL-🛧CCU-DEL,,2026-04-27T03:04:15Z,2026-04-27
2026-04-26,35426:7-61031:4,Reported,2026-04-26T20:50:00Z,35426,61031,2026-04-26T21:50:00Z,2026-04-27T08:15:00Z,1,11,7.666666666666667,11.416666666666666,11.416666666666668,-0.41666666666666785,9,2.4166666666666665,1.9666666666666666,7.033333333333333,,,2026-04-27T08:15:00Z,L4,78.18078350545991,Airbus,F9271,DEL-🛧CCU-DEL,,2026-04-27T02:48:04Z,2026-04-27
2026-04-26,25807:4-88526:4,Reported,2026-04-26T18:40:00Z,25807,88526,2026-04-26T19:40:00Z,2026-04-27T03:50:00Z,3,10,6.166666666666667,9.166666666666666,9.166666666666668,0.8333333333333321,8,6.416666666666667,6.516666666666667,1.4833333333333334,-1,0.8333333333333321,2026-04-27T03:50:00Z,L4,90.41155272459761,Airbus,4021,MAA-TRV-CMB-BOM,,2026-04-27T02:48:04Z,2026-04-27
2026-04-26,7845:5-,Yet to Report,2026-04-26T05:20:00Z,7845,,2026-04-25T06:50:00Z,2026-04-25T12:05:00Z,2,13,-18.166666666666668,-17.25,13,0,9,3.6666666666666665,3.833333333333333,5.166666666666667,,,2026-04-26T18:20:00Z,L4,77.59625003248492,Airbus,NS926,CCU-RGN-CCU,,2026-04-25T07:18:12Z,2026-04-25
2026-04-26,42538:6-64971:8,Yet to Report,2026-04-26T07:15:00Z,42538,64971,2026-04-26T08:15:00Z,2026-04-26T17:30:00Z,4,12,10.25,10.25,11,1,8,7.5,8.083333333333334,-0.08333333333333393,,,2026-04-26T18:15:00Z,L4,71.96477628150991,Airbus,3157,HYD-IXB-HYD-CJB-HYD,,2026-04-25T07:18:12Z,2026-04-25
2026-04-26,20418:7-78812:5,Yet to Report,2026-04-26T14:50:00Z,20418,78812,2026-04-26T15:35:00Z,2026-04-26T22:35:00Z,4,12,7.75,7.75,9.766666666666666,2.2333333333333343,8,5.666666666666667,6.65,1.3499999999999996,-1,0.23333333333333428,2026-04-27T00:36:00Z,L4,90.41155351568032,ATR,1199,HYD-ISK-AMD-NMI-AMD,,2026-04-25T07:18:12Z,2026-04-25
2026-04-26,35426:7-61031:4,Reported,2026-04-26T20:50:00Z,35426,61031,2026-04-26T21:50:00Z,2026-04-27T08:15:00Z,1,11,7.666666666666667,11.416666666666666,11.416666666666668,-0.41666666666666785,9,2.4166666666666665,1.9666666666666666,7.033333333333333,,,2026-04-27T08:15:00Z,L4,78.18078350545991,Airbus,F9271,DEL-🛧CCU-DEL,,2026-04-27T02:34:18Z,2026-04-27
2026-04-26,25807:4-88526:4,Reported,2026-04-26T18:40:00Z,25807,88526,2026-04-26T19:40:00Z,2026-04-27T03:50:00Z,3,10,6.166666666666667,9.166666666666666,9.166666666666668,0.8333333333333321,8,6.416666666666667,6.516666666666667,1.4833333333333334,-1,0.8333333333333321,2026-04-27T03:50:00Z,L4,90.41155272459761,Airbus,4021,MAA-TRV-CMB-BOM,,2026-04-27T02:34:18Z,2026-04-27
2026-04-26,40204:6-85106:8,Yet to Report,2026-04-26T07:30:00Z,40204,85106,2026-04-26T08:30:00Z,2026-04-26T19:05:00Z,3,12.5,11.75,11.583333333333334,12.816666666666666,-0.31666666666666643,8,6.333333333333333,6.1499999999999995,1.8500000000000005,,,2026-04-26T20:19:00Z,L4,78.04318102365991,Airbus,4681,BLR-BOM-🛧BLR-AMD-BLR,,2026-04-26T04:33:39Z,2026-04-26
2026-04-26,20970:8-41630:9,Yet to Report,2026-04-26T13:35:00Z,20970,41630,2026-04-26T14:35:00Z,2026-04-26T22:50:00Z,4,12,9.416666666666666,9.25,10.483333333333333,1.5166666666666675,8,5.416666666666667,5.433333333333334,2.5666666666666664,-1,-0.4833333333333325,2026-04-27T00:04:00Z,L4,90.4115545208274,Airbus,3951,BLR-IXE-🛧BLR-VTZ-BLR,,2026-04-26T04:33:39Z,2026-04-26
2026-04-26,42538:6-64971:8,Yet to Report,2026-04-26T07:15:00Z,42538,64971,2026-04-26T08:15:00Z,2026-04-26T17:35:00Z,4,12,10.25,10.333333333333334,11,1,8,7.5,8.05,-0.05000000000000071,,,2026-04-26T18:15:00Z,L4,71.91739053150991,Airbus,3157,HYD-IXB-HYD-CJB-HYD,,2026-04-26T04:33:39Z,2026-04-26
2026-04-26,20418:6-78812:5,Yet to Report,2026-04-26T14:50:00Z,20418,78812,2026-04-26T15:35:00Z,2026-04-26T22:45:00Z,4,12,7.75,7.916666666666667,9.916666666666666,2.083333333333334,8,5.666666666666667,6.800000000000001,1.1999999999999993,-1,0.08333333333333393,2026-04-27T00:45:00Z,L4,90.41155372786339,ATR,1199,HYD-ISK-AMD-NMI-AMD,,2026-04-26T04:33:39Z,2026-04-26
2026-04-26,-64978:7,Yet to Report,2026-04-26T10:45:00Z,,64978,2026-04-26T11:45:00Z,2026-04-26T21:15:00Z,4,12,10.583333333333334,10.5,12.266666666666667,-0.2666666666666675,8,7.083333333333333,7.433333333333333,0.5666666666666673,,,2026-04-26T23:01:00Z,L4,77.97352106108491,Airbus,3909,DEL-HYD-🛧DEL-UDR-DEL,,2026-04-26T04:33:39Z,2026-04-26
2026-04-26,25807:4-88526:4,Reported,2026-04-26T18:40:00Z,25807,88526,2026-04-26T19:40:00Z,2026-04-27T03:50:00Z,3,10,6.166666666666667,9.166666666666666,9.166666666666668,0.8333333333333321,8,6.416666666666667,6.516666666666667,1.4833333333333334,-1,0.8333333333333321,2026-04-27T03:50:00Z,L4,90.41155272459761,Airbus,4021,MAA-TRV-CMB-BOM,,2026-04-27T03:17:43Z,2026-04-27
2026-04-26,42538:6-64971:8,Yet to Report,2026-04-26T07:15:00Z,42538,64971,2026-04-26T08:15:00Z,2026-04-26T17:30:00Z,4,12,10.25,10.25,11,1,8,7.5,8.083333333333334,-0.08333333333333393,,,2026-04-26T18:15:00Z,L4,71.96477628150991,Airbus,3157,HYD-IXB-HYD-CJB-HYD,,2026-04-25T06:48:28Z,2026-04-25
2026-04-26,20418:7-78812:5,Yet to Report,2026-04-26T14:50:00Z,20418,78812,2026-04-26T15:35:00Z,2026-04-26T22:35:00Z,4,12,7.75,7.75,9.766666666666666,2.2333333333333343,8,5.666666666666667,6.65,1.3499999999999996,-1,0.23333333333333428,2026-04-27T00:36:00Z,L4,90.41155351568032,ATR,1199,HYD-ISK-AMD-NMI-AMD,,2026-04-25T06:48:28Z,2026-04-25
2026-04-26,7845:5-,Yet to Report,2026-04-26T05:20:00Z,7845,,2026-04-25T06:35:00Z,2026-04-25T12:05:00Z,2,13,-18.166666666666668,-17.25,13,0,9,3.6666666666666665,3.833333333333333,5.166666666666667,,,2026-04-26T18:20:00Z,L4,77.59625003248492,Airbus,NS926,CCU-RGN-CCU,,2026-04-25T06:48:28Z,2026-04-25
2026-04-26,40204:6-85106:8,Yet to Report,2026-04-26T07:30:00Z,40204,85106,2026-04-26T08:30:00Z,2026-04-26T19:05:00Z,3,12.5,11.75,11.583333333333334,12.816666666666666,-0.31666666666666643,8,6.333333333333333,6.1499999999999995,1.8500000000000005,,,2026-04-26T20:19:00Z,L4,78.04318102365991,Airbus,4681,BLR-BOM-🛧BLR-AMD-BLR,,2026-04-26T03:17:57Z,2026-04-26
2026-04-26,20970:8-41630:9,Yet to Report,2026-04-26T13:35:00Z,20970,41630,2026-04-26T14:35:00Z,2026-04-26T22:50:00Z,4,12,9.416666666666666,9.25,10.483333333333333,1.5166666666666675,8,5.416666666666667,5.433333333333334,2.5666666666666664,-1,-0.4833333333333325,2026-04-27T00:04:00Z,L4,90.4115545208274,Airbus,3951,BLR-IXE-🛧BLR-VTZ-BLR,,2026-04-26T03:17:57Z,2026-04-26
2026-04-26,42538:6-64971:8,Yet to Report,2026-04-26T07:15:00Z,42538,64971,2026-04-26T08:15:00Z,2026-04-26T17:35:00Z,4,12,10.25,10.333333333333334,11,1,8,7.5,8.05,-0.05000000000000071,,,2026-04-26T18:15:00Z,L4,71.91739053150991,Airbus,3157,HYD-IXB-HYD-CJB-HYD,,2026-04-26T03:17:57Z,2026-04-26
2026-04-26,20418:6-78812:5,Yet to Report,2026-04-26T14:50:00Z,20418,78812,2026-04-26T15:35:00Z,2026-04-26T22:45:00Z,4,12,7.75,7.916666666666667,9.916666666666666,2.083333333333334,8,5.666666666666667,6.800000000000001,1.1999999999999993,-1,0.08333333333333393,2026-04-27T00:45:00Z,L4,90.41155372786339,ATR,1199,HYD-ISK-AMD-NMI-AMD,,2026-04-26T03:17:57Z,2026-04-26
2026-04-26,-64978:7,Yet to Report,2026-04-26T10:45:00Z,,64978,2026-04-26T11:45:00Z,2026-04-26T21:15:00Z,4,12,10.583333333333334,10.5,12.266666666666667,-0.2666666666666675,8,7.083333333333333,7.433333333333333,0.5666666666666673,,,2026-04-26T23:01:00Z,L4,77.97352106108491,Airbus,3909,DEL-HYD-🛧DEL-UDR-DEL,,2026-04-26T03:17:57Z,2026-04-26
2026-04-26,20970:8-41630:9,Yet to Report,2026-04-26T13:35:00Z,20970,41630,2026-04-26T14:35:00Z,2026-04-26T22:50:00Z,4,12,9.416666666666666,9.25,10.483333333333333,1.5166666666666675,8,5.416666666666667,5.433333333333334,2.5666666666666664,-1,-0.4833333333333325,2026-04-27T00:04:00Z,L4,90.4115545208274,Airbus,3951,BLR-IXE-🛧BLR-VTZ-BLR,,2026-04-26T03:04:28Z,2026-04-26
2026-04-26,42538:6-64971:8,Yet to Report,2026-04-26T07:15:00Z,42538,64971,2026-04-26T08:15:00Z,2026-04-26T17:35:00Z,4,12,10.25,10.333333333333334,11,1,8,7.5,8.05,-0.05000000000000071,,,2026-04-26T18:15:00Z,L4,71.91739053150991,Airbus,3157,HYD-IXB-HYD-CJB-HYD,,2026-04-26T03:04:28Z,2026-04-26
2026-04-26,20418:6-78812:5,Yet to Report,2026-04-26T14:50:00Z,20418,78812,2026-04-26T15:35:00Z,2026-04-26T22:45:00Z,4,12,7.75,7.916666666666667,9.916666666666666,2.083333333333334,8,5.666666666666667,6.800000000000001,1.1999999999999993,-1,0.08333333333333393,2026-04-27T00:45:00Z,L4,90.41155372786339,ATR,1199,HYD-ISK-AMD-NMI-AMD,,2026-04-26T03:04:28Z,2026-04-26
2026-04-26,40204:6-85106:8,Yet to Report,2026-04-26T07:30:00Z,40204,85106,2026-04-26T08:30:00Z,2026-04-26T19:05:00Z,3,12.5,11.75,11.583333333333334,12.816666666666666,-0.31666666666666643,8,6.333333333333333,6.1499999999999995,1.8500000000000005,,,2026-04-26T20:19:00Z,L4,78.04318102365991,Airbus,4681,BLR-BOM-🛧BLR-AMD-BLR,,2026-04-26T03:04:28Z,2026-04-26
2026-04-26,-64978:7,Yet to Report,2026-04-26T10:45:00Z,,64978,2026-04-26T11:45:00Z,2026-04-26T21:15:00Z,4,12,10.583333333333334,10.5,12.266666666666667,-0.2666666666666675,8,7.083333333333333,7.433333333333333,0.5666666666666673,,,2026-04-26T23:01:00Z,L4,77.97352106108491,Airbus,3909,DEL-HYD-🛧DEL-UDR-DEL,,2026-04-26T03:04:28Z,2026-04-26
2026-04-26,7845:5-,Yet to Report,2026-04-26T05:20:00Z,7845,,2026-04-25T07:05:00Z,2026-04-25T12:05:00Z,2,13,-18.166666666666668,-17.25,13,0,9,3.6666666666666665,3.833333333333333,5.166666666666667,,,2026-04-26T18:20:00Z,L4,77.59625003248492,Airbus,NS926,CCU-RGN-CCU,,2026-04-25T07:34:52Z,2026-04-25
2026-04-26,42538:6-64971:8,Yet to Report,2026-04-26T07:15:00Z,42538,64971,2026-04-26T08:15:00Z,2026-04-26T17:30:00Z,4,12,10.25,10.25,11,1,8,7.5,8.083333333333334,-0.08333333333333393,,,2026-04-26T18:15:00Z,L4,71.96477628150991,Airbus,3157,HYD-IXB-HYD-CJB-HYD,,2026-04-25T07:34:52Z,2026-04-25
2026-04-26,20418:7-78812:5,Yet to Report,2026-04-26T14:50:00Z,20418,78812,2026-04-26T15:35:00Z,2026-04-26T22:35:00Z,4,12,7.75,7.75,9.766666666666666,2.2333333333333343,8,5.666666666666667,6.65,1.3499999999999996,-1,0.23333333333333428,2026-04-27T00:36:00Z,L4,90.41155351568032,ATR,1199,HYD-ISK-AMD-NMI-AMD,,2026-04-25T07:34:52Z,2026-04-25
2026-04-26,40204:6-85106:8,Yet to Report,2026-04-26T07:30:00Z,40204,85106,2026-04-26T08:30:00Z,2026-04-26T19:05:00Z,3,12.5,11.75,11.583333333333334,12.816666666666666,-0.31666666666666643,8,6.333333333333333,6.1499999999999995,1.8500000000000005,,,2026-04-26T20:19:00Z,L4,78.04318102365991,Airbus,4681,BLR-BOM-🛧BLR-AMD-BLR,,2026-04-26T05:18:02Z,2026-04-26
2026-04-26,20970:8-41630:9,Yet to Report,2026-04-26T13:35:00Z,20970,41630,2026-04-26T14:35:00Z,2026-04-26T22:50:00Z,4,12,9.416666666666666,9.25,10.483333333333333,1.5166666666666675,8,5.416666666666667,5.433333333333334,2.5666666666666664,-1,-0.4833333333333325,2026-04-27T00:04:00Z,L4,90.4115545208274,Airbus,3951,BLR-IXE-🛧BLR-VTZ-BLR,,2026-04-26T05:18:02Z,2026-04-26
2026-04-26,42538:6-64971:8,Yet to Report,2026-04-26T07:15:00Z,42538,64971,2026-04-26T08:15:00Z,2026-04-26T17:35:00Z,4,12,10.25,10.333333333333334,11,1,8,7.5,8.05,-0.05000000000000071,,,2026-04-26T18:15:00Z,L4,71.91739053150991,Airbus,3157,HYD-IXB-HYD-CJB-HYD,,2026-04-26T05:18:02Z,2026-04-26
2026-04-26,20418:6-78812:5,Yet to Report,2026-04-26T14:50:00Z,20418,78812,2026-04-26T15:35:00Z,2026-04-26T22:45:00Z,4,12,7.75,7.916666666666667,9.916666666666666,2.083333333333334,8,5.666666666666667,6.800000000000001,1.1999999999999993,-1,0.08333333333333393,2026-04-27T00:45:00Z,L4,90.41155372786339,ATR,1199,HYD-ISK-AMD-NMI-AMD,,2026-04-26T05:18:02Z,2026-04-26
2026-04-26,40204:6-85106:8,Yet to Report,2026-04-26T07:30:00Z,40204,85106,2026-04-26T08:30:00Z,2026-04-26T19:05:00Z,3,12.5,11.75,11.583333333333334,12.816666666666666,-0.31666666666666643,8,6.333333333333333,6.1499999999999995,1.8500000000000005,,,2026-04-26T20:19:00Z,L4,78.04318102365991,Airbus,4681,BLR-BOM-🛧BLR-AMD-BLR,,2026-04-26T05:04:33Z,2026-04-26
2026-04-26,20970:8-41630:9,Yet to Report,2026-04-26T13:35:00Z,20970,41630,2026-04-26T14:35:00Z,2026-04-26T22:50:00Z,4,12,9.416666666666666,9.25,10.483333333333333,1.5166666666666675,8,5.416666666666667,5.433333333333334,2.5666666666666664,-1,-0.4833333333333325,2026-04-27T00:04:00Z,L4,90.4115545208274,Airbus,3951,BLR-IXE-🛧BLR-VTZ-BLR,,2026-04-26T05:04:33Z,2026-04-26
2026-04-26,42538:6-64971:8,Yet to Report,2026-04-26T07:15:00Z,42538,64971,2026-04-26T08:15:00Z,2026-04-26T17:35:00Z,4,12,10.25,10.333333333333334,11,1,8,7.5,8.05,-0.05000000000000071,,,2026-04-26T18:15:00Z,L4,71.91739053150991,Airbus,3157,HYD-IXB-HYD-CJB-HYD,,2026-04-26T05:04:33Z,2026-04-26
2026-04-26,20418:6-78812:5,Yet to Report,2026-04-26T14:50:00Z,20418,78812,2026-04-26T15:35:00Z,2026-04-26T22:45:00Z,4,12,7.75,7.916666666666667,9.916666666666666,2.083333333333334,8,5.666666666666667,6.800000000000001,1.1999999999999993,-1,0.08333333333333393,2026-04-27T00:45:00Z,L4,90.41155372786339,ATR,1199,HYD-ISK-AMD-NMI-AMD,,2026-04-26T05:04:33Z,2026-04-26
2026-04-26,-64978:7,Yet to Report,2026-04-26T10:45:00Z,,64978,2026-04-26T11:45:00Z,2026-04-26T21:15:00Z,4,12,10.583333333333334,10.5,12.266666666666667,-0.2666666666666675,8,7.083333333333333,7.433333333333333,0.5666666666666673,,,2026-04-26T23:01:00Z,L4,77.97352106108491,Airbus,3909,DEL-HYD-🛧DEL-UDR-DEL,,2026-04-26T05:04:33Z,2026-04-26
2026-04-26,40204:6-85106:8,Yet to Report,2026-04-26T07:30:00Z,40204,85106,2026-04-26T08:30:00Z,2026-04-26T19:05:00Z,3,12.5,11.75,11.583333333333334,12.816666666666666,-0.31666666666666643,8,6.333333333333333,6.1499999999999995,1.8500000000000005,,,2026-04-26T20:19:00Z,L4,78.04318102365991,Airbus,4681,BLR-BOM-🛧BLR-AMD-BLR,,2026-04-26T05:34:29Z,2026-04-26
2026-04-26,20970:8-41630:9,Yet to Report,2026-04-26T13:35:00Z,20970,41630,2026-04-26T14:35:00Z,2026-04-26T22:50:00Z,4,12,9.416666666666666,9.25,10.483333333333333,1.5166666666666675,8,5.416666666666667,5.433333333333334,2.5666666666666664,-1,-0.4833333333333325,2026-04-27T00:04:00Z,L4,90.4115545208274,Airbus,3951,BLR-IXE-🛧BLR-VTZ-BLR,,2026-04-26T05:34:29Z,2026-04-26
2026-04-26,42538:6-64971:8,Yet to Report,2026-04-26T07:15:00Z,42538,64971,2026-04-26T08:15:00Z,2026-04-26T17:35:00Z,4,12,10.25,10.333333333333334,11,1,8,7.5,8.05,-0.05000000000000071,,,2026-04-26T18:15:00Z,L4,71.91739053150991,Airbus,3157,HYD-IXB-HYD-CJB-HYD,,2026-04-26T05:34:29Z,2026-04-26
2026-04-26,20418:6-78812:5,Yet to Report,2026-04-26T14:50:00Z,20418,78812,2026-04-26T15:35:00Z,2026-04-26T22:45:00Z,4,12,7.75,7.916666666666667,9.916666666666666,2.083333333333334,8,5.666666666666667,6.800000000000001,1.1999999999999993,-1,0.08333333333333393,2026-04-27T00:45:00Z,L4,90.41155372786339,ATR,1199,HYD-ISK-AMD-NMI-AMD,,2026-04-26T05:34:29Z,2026-04-26
2026-04-26,40204:6-85106:8,Yet to Report,2026-04-26T07:30:00Z,40204,85106,2026-04-26T08:30:00Z,2026-04-26T19:05:00Z,3,12.5,11.75,11.583333333333334,12.816666666666666,-0.31666666666666643,8,6.333333333333333,6.1499999999999995,1.8500000000000005,,,2026-04-26T20:19:00Z,L4,78.04318102365991,Airbus,4681,BLR-BOM-🛧BLR-AMD-BLR,,2026-04-26T05:48:06Z,2026-04-26
2026-04-26,20970:8-41630:9,Yet to Report,2026-04-26T13:35:00Z,20970,41630,2026-04-26T14:35:00Z,2026-04-26T22:50:00Z,4,12,9.416666666666666,9.25,10.483333333333333,1.5166666666666675,8,5.416666666666667,5.433333333333334,2.5666666666666664,-1,-0.4833333333333325,2026-04-27T00:04:00Z,L4,90.4115545208274,Airbus,3951,BLR-IXE-🛧BLR-VTZ-BLR,,2026-04-26T05:48:06Z,2026-04-26
2026-04-26,42538:6-64971:8,Yet to Report,2026-04-26T07:15:00Z,42538,64971,2026-04-26T08:15:00Z,2026-04-26T17:35:00Z,4,12,10.25,10.333333333333334,11,1,8,7.5,8.05,-0.05000000000000071,,,2026-04-26T18:15:00Z,L4,71.91739053150991,Airbus,3157,HYD-IXB-HYD-CJB-HYD,,2026-04-26T05:48:06Z,2026-04-26
2026-04-26,20418:6-78812:5,Yet to Report,2026-04-26T14:50:00Z,20418,78812,2026-04-26T15:35:00Z,2026-04-26T22:45:00Z,4,12,7.75,7.916666666666667,9.916666666666666,2.083333333333334,8,5.666666666666667,6.800000000000001,1.1999999999999993,-1,0.08333333333333393,2026-04-27T00:45:00Z,L4,90.41155372786339,ATR,1199,HYD-ISK-AMD-NMI-AMD,,2026-04-26T05:48:06Z,2026-04-26
2026-04-26,40204:6-85106:8,Yet to Report,2026-04-26T07:30:00Z,40204,85106,2026-04-26T08:30:00Z,2026-04-26T19:05:00Z,3,12.5,11.75,11.583333333333334,12.816666666666666,-0.31666666666666643,8,6.333333333333333,6.1499999999999995,1.8500000000000005,,,2026-04-26T20:19:00Z,L4,78.04318102365991,Airbus,4681,BLR-BOM-🛧BLR-AMD-BLR,,2026-04-26T06:05:41Z,2026-04-26
2026-04-26,20970:8-41630:9,Yet to Report,2026-04-26T13:35:00Z,20970,41630,2026-04-26T14:35:00Z,2026-04-26T22:50:00Z,4,12,9.416666666666666,9.25,10.483333333333333,1.5166666666666675,8,5.416666666666667,5.433333333333334,2.5666666666666664,-1,-0.4833333333333325,2026-04-27T00:04:00Z,L4,90.4115545208274,Airbus,3951,BLR-IXE-🛧BLR-VTZ-BLR,,2026-04-26T06:05:41Z,2026-04-26
2026-04-26,42538:6-64971:8,Yet to Report,2026-04-26T07:15:00Z,42538,64971,2026-04-26T08:15:00Z,2026-04-26T17:35:00Z,4,12,10.25,10.333333333333334,11,1,8,7.5,8.05,-0.05000000000000071,,,2026-04-26T18:15:00Z,L4,71.91739053150991,Airbus,3157,HYD-IXB-HYD-CJB-HYD,,2026-04-26T06:05:41Z,2026-04-26
2026-04-26,20418:6-78812:5,Yet to Report,2026-04-26T14:50:00Z,20418,78812,2026-04-26T15:35:00Z,2026-04-26T22:45:00Z,4,12,7.75,7.916666666666667,9.916666666666666,2.083333333333334,8,5.666666666666667,6.800000000000001,1.1999999999999993,-1,0.08333333333333393,2026-04-27T00:45:00Z,L4,90.41155372786339,ATR,1199,HYD-ISK-AMD-NMI-AMD,,2026-04-26T06:05:41Z,2026-04-26
2026-04-26,-59757:6,Yet to Report,2026-04-26T10:45:00Z,,59757,2026-04-26T11:45:00Z,2026-04-26T21:15:00Z,4,12,10.583333333333334,10.5,12.266666666666667,-0.2666666666666675,8,7.083333333333333,7.083333333333333,0.916666666666667,,,2026-04-26T23:01:00Z,L4,77.97352062638491,Airbus,3909,DEL-HYD-🛧DEL-UDR-DEL,,2026-04-26T06:05:41Z,2026-04-26
2026-04-26,7845:5-,Yet to Report,2026-04-26T05:20:00Z,7845,,2026-04-25T07:05:00Z,2026-04-25T12:05:00Z,2,13,-18.166666666666668,-17.25,13,0,9,3.6666666666666665,3.833333333333333,5.166666666666667,,,2026-04-26T18:20:00Z,L4,77.59625003248492,Airbus,NS926,CCU-RGN-CCU,,2026-04-25T07:48:46Z,2026-04-25
2026-04-26,42538:6-64971:8,Yet to Report,2026-04-26T07:15:00Z,42538,64971,2026-04-26T08:15:00Z,2026-04-26T17:30:00Z,4,12,10.25,10.25,11,1,8,7.5,8.083333333333334,-0.08333333333333393,,,2026-04-26T18:15:00Z,L4,71.96477628150991,Airbus,3157,HYD-IXB-HYD-CJB-HYD,,2026-04-25T07:48:46Z,2026-04-25
2026-04-26,20418:7-78812:5,Yet to Report,2026-04-26T14:50:00Z,20418,78812,2026-04-26T15:35:00Z,2026-04-26T22:35:00Z,4,12,7.75,7.75,9.766666666666666,2.2333333333333343,8,5.666666666666667,6.65,1.3499999999999996,-1,0.23333333333333428,2026-04-27T00:36:00Z,L4,90.41155351568032,ATR,1199,HYD-ISK-AMD-NMI-AMD,,2026-04-25T07:48:46Z,2026-04-25
2026-04-26,40204:6-85106:8,Yet to Report,2026-04-26T07:30:00Z,40204,85106,2026-04-26T08:30:00Z,2026-04-26T19:05:00Z,3,12.5,11.75,11.583333333333334,12.816666666666666,-0.31666666666666643,8,6.333333333333333,6.1499999999999995,1.8500000000000005,,,2026-04-26T20:19:00Z,L4,78.04318102365991,Airbus,4681,BLR-BOM-🛧BLR-AMD-BLR,,2026-04-26T06:18:05Z,2026-04-26
2026-04-26,20970:8-41630:9,Yet to Report,2026-04-26T13:35:00Z,20970,41630,2026-04-26T14:35:00Z,2026-04-26T22:50:00Z,4,12,9.416666666666666,9.25,10.483333333333333,1.5166666666666675,8,5.416666666666667,5.433333333333334,2.5666666666666664,-1,-0.4833333333333325,2026-04-27T00:04:00Z,L4,90.4115545208274,Airbus,3951,BLR-IXE-🛧BLR-VTZ-BLR,,2026-04-26T06:18:05Z,2026-04-26
2026-04-26,42538:6-64971:8,Yet to Report,2026-04-26T07:15:00Z,42538,64971,2026-04-26T08:15:00Z,2026-04-26T17:35:00Z,4,12,10.25,10.333333333333334,11,1,8,7.5,8.05,-0.05000000000000071,,,2026-04-26T18:15:00Z,L4,71.91739053150991,Airbus,3157,HYD-IXB-HYD-CJB-HYD,,2026-04-26T06:18:05Z,2026-04-26
2026-04-26,20418:6-78812:5,Yet to Report,2026-04-26T14:50:00Z,20418,78812,2026-04-26T15:35:00Z,2026-04-26T22:45:00Z,4,12,7.75,7.916666666666667,9.916666666666666,2.083333333333334,8,5.666666666666667,6.800000000000001,1.1999999999999993,-1,0.08333333333333393,2026-04-27T00:45:00Z,L4,90.41155372786339,ATR,1199,HYD-ISK-AMD-NMI-AMD,,2026-04-26T06:18:05Z,2026-04-26
2026-04-26,-59757:6,Yet to Report,2026-04-26T10:45:00Z,,59757,2026-04-26T11:45:00Z,2026-04-26T21:15:00Z,4,12,10.583333333333334,10.5,12.266666666666667,-0.2666666666666675,8,7.083333333333333,7.433333333333333,0.5666666666666673,,,2026-04-26T23:01:00Z,L4,77.97352106108491,Airbus,3909,DEL-HYD-🛧DEL-UDR-DEL,,2026-04-26T06:18:05Z,2026-04-26
2026-04-26,40204:6-85106:8,Yet to Report,2026-04-26T07:30:00Z,40204,85106,2026-04-26T08:30:00Z,2026-04-26T19:05:00Z,3,12.5,11.75,11.583333333333334,12.816666666666666,-0.31666666666666643,8,6.333333333333333,6.1499999999999995,1.8500000000000005,,,2026-04-26T20:19:00Z,L4,78.04318102365991,Airbus,4681,BLR-BOM-🛧BLR-AMD-BLR,,2026-04-26T06:34:43Z,2026-04-26
2026-04-26,20970:8-41630:9,Yet to Report,2026-04-26T13:35:00Z,20970,41630,2026-04-26T14:35:00Z,2026-04-26T22:50:00Z,4,12,9.416666666666666,9.25,10.483333333333333,1.5166666666666675,8,5.416666666666667,5.433333333333334,2.5666666666666664,-1,-0.4833333333333325,2026-04-27T00:04:00Z,L4,90.4115545208274,Airbus,3951,BLR-IXE-🛧BLR-VTZ-BLR,,2026-04-26T06:34:43Z,2026-04-26
2026-04-26,42538:6-64971:8,Yet to Report,2026-04-26T07:15:00Z,42538,64971,2026-04-26T08:15:00Z,2026-04-26T17:35:00Z,4,12,10.25,10.333333333333334,11,1,8,7.5,8.05,-0.05000000000000071,,,2026-04-26T18:15:00Z,L4,71.91739053150991,Airbus,3157,HYD-IXB-HYD-CJB-HYD,,2026-04-26T06:34:43Z,2026-04-26
2026-04-26,20418:6-78812:5,Yet to Report,2026-04-26T14:50:00Z,20418,78812,2026-04-26T15:35:00Z,2026-04-26T22:45:00Z,4,12,7.75,7.916666666666667,9.916666666666666,2.083333333333334,8,5.666666666666667,6.800000000000001,1.1999999999999993,-1,0.08333333333333393,2026-04-27T00:45:00Z,L4,90.41155372786339,ATR,1199,HYD-ISK-AMD-NMI-AMD,,2026-04-26T06:34:43Z,2026-04-26
2026-04-26,-59757:6,Yet to Report,2026-04-26T10:45:00Z,,59757,2026-04-26T11:45:00Z,2026-04-26T21:15:00Z,4,12,10.583333333333334,10.5,12.266666666666667,-0.2666666666666675,8,7.083333333333333,7.433333333333333,0.5666666666666673,,,2026-04-26T23:01:00Z,L4,77.97352106108491,Airbus,3909,DEL-HYD-🛧DEL-UDR-DEL,,2026-04-26T06:34:43Z,2026-04-26
2026-04-26,7845:5-,Yet to Report,2026-04-26T05:20:00Z,7845,,2026-04-25T07:05:00Z,2026-04-25T12:05:00Z,2,13,-18.166666666666668,-17.25,13,0,9,3.6666666666666665,3.833333333333333,5.166666666666667,,,2026-04-26T18:20:00Z,L4,77.59625003248492,Airbus,NS926,CCU-RGN-CCU,,2026-04-25T08:05:31Z,2026-04-25
2026-04-26,20418:7-78812:5,Yet to Report,2026-04-26T14:50:00Z,20418,78812,2026-04-26T15:35:00Z,2026-04-26T22:35:00Z,4,12,7.75,7.75,9.766666666666666,2.2333333333333343,8,5.666666666666667,6.65,1.3499999999999996,-1,0.23333333333333428,2026-04-27T00:36:00Z,L4,90.41155351568032,ATR,1199,HYD-ISK-AMD-NMI-AMD,,2026-04-25T08:05:31Z,2026-04-25
2026-04-26,42538:6-64971:8,Yet to Report,2026-04-26T07:15:00Z,42538,64971,2026-04-26T08:15:00Z,2026-04-26T17:30:00Z,4,12,10.25,10.25,11,1,8,7.5,8.083333333333334,-0.08333333333333393,,,2026-04-26T18:15:00Z,L4,71.96477628150991,Airbus,3157,HYD-IXB-HYD-CJB-HYD,,2026-04-25T08:05:31Z,2026-04-25
2026-04-26,42538:6-64971:8,Yet to Report,2026-04-26T07:15:00Z,42538,64971,2026-04-26T08:15:00Z,2026-04-26T17:35:00Z,4,12,10.25,10.333333333333334,11,1,8,7.5,8.05,-0.05000000000000071,,,2026-04-26T18:15:00Z,L4,71.91739053150991,Airbus,3157,HYD-IXB-HYD-CJB-HYD,,2026-04-26T06:48:28Z,2026-04-26
2026-04-26,40204:6-85106:8,Yet to Report,2026-04-26T07:30:00Z,40204,85106,2026-04-26T08:30:00Z,2026-04-26T19:05:00Z,3,12.5,11.75,11.583333333333334,12.816666666666666,-0.31666666666666643,8,6.333333333333333,6.1499999999999995,1.8500000000000005,,,2026-04-26T20:19:00Z,L4,78.04318102365991,Airbus,4681,BLR-BOM-🛧BLR-AMD-BLR,,2026-04-26T06:48:28Z,2026-04-26
2026-04-26,20970:8-41630:9,Yet to Report,2026-04-26T13:35:00Z,20970,41630,2026-04-26T14:35:00Z,2026-04-26T22:50:00Z,4,12,9.416666666666666,9.25,10.483333333333333,1.5166666666666675,8,5.416666666666667,5.433333333333334,2.5666666666666664,-1,-0.4833333333333325,2026-04-27T00:04:00Z,L4,90.4115545208274,Airbus,3951,BLR-IXE-🛧BLR-VTZ-BLR,,2026-04-26T06:48:28Z,2026-04-26
2026-04-26,20418:6-78812:5,Yet to Report,2026-04-26T14:50:00Z,20418,78812,2026-04-26T15:35:00Z,2026-04-26T22:45:00Z,4,12,7.75,7.916666666666667,9.916666666666666,2.083333333333334,8,5.666666666666667,6.800000000000001,1.1999999999999993,-1,0.08333333333333393,2026-04-27T00:45:00Z,L4,90.41155372786339,ATR,1199,HYD-ISK-AMD-NMI-AMD,,2026-04-26T06:48:28Z,2026-04-26
2026-04-26,-59757:6,Yet to Report,2026-04-26T10:45:00Z,,59757,2026-04-26T11:45:00Z,2026-04-26T21:15:00Z,4,12,10.583333333333334,10.5,12.266666666666667,-0.2666666666666675,8,7.083333333333333,7.433333333333333,0.5666666666666673,,,2026-04-26T23:01:00Z,L4,77.97352106108491,Airbus,3909,DEL-HYD-🛧DEL-UDR-DEL,,2026-04-26T06:48:28Z,2026-04-26
2026-04-26,40204:6-85106:8,Yet to Report,2026-04-26T07:30:00Z,40204,85106,2026-04-26T08:30:00Z,2026-04-26T19:05:00Z,3,12.5,11.75,11.583333333333334,12.816666666666666,-0.31666666666666643,8,6.333333333333333,6.1499999999999995,1.8500000000000005,,,2026-04-26T20:19:00Z,L4,78.04318102365991,Airbus,4681,BLR-BOM-🛧BLR-AMD-BLR,,2026-04-26T07:04:09Z,2026-04-26
2026-04-26,20970:8-41630:9,Yet to Report,2026-04-26T13:35:00Z,20970,41630,2026-04-26T14:35:00Z,2026-04-26T22:50:00Z,4,12,9.416666666666666,9.25,10.483333333333333,1.5166666666666675,8,5.416666666666667,5.433333333333334,2.5666666666666664,-1,-0.4833333333333325,2026-04-27T00:04:00Z,L4,90.4115545208274,Airbus,3951,BLR-IXE-🛧BLR-VTZ-BLR,,2026-04-26T07:04:09Z,2026-04-26
2026-04-26,20418:6-78812:5,Yet to Report,2026-04-26T14:50:00Z,20418,78812,2026-04-26T15:35:00Z,2026-04-26T22:45:00Z,4,12,7.75,7.916666666666667,9.916666666666666,2.083333333333334,8,5.666666666666667,6.800000000000001,1.1999999999999993,-1,0.08333333333333393,2026-04-27T00:45:00Z,L4,90.41155372786339,ATR,1199,HYD-ISK-AMD-NMI-AMD,,2026-04-26T07:04:09Z,2026-04-26
2026-04-26,-59757:6,Yet to Report,2026-04-26T10:45:00Z,,59757,2026-04-26T11:45:00Z,2026-04-26T21:15:00Z,4,12,10.583333333333334,10.5,12.266666666666667,-0.2666666666666675,8,7.083333333333333,7.433333333333333,0.5666666666666673,,,2026-04-26T23:01:00Z,L4,77.97352106108491,Airbus,3909,DEL-HYD-🛧DEL-UDR-DEL,,2026-04-26T07:04:09Z,2026-04-26
2026-04-26,40204:6-85106:8,Yet to Report,2026-04-26T07:30:00Z,40204,85106,2026-04-26T08:30:00Z,2026-04-26T19:05:00Z,3,12.5,11.75,11.583333333333334,12.816666666666666,-0.31666666666666643,8,6.333333333333333,6.1499999999999995,1.8500000000000005,,,2026-04-26T20:19:00Z,L4,78.04318102365991,Airbus,4681,BLR-BOM-🛧BLR-AMD-BLR,,2026-04-26T07:17:59Z,2026-04-26
2026-04-26,20970:8-41630:9,Yet to Report,2026-04-26T13:35:00Z,20970,41630,2026-04-26T14:35:00Z,2026-04-26T22:50:00Z,4,12,9.416666666666666,9.25,10.483333333333333,1.5166666666666675,8,5.416666666666667,5.433333333333334,2.5666666666666664,-1,-0.4833333333333325,2026-04-27T00:04:00Z,L4,90.4115545208274,Airbus,3951,BLR-IXE-🛧BLR-VTZ-BLR,,2026-04-26T07:17:59Z,2026-04-26
2026-04-26,20418:6-78812:5,Yet to Report,2026-04-26T14:50:00Z,20418,78812,2026-04-26T15:35:00Z,2026-04-26T22:45:00Z,4,12,7.75,7.916666666666667,9.916666666666666,2.083333333333334,8,5.666666666666667,6.800000000000001,1.1999999999999993,-1,0.08333333333333393,2026-04-27T00:45:00Z,L4,90.41155372786339,ATR,1199,HYD-ISK-AMD-NMI-AMD,,2026-04-26T07:17:59Z,2026-04-26
2026-04-26,-59757:6,Yet to Report,2026-04-26T10:45:00Z,,59757,2026-04-26T11:45:00Z,2026-04-26T21:15:00Z,4,12,10.583333333333334,10.5,12.266666666666667,-0.2666666666666675,8,7.083333333333333,7.433333333333333,0.5666666666666673,,,2026-04-26T23:01:00Z,L4,77.97352106108491,Airbus,3909,DEL-HYD-🛧DEL-UDR-DEL,,2026-04-26T07:17:59Z,2026-04-26
2026-04-26,7845:5-,Yet to Report,2026-04-26T05:20:00Z,7845,,2026-04-25T07:05:00Z,2026-04-25T12:05:00Z,2,13,-18.166666666666668,-17.25,13,0,9,3.6666666666666665,3.8666666666666667,5.133333333333333,,,2026-04-26T18:20:00Z,L4,77.59625003363492,Airbus,NS926,CCU-RGN-CCU,,2026-04-25T08:17:57Z,2026-04-25
2026-04-26,20418:7-78812:5,Yet to Report,2026-04-26T14:50:00Z,20418,78812,2026-04-26T15:35:00Z,2026-04-26T22:35:00Z,4,12,7.75,7.75,9.766666666666666,2.2333333333333343,8,5.666666666666667,6.65,1.3499999999999996,-1,0.23333333333333428,2026-04-27T00:36:00Z,L4,90.41155351568032,ATR,1199,HYD-ISK-AMD-NMI-AMD,,2026-04-25T08:17:57Z,2026-04-25
2026-04-26,42538:6-64971:8,Yet to Report,2026-04-26T07:15:00Z,42538,64971,2026-04-26T08:15:00Z,2026-04-26T17:30:00Z,4,12,10.25,10.25,11,1,8,7.5,8.083333333333334,-0.08333333333333393,,,2026-04-26T18:15:00Z,L4,71.96477628150991,Airbus,3157,HYD-IXB-HYD-CJB-HYD,,2026-04-25T08:17:57Z,2026-04-25
2026-04-26,7845:5-,Yet to Report,2026-04-26T05:20:00Z,7845,,2026-04-25T07:05:00Z,2026-04-25T12:05:00Z,2,13,-18.166666666666668,-17.25,13,0,9,3.6666666666666665,3.8666666666666667,5.133333333333333,,,2026-04-26T18:20:00Z,L4,77.59625003363492,Airbus,NS926,CCU-RGN-CCU,,2026-04-25T08:34:50Z,2026-04-25
2026-04-26,42538:6-64971:8,Yet to Report,2026-04-26T07:15:00Z,42538,64971,2026-04-26T08:15:00Z,2026-04-26T17:30:00Z,4,12,10.25,10.25,11,1,8,7.5,8.083333333333334,-0.08333333333333393,,,2026-04-26T18:15:00Z,L4,71.96477628150991,Airbus,3157,HYD-IXB-HYD-CJB-HYD,,2026-04-25T08:34:50Z,2026-04-25
2026-04-26,20418:7-78812:5,Yet to Report,2026-04-26T14:50:00Z,20418,78812,2026-04-26T15:35:00Z,2026-04-26T22:35:00Z,4,12,7.75,7.75,9.766666666666666,2.2333333333333343,8,5.666666666666667,6.65,1.3499999999999996,-1,0.23333333333333428,2026-04-27T00:36:00Z,L4,90.41155351568032,ATR,1199,HYD-ISK-AMD-NMI-AMD,,2026-04-25T08:34:50Z,2026-04-25
2026-04-26,40204:6-85106:8,Yet to Report,2026-04-26T07:30:00Z,40204,85106,2026-04-26T08:30:00Z,2026-04-26T19:05:00Z,3,12.5,11.75,11.583333333333334,12.816666666666666,-0.31666666666666643,8,6.333333333333333,6.1499999999999995,1.8500000000000005,,,2026-04-26T20:19:00Z,L4,78.04318102365991,Airbus,4681,BLR-BOM-🛧BLR-AMD-BLR,,2026-04-26T07:34:08Z,2026-04-26
2026-04-26,20970:8-41630:9,Yet to Report,2026-04-26T13:35:00Z,20970,41630,2026-04-26T14:35:00Z,2026-04-26T22:50:00Z,4,12,9.416666666666666,9.25,10.483333333333333,1.5166666666666675,8,5.416666666666667,5.433333333333334,2.5666666666666664,-1,-0.4833333333333325,2026-04-27T00:04:00Z,L4,90.4115545208274,Airbus,3951,BLR-IXE-🛧BLR-VTZ-BLR,,2026-04-26T07:34:08Z,2026-04-26
2026-04-26,20418:6-78812:5,Yet to Report,2026-04-26T14:50:00Z,20418,78812,2026-04-26T15:35:00Z,2026-04-26T22:45:00Z,4,12,7.75,7.916666666666667,9.916666666666666,2.083333333333334,8,5.666666666666667,6.800000000000001,1.1999999999999993,-1,0.08333333333333393,2026-04-27T00:45:00Z,L4,90.41155372786339,ATR,1199,HYD-ISK-AMD-NMI-AMD,,2026-04-26T07:34:08Z,2026-04-26
2026-04-26,-59757:6,Yet to Report,2026-04-26T10:45:00Z,,59757,2026-04-26T11:45:00Z,2026-04-26T21:15:00Z,4,12,10.583333333333334,10.5,12.266666666666667,-0.2666666666666675,8,7.083333333333333,7.433333333333333,0.5666666666666673,,,2026-04-26T23:01:00Z,L4,77.97352106108491,Airbus,3909,DEL-HYD-🛧DEL-UDR-DEL,,2026-04-26T07:34:08Z,2026-04-26
2026-04-26,7845:5-,Yet to Report,2026-04-26T05:20:00Z,7845,,2026-04-25T07:05:00Z,2026-04-25T12:05:00Z,2,13,-18.166666666666668,-17.25,13,0,9,3.6666666666666665,3.8666666666666667,5.133333333333333,,,2026-04-26T18:20:00Z,L4,77.59625003363492,Airbus,NS926,CCU-RGN-CCU,,2026-04-25T08:47:51Z,2026-04-25
2026-04-26,42538:6-64971:8,Yet to Report,2026-04-26T07:15:00Z,42538,64971,2026-04-26T08:15:00Z,2026-04-26T17:30:00Z,4,12,10.25,10.25,11,1,8,7.5,8.083333333333334,-0.08333333333333393,,,2026-04-26T18:15:00Z,L4,71.96477628150991,Airbus,3157,HYD-IXB-HYD-CJB-HYD,,2026-04-25T08:47:51Z,2026-04-25
2026-04-26,20418:7-78812:5,Yet to Report,2026-04-26T14:50:00Z,20418,78812,2026-04-26T15:35:00Z,2026-04-26T22:35:00Z,4,12,7.75,7.75,9.766666666666666,2.2333333333333343,8,5.666666666666667,6.65,1.3499999999999996,-1,0.23333333333333428,2026-04-27T00:36:00Z,L4,90.41155351568032,ATR,1199,HYD-ISK-AMD-NMI-AMD,,2026-04-25T08:47:51Z,2026-04-25
2026-04-26,7845:5-,Yet to Report,2026-04-26T05:20:00Z,7845,,2026-04-25T07:05:00Z,2026-04-25T12:05:00Z,2,13,-18.166666666666668,-17.25,13,0,9,3.6666666666666665,3.8666666666666667,5.133333333333333,,,2026-04-26T18:20:00Z,L4,77.59625003363492,Airbus,NS926,CCU-RGN-CCU,,2026-04-25T09:04:40Z,2026-04-25
2026-04-26,42538:6-64971:8,Yet to Report,2026-04-26T07:15:00Z,42538,64971,2026-04-26T08:15:00Z,2026-04-26T17:30:00Z,4,12,10.25,10.25,11,1,8,7.5,8.083333333333334,-0.08333333333333393,,,2026-04-26T18:15:00Z,L4,71.96477628150991,Airbus,3157,HYD-IXB-HYD-CJB-HYD,,2026-04-25T09:04:40Z,2026-04-25
2026-04-26,20418:7-78812:5,Yet to Report,2026-04-26T14:50:00Z,20418,78812,2026-04-26T15:35:00Z,2026-04-26T22:35:00Z,4,12,7.75,7.75,9.766666666666666,2.2333333333333343,8,5.666666666666667,6.65,1.3499999999999996,-1,0.23333333333333428,2026-04-27T00:36:00Z,L4,90.41155351568032,ATR,1199,HYD-ISK-AMD-NMI-AMD,,2026-04-25T09:04:40Z,2026-04-25
2026-04-26,40204:6-85106:8,Reported,2026-04-26T07:30:00Z,40204,85106,2026-04-26T08:30:00Z,2026-04-26T19:05:00Z,3,12.5,11.75,11.583333333333334,12.816666666666666,-0.31666666666666643,8,6.333333333333333,6.1499999999999995,1.8500000000000005,,,2026-04-26T20:19:00Z,L4,78.04318102365991,Airbus,4681,BLR-BOM-🛧BLR-AMD-BLR,,2026-04-26T07:48:04Z,2026-04-26
2026-04-26,20970:8-41630:9,Yet to Report,2026-04-26T13:35:00Z,20970,41630,2026-04-26T14:35:00Z,2026-04-26T22:50:00Z,4,12,9.416666666666666,9.25,10.483333333333333,1.5166666666666675,8,5.416666666666667,5.433333333333334,2.5666666666666664,-1,-0.4833333333333325,2026-04-27T00:04:00Z,L4,90.4115545208274,Airbus,3951,BLR-IXE-🛧BLR-VTZ-BLR,,2026-04-26T07:48:04Z,2026-04-26
2026-04-26,20418:6-78812:5,Yet to Report,2026-04-26T14:50:00Z,20418,78812,2026-04-26T15:35:00Z,2026-04-26T22:45:00Z,4,12,7.75,7.916666666666667,9.916666666666666,2.083333333333334,8,5.666666666666667,6.800000000000001,1.1999999999999993,-1,0.08333333333333393,2026-04-27T00:45:00Z,L4,90.41155372786339,ATR,1199,HYD-ISK-AMD-NMI-AMD,,2026-04-26T07:48:04Z,2026-04-26
2026-04-26,-59757:6,Yet to Report,2026-04-26T10:45:00Z,,59757,2026-04-26T11:45:00Z,2026-04-26T21:15:00Z,4,12,10.583333333333334,10.5,12.266666666666667,-0.2666666666666675,8,7.083333333333333,7.433333333333333,0.5666666666666673,,,2026-04-26T23:01:00Z,L4,77.97352106108491,Airbus,3909,DEL-HYD-🛧DEL-UDR-DEL,,2026-04-26T07:48:04Z,2026-04-26
2026-04-26,40204:6-85106:8,Reported,2026-04-26T07:30:00Z,40204,85106,2026-04-26T08:30:00Z,2026-04-26T19:05:00Z,3,12.5,11.75,11.583333333333334,12.816666666666666,-0.31666666666666643,8,6.333333333333333,6.1499999999999995,1.8500000000000005,,,2026-04-26T20:19:00Z,L4,78.04318102365991,Airbus,4681,BLR-BOM-🛧BLR-AMD-BLR,,2026-04-26T08:06:48Z,2026-04-26
2026-04-26,20970:8-41630:9,Yet to Report,2026-04-26T13:35:00Z,20970,41630,2026-04-26T14:35:00Z,2026-04-26T22:50:00Z,4,12,9.416666666666666,9.25,10.483333333333333,1.5166666666666675,8,5.416666666666667,5.433333333333334,2.5666666666666664,-1,-0.4833333333333325,2026-04-27T00:04:00Z,L4,90.4115545208274,Airbus,3951,BLR-IXE-🛧BLR-VTZ-BLR,,2026-04-26T08:06:48Z,2026-04-26
2026-04-26,20418:6-78812:5,Yet to Report,2026-04-26T14:50:00Z,20418,78812,2026-04-26T15:35:00Z,2026-04-26T22:45:00Z,4,12,7.75,7.916666666666667,9.916666666666666,2.083333333333334,8,5.666666666666667,6.800000000000001,1.1999999999999993,-1,0.08333333333333393,2026-04-27T00:45:00Z,L4,90.41155372786339,ATR,1199,HYD-ISK-AMD-NMI-AMD,,2026-04-26T08:06:48Z,2026-04-26
2026-04-26,-59757:6,Yet to Report,2026-04-26T10:45:00Z,,59757,2026-04-26T11:45:00Z,2026-04-26T21:15:00Z,4,12,10.583333333333334,10.5,12.266666666666667,-0.2666666666666675,8,7.083333333333333,7.433333333333333,0.5666666666666673,,,2026-04-26T23:01:00Z,L4,77.97352106108491,Airbus,3909,DEL-HYD-🛧DEL-UDR-DEL,,2026-04-26T08:06:48Z,2026-04-26
2026-04-26,7845:5-,Yet to Report,2026-04-26T05:20:00Z,7845,,2026-04-25T07:05:00Z,2026-04-25T12:05:00Z,2,13,-18.166666666666668,-17.25,13,0,9,3.6666666666666665,3.8666666666666667,5.133333333333333,,,2026-04-26T18:20:00Z,L4,77.59625003363492,Airbus,NS926,CCU-RGN-CCU,,2026-04-25T09:18:04Z,2026-04-25
2026-04-26,42538:6-64971:8,Yet to Report,2026-04-26T07:15:00Z,42538,64971,2026-04-26T08:15:00Z,2026-04-26T17:30:00Z,4,12,10.25,10.25,11,1,8,7.5,8.083333333333334,-0.08333333333333393,,,2026-04-26T18:15:00Z,L4,71.96477628150991,Airbus,3157,HYD-IXB-HYD-CJB-HYD,,2026-04-25T09:18:04Z,2026-04-25
2026-04-26,20418:7-78812:5,Yet to Report,2026-04-26T14:50:00Z,20418,78812,2026-04-26T15:35:00Z,2026-04-26T22:35:00Z,4,12,7.75,7.75,9.766666666666666,2.2333333333333343,8,5.666666666666667,6.65,1.3499999999999996,-1,0.23333333333333428,2026-04-27T00:36:00Z,L4,90.41155351568032,ATR,1199,HYD-ISK-AMD-NMI-AMD,,2026-04-25T09:18:04Z,2026-04-25
2026-04-26,7845:5-,Yet to Report,2026-04-26T05:20:00Z,7845,,2026-04-25T07:05:00Z,2026-04-25T12:05:00Z,2,13,-18.166666666666668,-17.25,13,0,9,3.6666666666666665,3.8666666666666667,5.133333333333333,,,2026-04-26T18:20:00Z,L4,77.59625003363492,Airbus,NS926,CCU-RGN-CCU,,2026-04-25T09:34:46Z,2026-04-25
2026-04-26,42538:6-64971:8,Yet to Report,2026-04-26T07:15:00Z,42538,64971,2026-04-26T08:15:00Z,2026-04-26T17:30:00Z,4,12,10.25,10.25,11,1,8,7.5,8.083333333333334,-0.08333333333333393,,,2026-04-26T18:15:00Z,L4,71.96477628150991,Airbus,3157,HYD-IXB-HYD-CJB-HYD,,2026-04-25T09:34:46Z,2026-04-25
2026-04-26,20418:7-78812:5,Yet to Report,2026-04-26T14:50:00Z,20418,78812,2026-04-26T15:35:00Z,2026-04-26T22:35:00Z,4,12,7.75,7.75,9.766666666666666,2.2333333333333343,8,5.666666666666667,6.65,1.3499999999999996,-1,0.23333333333333428,2026-04-27T00:36:00Z,L4,90.41155351568032,ATR,1199,HYD-ISK-AMD-NMI-AMD,,2026-04-25T09:34:46Z,2026-04-25
2026-04-26,20418:6-78812:5,Yet to Report,2026-04-26T14:50:00Z,20418,78812,2026-04-26T15:35:00Z,2026-04-26T22:45:00Z,4,12,7.75,7.916666666666667,9.916666666666666,2.083333333333334,8,5.666666666666667,6.800000000000001,1.1999999999999993,-1,0.08333333333333393,2026-04-27T00:45:00Z,L4,90.41155372786339,ATR,1199,HYD-ISK-AMD-NMI-AMD,,2026-04-26T08:19:03Z,2026-04-26
2026-04-26,40204:6-85106:8,Reported,2026-04-26T07:30:00Z,40204,85106,2026-04-26T08:30:00Z,2026-04-26T19:05:00Z,3,12.5,11.75,11.583333333333334,12.816666666666666,-0.31666666666666643,8,6.333333333333333,6.1499999999999995,1.8500000000000005,,,2026-04-26T20:19:00Z,L4,78.04318102365991,Airbus,4681,BLR-BOM-🛧BLR-AMD-BLR,,2026-04-26T08:19:03Z,2026-04-26
2026-04-26,20970:8-41630:9,Yet to Report,2026-04-26T13:35:00Z,20970,41630,2026-04-26T14:35:00Z,2026-04-26T22:50:00Z,4,12,9.416666666666666,9.25,10.483333333333333,1.5166666666666675,8,5.416666666666667,5.433333333333334,2.5666666666666664,-1,-0.4833333333333325,2026-04-27T00:04:00Z,L4,90.4115545208274,Airbus,3951,BLR-IXE-🛧BLR-VTZ-BLR,,2026-04-26T08:19:03Z,2026-04-26
2026-04-26,-59757:6,Yet to Report,2026-04-26T10:45:00Z,,59757,2026-04-26T11:45:00Z,2026-04-26T21:15:00Z,4,12,10.583333333333334,10.5,12.266666666666667,-0.2666666666666675,8,7.083333333333333,7.433333333333333,0.5666666666666673,,,2026-04-26T23:01:00Z,L4,77.97352106108491,Airbus,3909,DEL-HYD-🛧DEL-UDR-DEL,,2026-04-26T08:19:03Z,2026-04-26
2026-04-26,40204:6-85106:8,Reported,2026-04-26T07:30:00Z,40204,85106,2026-04-26T08:30:00Z,2026-04-26T19:05:00Z,3,12.5,11.75,11.583333333333334,12.816666666666666,-0.31666666666666643,8,6.333333333333333,6.1499999999999995,1.8500000000000005,,,2026-04-26T20:19:00Z,L4,78.04318102365991,Airbus,4681,BLR-BOM-🛧BLR-AMD-BLR,,2026-04-26T08:34:37Z,2026-04-26
2026-04-26,20970:8-41630:9,Yet to Report,2026-04-26T13:35:00Z,20970,41630,2026-04-26T14:35:00Z,2026-04-26T22:50:00Z,4,12,9.416666666666666,9.25,10.483333333333333,1.5166666666666675,8,5.416666666666667,5.433333333333334,2.5666666666666664,-1,-0.4833333333333325,2026-04-27T00:04:00Z,L4,90.4115545208274,Airbus,3951,BLR-IXE-🛧BLR-VTZ-BLR,,2026-04-26T08:34:37Z,2026-04-26
2026-04-26,20418:6-78812:5,Yet to Report,2026-04-26T14:50:00Z,20418,78812,2026-04-26T15:35:00Z,2026-04-26T22:45:00Z,4,12,7.75,7.916666666666667,9.916666666666666,2.083333333333334,8,5.666666666666667,6.800000000000001,1.1999999999999993,-1,0.08333333333333393,2026-04-27T00:45:00Z,L4,90.41155372786339,ATR,1199,HYD-ISK-AMD-NMI-AMD,,2026-04-26T08:34:37Z,2026-04-26
2026-04-26,-59757:6,Yet to Report,2026-04-26T10:45:00Z,,59757,2026-04-26T11:45:00Z,2026-04-26T21:15:00Z,4,12,10.583333333333334,10.5,12.266666666666667,-0.2666666666666675,8,7.083333333333333,7.433333333333333,0.5666666666666673,,,2026-04-26T23:01:00Z,L4,77.97352106108491,Airbus,3909,DEL-HYD-🛧DEL-UDR-DEL,,2026-04-26T08:34:37Z,2026-04-26
2026-04-26,7845:5-,Yet to Report,2026-04-26T05:20:00Z,7845,,2026-04-25T07:05:00Z,2026-04-25T12:05:00Z,2,13,-18.166666666666668,-17.25,13,0,9,3.6666666666666665,4.05,4.95,,,2026-04-26T18:20:00Z,L4,77.59625004053491,Airbus,NS926,CCU-RGN-CCU,,2026-04-25T09:47:56Z,2026-04-25
2026-04-26,42538:6-64971:8,Yet to Report,2026-04-26T07:15:00Z,42538,64971,2026-04-26T08:15:00Z,2026-04-26T17:30:00Z,4,12,10.25,10.25,10.983333333333333,1.0166666666666675,8,7.5,8.083333333333334,-0.08333333333333393,,,2026-04-26T18:14:00Z,L4,71.96477626253491,Airbus,3157,HYD-IXB-HYD-CJB-HYD,,2026-04-25T09:47:56Z,2026-04-25
2026-04-26,20418:7-78812:5,Yet to Report,2026-04-26T14:50:00Z,20418,78812,2026-04-26T15:35:00Z,2026-04-26T22:35:00Z,4,12,7.75,7.75,9.766666666666666,2.2333333333333343,8,5.666666666666667,6.65,1.3499999999999996,-1,0.23333333333333428,2026-04-27T00:36:00Z,L4,90.41155351568032,ATR,1199,HYD-ISK-AMD-NMI-AMD,,2026-04-25T09:47:56Z,2026-04-25
2026-04-26,20418:6-78812:5,Yet to Report,2026-04-26T14:50:00Z,20418,78812,2026-04-26T15:35:00Z,2026-04-26T22:45:00Z,4,12,7.75,7.916666666666667,9.916666666666666,2.083333333333334,8,5.666666666666667,6.800000000000001,1.1999999999999993,-1,0.08333333333333393,2026-04-27T00:45:00Z,L4,90.41155372786339,ATR,1199,HYD-ISK-AMD-NMI-AMD,,2026-04-26T08:48:27Z,2026-04-26
2026-04-26,20970:8-41630:9,Yet to Report,2026-04-26T13:35:00Z,20970,41630,2026-04-26T14:35:00Z,2026-04-26T22:50:00Z,4,12,9.416666666666666,9.25,10.483333333333333,1.5166666666666675,8,5.416666666666667,5.433333333333334,2.5666666666666664,-1,-0.4833333333333325,2026-04-27T00:04:00Z,L4,90.4115545208274,Airbus,3951,BLR-IXE-🛧BLR-VTZ-BLR,,2026-04-26T08:48:27Z,2026-04-26
2026-04-26,40204:6-85106:8,Reported,2026-04-26T07:30:00Z,40204,85106,2026-04-26T08:30:00Z,2026-04-26T19:05:00Z,3,12.5,11.75,11.583333333333334,12.783333333333333,-0.2833333333333332,8,6.333333333333333,6.1499999999999995,1.8500000000000005,,,2026-04-26T20:17:00Z,L4,77.99679577365991,Airbus,4681,BLR-BOM-🛧BLR-AMD-BLR,,2026-04-26T08:48:27Z,2026-04-26
2026-04-26,-67016:7,Reported,2026-04-26T07:15:00Z,,67016,2026-04-26T08:15:00Z,2026-04-26T19:15:00Z,3,12.5,12,12,12.55,-0.05000000000000071,8,6.75,6.716666666666667,1.2833333333333332,,,2026-04-26T19:48:00Z,L4,77.66739023538491,Airbus,3825,HYD-CCU-HYD-CCU-HYD,,2026-04-26T08:48:27Z,2026-04-26
2026-04-26,-59757:6,Yet to Report,2026-04-26T10:45:00Z,,59757,2026-04-26T11:45:00Z,2026-04-26T21:15:00Z,4,12,10.583333333333334,10.5,12.266666666666667,-0.2666666666666675,8,7.083333333333333,7.433333333333333,0.5666666666666673,,,2026-04-26T23:01:00Z,L4,77.97352106108491,Airbus,3909,DEL-HYD-🛧DEL-UDR-DEL,,2026-04-26T08:48:27Z,2026-04-26
2026-04-26,7845:5-,Yet to Report,2026-04-26T05:20:00Z,7845,,2026-04-25T07:05:00Z,2026-04-25T12:05:00Z,2,13,-18.166666666666668,-17.25,13,0,9,3.6666666666666665,4.1,4.9,,,2026-04-26T18:20:00Z,L4,77.59625004225991,Airbus,NS926,CCU-RGN-CCU,,2026-04-25T10:08:37Z,2026-04-25
2026-04-26,42538:6-64971:8,Yet to Report,2026-04-26T07:15:00Z,42538,64971,2026-04-26T08:15:00Z,2026-04-26T17:30:00Z,4,12,10.25,10.25,10.983333333333333,1.0166666666666675,8,7.5,8.083333333333334,-0.08333333333333393,,,2026-04-26T18:14:00Z,L4,71.96477626253491,Airbus,3157,HYD-IXB-HYD-CJB-HYD,,2026-04-25T10:08:37Z,2026-04-25
2026-04-26,20418:7-78812:5,Yet to Report,2026-04-26T14:50:00Z,20418,78812,2026-04-26T15:35:00Z,2026-04-26T22:35:00Z,4,12,7.75,7.75,9.766666666666666,2.2333333333333343,8,5.666666666666667,6.65,1.3499999999999996,-1,0.23333333333333428,2026-04-27T00:36:00Z,L4,90.41155351568032,ATR,1199,HYD-ISK-AMD-NMI-AMD,,2026-04-25T10:08:37Z,2026-04-25
2026-04-26,40204:6-85106:8,Reported,2026-04-26T07:30:00Z,40204,85106,2026-04-26T08:30:00Z,2026-04-26T19:05:00Z,3,12.5,11.75,11.583333333333334,12.883333333333333,-0.38333333333333286,8,6.333333333333333,6.133333333333333,1.8666666666666671,,,2026-04-26T20:23:00Z,L4,78.13519826273492,Airbus,4681,BLR-BOM-🛧BLR-AMD-BLR,,2026-04-26T09:04:25Z,2026-04-26
2026-04-26,20970:8-41630:9,Yet to Report,2026-04-26T13:35:00Z,20970,41630,2026-04-26T14:35:00Z,2026-04-26T22:50:00Z,4,12,9.416666666666666,9.25,10.483333333333333,1.5166666666666675,8,5.416666666666667,5.433333333333334,2.5666666666666664,-1,-0.4833333333333325,2026-04-27T00:04:00Z,L4,90.4115545208274,Airbus,3951,BLR-IXE-🛧BLR-VTZ-BLR,,2026-04-26T09:04:25Z,2026-04-26
2026-04-26,20418:6-78812:5,Yet to Report,2026-04-26T14:50:00Z,20418,78812,2026-04-26T15:35:00Z,2026-04-26T22:45:00Z,4,12,7.75,7.916666666666667,9.916666666666666,2.083333333333334,8,5.666666666666667,6.800000000000001,1.1999999999999993,-1,0.08333333333333393,2026-04-27T00:45:00Z,L4,90.41155372786339,ATR,1199,HYD-ISK-AMD-NMI-AMD,,2026-04-26T09:04:25Z,2026-04-26
2026-04-26,-59757:6,Yet to Report,2026-04-26T10:45:00Z,,59757,2026-04-26T11:45:00Z,2026-04-26T21:15:00Z,4,12,10.583333333333334,10.5,12.266666666666667,-0.2666666666666675,8,7.083333333333333,7.433333333333333,0.5666666666666673,,,2026-04-26T23:01:00Z,L4,77.97352106108491,Airbus,3909,DEL-HYD-🛧DEL-UDR-DEL,,2026-04-26T09:04:25Z,2026-04-26
2026-04-26,40204:6-85106:8,Reported,2026-04-26T07:30:00Z,40204,85106,2026-04-26T08:30:00Z,2026-04-26T19:05:00Z,3,12.5,11.75,11.583333333333334,12.883333333333333,-0.38333333333333286,8,6.333333333333333,6.233333333333333,1.7666666666666666,,,2026-04-26T20:23:00Z,L4,78.13519833115991,Airbus,4681,BLR-BOM-🛧BLR-AMD-BLR,,2026-04-26T09:18:20Z,2026-04-26
2026-04-26,20970:8-41630:9,Yet to Report,2026-04-26T13:35:00Z,20970,41630,2026-04-26T14:35:00Z,2026-04-26T22:50:00Z,4,12,9.416666666666666,9.25,10.483333333333333,1.5166666666666675,8,5.416666666666667,5.433333333333334,2.5666666666666664,-1,-0.4833333333333325,2026-04-27T00:04:00Z,L4,90.4115545208274,Airbus,3951,BLR-IXE-🛧BLR-VTZ-BLR,,2026-04-26T09:18:20Z,2026-04-26
2026-04-26,20418:6-78812:5,Yet to Report,2026-04-26T14:50:00Z,20418,78812,2026-04-26T15:35:00Z,2026-04-26T22:45:00Z,4,12,7.75,7.916666666666667,9.916666666666666,2.083333333333334,8,5.666666666666667,6.800000000000001,1.1999999999999993,-1,0.08333333333333393,2026-04-27T00:45:00Z,L4,90.41155372786339,ATR,1199,HYD-ISK-AMD-NMI-AMD,,2026-04-26T09:18:20Z,2026-04-26
2026-04-26,-59757:6,Yet to Report,2026-04-26T10:45:00Z,,59757,2026-04-26T11:45:00Z,2026-04-26T21:15:00Z,4,12,10.583333333333334,10.5,12.266666666666667,-0.2666666666666675,8,7.083333333333333,7.433333333333333,0.5666666666666673,,,2026-04-26T23:01:00Z,L4,77.97352106108491,Airbus,3909,DEL-HYD-🛧DEL-UDR-DEL,,2026-04-26T09:18:20Z,2026-04-26
2026-04-26,7845:5-,Yet to Report,2026-04-26T05:20:00Z,7845,,2026-04-25T07:05:00Z,2026-04-25T12:05:00Z,2,13,-18.166666666666668,-17.25,13,0,9,3.6666666666666665,4.1,4.9,,,2026-04-26T18:20:00Z,L4,77.59625004225991,Airbus,NS926,CCU-RGN-CCU,,2026-04-25T10:18:42Z,2026-04-25
2026-04-26,42538:6-64971:8,Yet to Report,2026-04-26T07:15:00Z,42538,64971,2026-04-26T08:15:00Z,2026-04-26T17:30:00Z,4,12,10.25,10.25,10.983333333333333,1.0166666666666675,8,7.5,8.083333333333334,-0.08333333333333393,,,2026-04-26T18:14:00Z,L4,71.96477626253491,Airbus,3157,HYD-IXB-HYD-CJB-HYD,,2026-04-25T10:18:42Z,2026-04-25
2026-04-26,20418:7-78812:5,Yet to Report,2026-04-26T14:50:00Z,20418,78812,2026-04-26T15:35:00Z,2026-04-26T22:35:00Z,4,12,7.75,7.75,9.766666666666666,2.2333333333333343,8,5.666666666666667,6.65,1.3499999999999996,-1,0.23333333333333428,2026-04-27T00:36:00Z,L4,90.41155351568032,ATR,1199,HYD-ISK-AMD-NMI-AMD,,2026-04-25T10:18:42Z,2026-04-25
2026-04-26,7845:5-,Yet to Report,2026-04-26T05:20:00Z,7845,,2026-04-25T07:05:00Z,2026-04-25T12:05:00Z,2,13,-18.166666666666668,-17.25,13,0,9,3.6666666666666665,4.1,4.9,,,2026-04-26T18:20:00Z,L4,77.59625004225991,Airbus,NS926,CCU-RGN-CCU,,2026-04-25T10:33:52Z,2026-04-25
2026-04-26,42538:6-64971:8,Yet to Report,2026-04-26T07:15:00Z,42538,64971,2026-04-26T08:15:00Z,2026-04-26T17:30:00Z,4,12,10.25,10.25,10.983333333333333,1.0166666666666675,8,7.5,8.083333333333334,-0.08333333333333393,,,2026-04-26T18:14:00Z,L4,71.96477626253491,Airbus,3157,HYD-IXB-HYD-CJB-HYD,,2026-04-25T10:33:52Z,2026-04-25
2026-04-26,20418:7-78812:5,Yet to Report,2026-04-26T14:50:00Z,20418,78812,2026-04-26T15:35:00Z,2026-04-26T22:35:00Z,4,12,7.75,7.75,9.766666666666666,2.2333333333333343,8,5.666666666666667,6.65,1.3499999999999996,-1,0.23333333333333428,2026-04-27T00:36:00Z,L4,90.41155351568032,ATR,1199,HYD-ISK-AMD-NMI-AMD,,2026-04-25T10:33:52Z,2026-04-25
2026-04-26,40204:6-85106:8,Reported,2026-04-26T07:30:00Z,40204,85106,2026-04-26T08:30:00Z,2026-04-26T19:05:00Z,3,12.5,11.75,11.583333333333334,12.883333333333333,-0.38333333333333286,8,6.333333333333333,6.233333333333333,1.7666666666666666,,,2026-04-26T20:23:00Z,L4,78.13519833115991,Airbus,4681,BLR-BOM-🛧BLR-AMD-BLR,,2026-04-26T09:34:31Z,2026-04-26
2026-04-26,20970:8-41630:9,Yet to Report,2026-04-26T13:35:00Z,20970,41630,2026-04-26T14:35:00Z,2026-04-26T22:50:00Z,4,12,9.416666666666666,9.25,10.483333333333333,1.5166666666666675,8,5.416666666666667,5.433333333333334,2.5666666666666664,-1,-0.4833333333333325,2026-04-27T00:04:00Z,L4,90.4115545208274,Airbus,3951,BLR-IXE-🛧BLR-VTZ-BLR,,2026-04-26T09:34:31Z,2026-04-26
2026-04-26,20418:6-78812:5,Yet to Report,2026-04-26T14:50:00Z,20418,78812,2026-04-26T15:35:00Z,2026-04-26T22:45:00Z,4,12,7.75,7.916666666666667,9.916666666666666,2.083333333333334,8,5.666666666666667,6.800000000000001,1.1999999999999993,-1,0.08333333333333393,2026-04-27T00:45:00Z,L4,90.41155372786339,ATR,1199,HYD-ISK-AMD-NMI-AMD,,2026-04-26T09:34:31Z,2026-04-26
2026-04-26,-59757:6,Yet to Report,2026-04-26T10:45:00Z,,59757,2026-04-26T11:45:00Z,2026-04-26T21:15:00Z,4,12,10.583333333333334,10.5,12.266666666666667,-0.2666666666666675,8,7.083333333333333,7.433333333333333,0.5666666666666673,,,2026-04-26T23:01:00Z,L4,77.97352106108491,Airbus,3909,DEL-HYD-🛧DEL-UDR-DEL,,2026-04-26T09:34:31Z,2026-04-26
2026-04-26,40204:6-85106:8,Reported,2026-04-26T07:30:00Z,40204,85106,2026-04-26T08:30:00Z,2026-04-26T19:05:00Z,3,12.5,11.75,11.583333333333334,12.883333333333333,-0.38333333333333286,8,6.333333333333333,6.233333333333333,1.7666666666666666,,,2026-04-26T20:23:00Z,L4,78.13519833115991,Airbus,4681,BLR-BOM-🛧BLR-AMD-BLR,,2026-04-26T09:48:33Z,2026-04-26
2026-04-26,20970:8-41630:9,Yet to Report,2026-04-26T13:35:00Z,20970,41630,2026-04-26T14:35:00Z,2026-04-26T22:50:00Z,4,12,9.416666666666666,9.25,10.483333333333333,1.5166666666666675,8,5.416666666666667,5.433333333333334,2.5666666666666664,-1,-0.4833333333333325,2026-04-27T00:04:00Z,L4,90.4115545208274,Airbus,3951,BLR-IXE-🛧BLR-VTZ-BLR,,2026-04-26T09:48:33Z,2026-04-26
2026-04-26,20418:6-78812:5,Yet to Report,2026-04-26T14:50:00Z,20418,78812,2026-04-26T15:35:00Z,2026-04-26T22:45:00Z,4,12,7.75,7.916666666666667,9.916666666666666,2.083333333333334,8,5.666666666666667,6.800000000000001,1.1999999999999993,-1,0.08333333333333393,2026-04-27T00:45:00Z,L4,90.41155372786339,ATR,1199,HYD-ISK-AMD-NMI-AMD,,2026-04-26T09:48:33Z,2026-04-26
2026-04-26,-59757:6,Yet to Report,2026-04-26T10:45:00Z,,59757,2026-04-26T11:45:00Z,2026-04-26T21:15:00Z,4,12,10.583333333333334,10.5,12.266666666666667,-0.2666666666666675,8,7.083333333333333,7.433333333333333,0.5666666666666673,,,2026-04-26T23:01:00Z,L4,77.97352106108491,Airbus,3909,DEL-HYD-🛧DEL-UDR-DEL,,2026-04-26T09:48:33Z,2026-04-26
2026-04-26,40204:6-85106:8,Reported,2026-04-26T07:30:00Z,40204,85106,2026-04-26T08:30:00Z,2026-04-26T19:05:00Z,3,12.5,11.75,11.583333333333334,12.883333333333333,-0.38333333333333286,8,6.333333333333333,6.233333333333333,1.7666666666666666,,,2026-04-26T20:23:00Z,L4,78.13519833115991,Airbus,4681,BLR-BOM-🛧BLR-AMD-BLR,,2026-04-26T10:06:53Z,2026-04-26
2026-04-26,20970:8-41630:9,Yet to Report,2026-04-26T13:35:00Z,20970,41630,2026-04-26T14:35:00Z,2026-04-26T22:50:00Z,4,12,9.416666666666666,9.25,10.483333333333333,1.5166666666666675,8,5.416666666666667,5.433333333333334,2.5666666666666664,-1,-0.4833333333333325,2026-04-27T00:04:00Z,L4,90.4115545208274,Airbus,3951,BLR-IXE-🛧BLR-VTZ-BLR,,2026-04-26T10:06:53Z,2026-04-26
2026-04-26,20418:6-78812:5,Yet to Report,2026-04-26T14:50:00Z,20418,78812,2026-04-26T15:35:00Z,2026-04-26T22:45:00Z,4,12,7.75,7.916666666666667,9.916666666666666,2.083333333333334,8,5.666666666666667,6.800000000000001,1.1999999999999993,-1,0.08333333333333393,2026-04-27T00:45:00Z,L4,90.41155372786339,ATR,1199,HYD-ISK-AMD-NMI-AMD,,2026-04-26T10:06:53Z,2026-04-26
2026-04-26,-59757:6,Yet to Report,2026-04-26T10:45:00Z,,59757,2026-04-26T11:45:00Z,2026-04-26T21:15:00Z,4,12,10.583333333333334,10.5,12.266666666666667,-0.2666666666666675,8,7.083333333333333,7.433333333333333,0.5666666666666673,,,2026-04-26T23:01:00Z,L4,77.97352106108491,Airbus,3909,DEL-HYD-🛧DEL-UDR-DEL,,2026-04-26T10:06:53Z,2026-04-26
2026-04-26,40204:6-85106:8,Reported,2026-04-26T07:30:00Z,40204,85106,2026-04-26T08:30:00Z,2026-04-26T19:05:00Z,3,12.5,11.75,11.583333333333334,12.75,-0.25,8,6.333333333333333,6.233333333333333,1.7666666666666666,,,2026-04-26T20:15:00Z,L4,77.95019208115991,Airbus,4681,BLR-BOM-🛧BLR-AMD-BLR,,2026-04-26T10:18:53Z,2026-04-26
2026-04-26,20970:8-41630:9,Yet to Report,2026-04-26T13:35:00Z,20970,41630,2026-04-26T14:35:00Z,2026-04-26T22:50:00Z,4,12,9.416666666666666,9.25,10.483333333333333,1.5166666666666675,8,5.416666666666667,5.433333333333334,2.5666666666666664,-1,-0.4833333333333325,2026-04-27T00:04:00Z,L4,90.4115545208274,Airbus,3951,BLR-IXE-🛧BLR-VTZ-BLR,,2026-04-26T10:18:53Z,2026-04-26
2026-04-26,20418:6-78812:5,Yet to Report,2026-04-26T14:50:00Z,20418,78812,2026-04-26T15:35:00Z,2026-04-26T22:45:00Z,4,12,7.75,7.916666666666667,9.916666666666666,2.083333333333334,8,5.666666666666667,6.800000000000001,1.1999999999999993,-1,0.08333333333333393,2026-04-27T00:45:00Z,L4,90.41155372786339,ATR,1199,HYD-ISK-AMD-NMI-AMD,,2026-04-26T10:18:53Z,2026-04-26
2026-04-26,-59757:6,Yet to Report,2026-04-26T10:45:00Z,,59757,2026-04-26T11:45:00Z,2026-04-26T21:15:00Z,4,12,10.583333333333334,10.5,12.266666666666667,-0.2666666666666675,8,7.083333333333333,7.433333333333333,0.5666666666666673,,,2026-04-26T23:01:00Z,L4,77.97352106108491,Airbus,3909,DEL-HYD-🛧DEL-UDR-DEL,,2026-04-26T10:18:53Z,2026-04-26
2026-04-26,7845:5-,Yet to Report,2026-04-26T05:20:00Z,7845,,2026-04-25T07:05:00Z,2026-04-25T12:35:00Z,2,13,-18.166666666666668,-16.75,13,0,9,3.6666666666666665,4.1,4.9,,,2026-04-26T18:20:00Z,L4,77.59625004225991,Airbus,NS926,CCU-RGN-CCU,,2026-04-25T10:48:56Z,2026-04-25
2026-04-26,6428:8-64978:7,Yet to Report,2026-04-26T10:45:00Z,6428,64978,2026-04-26T11:45:00Z,2026-04-26T21:20:00Z,4,12,10.583333333333334,10.583333333333334,12.733333333333334,-0.7333333333333343,8,7.083333333333333,7.3999999999999995,0.6000000000000005,,,2026-04-26T23:29:00Z,L4,78.59549276738491,Airbus,3909,DEL-HYD-🛧DEL-UDR-DEL,,2026-04-25T10:48:56Z,2026-04-25
2026-04-26,42538:6-64971:8,Yet to Report,2026-04-26T07:15:00Z,42538,64971,2026-04-26T08:15:00Z,2026-04-26T17:30:00Z,4,12,10.25,10.25,11,1,8,7.5,8.083333333333334,-0.08333333333333393,,,2026-04-26T18:15:00Z,L4,71.96477628150991,Airbus,3157,HYD-IXB-HYD-CJB-HYD,,2026-04-25T10:48:56Z,2026-04-25
2026-04-26,40784:9-85106:8,Yet to Report,2026-04-26T07:30:00Z,40784,85106,2026-04-26T08:30:00Z,2026-04-26T19:15:00Z,3,12.5,11.75,11.75,13.066666666666666,-0.5666666666666664,8,6.333333333333333,6.1499999999999995,1.8500000000000005,,,2026-04-26T20:34:00Z,L4,78.38178127365991,Airbus,4681,BLR-BOM-🛧BLR-AMD-BLR,,2026-04-25T10:48:56Z,2026-04-25
2026-04-26,20418:7-78812:5,Yet to Report,2026-04-26T14:50:00Z,20418,78812,2026-04-26T15:35:00Z,2026-04-26T22:35:00Z,4,12,7.75,7.75,9.766666666666666,2.2333333333333343,8,5.666666666666667,6.65,1.3499999999999996,-1,0.23333333333333428,2026-04-27T00:36:00Z,L4,90.41155351568032,ATR,1199,HYD-ISK-AMD-NMI-AMD,,2026-04-25T10:48:56Z,2026-04-25
2026-04-26,7845:5-,Yet to Report,2026-04-26T05:20:00Z,7845,,2026-04-25T07:05:00Z,2026-04-25T12:50:00Z,2,13,-18.166666666666668,-16.5,13,0,9,3.6666666666666665,4.1,4.9,,,2026-04-26T18:20:00Z,L4,77.59625004225991,Airbus,NS926,CCU-RGN-CCU,,2026-04-25T11:04:51Z,2026-04-25
2026-04-26,6428:8-64978:7,Yet to Report,2026-04-26T10:45:00Z,6428,64978,2026-04-26T11:45:00Z,2026-04-26T21:20:00Z,4,12,10.583333333333334,10.583333333333334,12.733333333333334,-0.7333333333333343,8,7.083333333333333,7.3999999999999995,0.6000000000000005,,,2026-04-26T23:29:00Z,L4,78.59549276738491,Airbus,3909,DEL-HYD-🛧DEL-UDR-DEL,,2026-04-25T11:04:51Z,2026-04-25
2026-04-26,42538:6-64971:8,Yet to Report,2026-04-26T07:15:00Z,42538,64971,2026-04-26T08:15:00Z,2026-04-26T17:30:00Z,4,12,10.25,10.25,10.95,1.0500000000000007,8,7.5,8.083333333333334,-0.08333333333333393,,,2026-04-26T18:12:00Z,L4,71.96477622573491,Airbus,3157,HYD-IXB-HYD-CJB-HYD,,2026-04-25T11:04:51Z,2026-04-25
2026-04-26,40784:9-85106:8,Yet to Report,2026-04-26T07:30:00Z,40784,85106,2026-04-26T08:30:00Z,2026-04-26T19:15:00Z,3,12.5,11.75,11.75,13.083333333333334,-0.5833333333333339,8,6.333333333333333,6.1499999999999995,1.8500000000000005,,,2026-04-26T20:35:00Z,L4,78.40364277365991,Airbus,4681,BLR-BOM-🛧BLR-AMD-BLR,,2026-04-25T11:04:51Z,2026-04-25
2026-04-26,20418:7-78812:5,Yet to Report,2026-04-26T14:50:00Z,20418,78812,2026-04-26T15:35:00Z,2026-04-26T22:35:00Z,4,12,7.75,7.75,9.766666666666666,2.2333333333333343,8,5.666666666666667,6.65,1.3499999999999996,-1,0.23333333333333428,2026-04-27T00:36:00Z,L4,90.41155351568032,ATR,1199,HYD-ISK-AMD-NMI-AMD,,2026-04-25T11:04:51Z,2026-04-25
2026-04-26,40204:6-85106:8,Reported,2026-04-26T07:30:00Z,40204,85106,2026-04-26T08:30:00Z,2026-04-26T19:05:00Z,3,12.5,11.75,11.583333333333334,12.733333333333333,-0.2333333333333325,8,6.333333333333333,6.1,1.9000000000000004,,,2026-04-26T20:14:00Z,L4,77.92681249088491,Airbus,4681,BLR-BOM-🛧BLR-AMD-BLR,,2026-04-26T10:34:57Z,2026-04-26
2026-04-26,20970:8-41630:9,Yet to Report,2026-04-26T13:35:00Z,20970,41630,2026-04-26T14:35:00Z,2026-04-26T22:50:00Z,4,12,9.416666666666666,9.25,10.483333333333333,1.5166666666666675,8,5.416666666666667,5.433333333333334,2.5666666666666664,-1,-0.4833333333333325,2026-04-27T00:04:00Z,L4,90.4115545208274,Airbus,3951,BLR-IXE-🛧BLR-VTZ-BLR,,2026-04-26T10:34:57Z,2026-04-26
2026-04-26,20418:6-78812:5,Yet to Report,2026-04-26T14:50:00Z,20418,78812,2026-04-26T15:35:00Z,2026-04-26T22:45:00Z,4,12,7.75,7.916666666666667,9.916666666666666,2.083333333333334,8,5.666666666666667,6.800000000000001,1.1999999999999993,-1,0.08333333333333393,2026-04-27T00:45:00Z,L4,90.41155372786339,ATR,1199,HYD-ISK-AMD-NMI-AMD,,2026-04-26T10:34:57Z,2026-04-26
2026-04-26,-59757:6,Yet to Report,2026-04-26T10:45:00Z,,59757,2026-04-26T11:45:00Z,2026-04-26T21:15:00Z,4,12,10.583333333333334,10.5,12.266666666666667,-0.2666666666666675,8,7.083333333333333,7.433333333333333,0.5666666666666673,,,2026-04-26T23:01:00Z,L4,77.97352106108491,Airbus,3909,DEL-HYD-🛧DEL-UDR-DEL,,2026-04-26T10:34:57Z,2026-04-26
2026-04-26,7845:5-,Yet to Report,2026-04-26T05:20:00Z,7845,,2026-04-25T07:05:00Z,2026-04-25T12:50:00Z,2,13,-18.166666666666668,-16.5,13,0,9,3.6666666666666665,4.1,4.9,,,2026-04-26T18:20:00Z,L4,77.59625004225991,Airbus,NS926,CCU-RGN-CCU,,2026-04-25T11:19:29Z,2026-04-25
2026-04-26,6428:8-64978:7,Yet to Report,2026-04-26T10:45:00Z,6428,64978,2026-04-26T11:45:00Z,2026-04-26T21:20:00Z,4,12,10.583333333333334,10.583333333333334,12.733333333333334,-0.7333333333333343,8,7.083333333333333,7.3999999999999995,0.6000000000000005,,,2026-04-26T23:29:00Z,L4,78.59549276738491,Airbus,3909,DEL-HYD-🛧DEL-UDR-DEL,,2026-04-25T11:19:29Z,2026-04-25
2026-04-26,42538:6-64971:8,Yet to Report,2026-04-26T07:15:00Z,42538,64971,2026-04-26T08:15:00Z,2026-04-26T17:30:00Z,4,12,10.25,10.25,10.95,1.0500000000000007,8,7.5,8.033333333333333,-0.033333333333333215,,,2026-04-26T18:12:00Z,L4,71.89368322573492,Airbus,3157,HYD-IXB-HYD-CJB-HYD,,2026-04-25T11:19:29Z,2026-04-25
2026-04-26,40784:9-85106:8,Yet to Report,2026-04-26T07:30:00Z,40784,85106,2026-04-26T08:30:00Z,2026-04-26T19:15:00Z,3,12.5,11.75,11.75,13.066666666666666,-0.5666666666666664,8,6.333333333333333,6.1499999999999995,1.8500000000000005,,,2026-04-26T20:34:00Z,L4,78.38178127365991,Airbus,4681,BLR-BOM-🛧BLR-AMD-BLR,,2026-04-25T11:19:29Z,2026-04-25
2026-04-26,20418:7-78812:5,Yet to Report,2026-04-26T14:50:00Z,20418,78812,2026-04-26T15:35:00Z,2026-04-26T22:35:00Z,4,12,7.75,7.75,9.766666666666666,2.2333333333333343,8,5.666666666666667,6.65,1.3499999999999996,-1,0.23333333333333428,2026-04-27T00:36:00Z,L4,90.41155351568032,ATR,1199,HYD-ISK-AMD-NMI-AMD,,2026-04-25T11:19:29Z,2026-04-25
2026-04-26,40204:6-85106:8,Reported,2026-04-26T07:30:00Z,40204,85106,2026-04-26T08:30:00Z,2026-04-26T19:05:00Z,3,12.5,11.75,11.583333333333334,12.733333333333333,-0.2333333333333325,8,6.333333333333333,6.083333333333333,1.916666666666667,,,2026-04-26T20:14:00Z,L4,77.92681248053492,Airbus,4681,BLR-BOM-🛧BLR-AMD-BLR,,2026-04-26T10:48:12Z,2026-04-26
2026-04-26,20970:8-41630:9,Yet to Report,2026-04-26T13:35:00Z,20970,41630,2026-04-26T14:35:00Z,2026-04-26T22:50:00Z,4,12,9.416666666666666,9.25,10.483333333333333,1.5166666666666675,8,5.416666666666667,5.433333333333334,2.5666666666666664,-1,-0.4833333333333325,2026-04-27T00:04:00Z,L4,90.4115545208274,Airbus,3951,BLR-IXE-🛧BLR-VTZ-BLR,,2026-04-26T10:48:12Z,2026-04-26
2026-04-26,20418:6-78812:5,Yet to Report,2026-04-26T14:50:00Z,20418,78812,2026-04-26T15:35:00Z,2026-04-26T22:45:00Z,4,12,7.75,7.916666666666667,9.916666666666666,2.083333333333334,8,5.666666666666667,6.800000000000001,1.1999999999999993,-1,0.08333333333333393,2026-04-27T00:45:00Z,L4,90.41155372786339,ATR,1199,HYD-ISK-AMD-NMI-AMD,,2026-04-26T10:48:12Z,2026-04-26
2026-04-26,-59757:6,Yet to Report,2026-04-26T10:45:00Z,,59757,2026-04-26T11:45:00Z,2026-04-26T21:15:00Z,4,12,10.583333333333334,10.5,12.266666666666667,-0.2666666666666675,8,7.083333333333333,7.433333333333333,0.5666666666666673,,,2026-04-26T23:01:00Z,L4,77.97352106108491,Airbus,3909,DEL-HYD-🛧DEL-UDR-DEL,,2026-04-26T10:48:12Z,2026-04-26
2026-04-26,7845:5-,Yet to Report,2026-04-26T05:20:00Z,7845,,2026-04-25T07:05:00Z,2026-04-25T13:11:00Z,2,13,-18.166666666666668,-16.15,13,0,9,3.6666666666666665,4.1,4.9,,,2026-04-26T18:20:00Z,L4,77.59625004225991,Airbus,NS926,CCU-RGN-CCU,,2026-04-25T11:34:53Z,2026-04-25
2026-04-26,6428:8-64978:7,Yet to Report,2026-04-26T10:45:00Z,6428,64978,2026-04-26T11:45:00Z,2026-04-26T21:20:00Z,4,12,10.583333333333334,10.583333333333334,12.733333333333334,-0.7333333333333343,8,7.083333333333333,7.3999999999999995,0.6000000000000005,,,2026-04-26T23:29:00Z,L4,78.59549276738491,Airbus,3909,DEL-HYD-🛧DEL-UDR-DEL,,2026-04-25T11:34:53Z,2026-04-25
2026-04-26,42538:6-64971:8,Yet to Report,2026-04-26T07:15:00Z,42538,64971,2026-04-26T08:15:00Z,2026-04-26T17:30:00Z,4,12,10.25,10.25,10.95,1.0500000000000007,8,7.5,8.033333333333333,-0.033333333333333215,,,2026-04-26T18:12:00Z,L4,71.89368322573492,Airbus,3157,HYD-IXB-HYD-CJB-HYD,,2026-04-25T11:34:53Z,2026-04-25
2026-04-26,40784:9-85106:8,Yet to Report,2026-04-26T07:30:00Z,40784,85106,2026-04-26T08:30:00Z,2026-04-26T19:15:00Z,3,12.5,11.75,11.75,13.083333333333334,-0.5833333333333339,8,6.333333333333333,6.1499999999999995,1.8500000000000005,,,2026-04-26T20:35:00Z,L4,78.40364277365991,Airbus,4681,BLR-BOM-🛧BLR-AMD-BLR,,2026-04-25T11:34:53Z,2026-04-25
2026-04-26,20418:7-78812:5,Yet to Report,2026-04-26T14:50:00Z,20418,78812,2026-04-26T15:35:00Z,2026-04-26T22:35:00Z,4,12,7.75,7.75,9.766666666666666,2.2333333333333343,8,5.666666666666667,6.65,1.3499999999999996,-1,0.23333333333333428,2026-04-27T00:36:00Z,L4,90.41155351568032,ATR,1199,HYD-ISK-AMD-NMI-AMD,,2026-04-25T11:34:53Z,2026-04-25
2026-04-26,7845:5-,Yet to Report,2026-04-26T05:20:00Z,7845,,2026-04-25T07:05:00Z,2026-04-25T13:11:00Z,2,13,-18.166666666666668,-16.15,13,0,9,3.6666666666666665,4.1,4.9,,,2026-04-26T18:20:00Z,L4,77.59625004225991,Airbus,NS926,CCU-RGN-CCU,,2026-04-25T11:48:03Z,2026-04-25
2026-04-26,6428:8-64978:7,Yet to Report,2026-04-26T10:45:00Z,6428,64978,2026-04-26T11:45:00Z,2026-04-26T21:20:00Z,4,12,10.583333333333334,10.583333333333334,12.733333333333334,-0.7333333333333343,8,7.083333333333333,7.3999999999999995,0.6000000000000005,,,2026-04-26T23:29:00Z,L4,78.59549276738491,Airbus,3909,DEL-HYD-🛧DEL-UDR-DEL,,2026-04-25T11:48:03Z,2026-04-25
2026-04-26,42538:6-64971:8,Yet to Report,2026-04-26T07:15:00Z,42538,64971,2026-04-26T08:15:00Z,2026-04-26T17:30:00Z,4,12,10.25,10.25,10.95,1.0500000000000007,8,7.5,8.033333333333333,-0.033333333333333215,,,2026-04-26T18:12:00Z,L4,71.89368322573492,Airbus,3157,HYD-IXB-HYD-CJB-HYD,,2026-04-25T11:48:03Z,2026-04-25
2026-04-26,40784:9-85106:8,Yet to Report,2026-04-26T07:30:00Z,40784,85106,2026-04-26T08:30:00Z,2026-04-26T19:15:00Z,3,12.5,11.75,11.75,13.083333333333334,-0.5833333333333339,8,6.333333333333333,6.1499999999999995,1.8500000000000005,,,2026-04-26T20:35:00Z,L4,78.40364277365991,Airbus,4681,BLR-BOM-🛧BLR-AMD-BLR,,2026-04-25T11:48:03Z,2026-04-25
2026-04-26,20418:7-78812:5,Yet to Report,2026-04-26T14:50:00Z,20418,78812,2026-04-26T15:35:00Z,2026-04-26T22:35:00Z,4,12,7.75,7.75,9.766666666666666,2.2333333333333343,8,5.666666666666667,6.65,1.3499999999999996,-1,0.23333333333333428,2026-04-27T00:36:00Z,L4,90.41155351568032,ATR,1199,HYD-ISK-AMD-NMI-AMD,,2026-04-25T11:48:03Z,2026-04-25
2026-04-26,40204:6-85106:8,Reported,2026-04-26T07:30:00Z,40204,85106,2026-04-26T08:30:00Z,2026-04-26T19:05:00Z,3,12.5,11.75,11.583333333333334,12.733333333333333,-0.2333333333333325,8,6.333333333333333,6.083333333333333,1.916666666666667,,,2026-04-26T20:14:00Z,L4,77.92681248053492,Airbus,4681,BLR-BOM-🛧BLR-AMD-BLR,,2026-04-26T11:03:16Z,2026-04-26
2026-04-26,20970:8-41630:9,Yet to Report,2026-04-26T13:35:00Z,20970,41630,2026-04-26T14:35:00Z,2026-04-26T22:50:00Z,4,12,9.416666666666666,9.25,10.483333333333333,1.5166666666666675,8,5.416666666666667,5.433333333333334,2.5666666666666664,-1,-0.4833333333333325,2026-04-27T00:04:00Z,L4,90.4115545208274,Airbus,3951,BLR-IXE-🛧BLR-VTZ-BLR,,2026-04-26T11:03:16Z,2026-04-26
2026-04-26,20418:6-78812:5,Yet to Report,2026-04-26T14:50:00Z,20418,78812,2026-04-26T15:35:00Z,2026-04-26T22:45:00Z,4,12,7.75,7.916666666666667,9.916666666666666,2.083333333333334,8,5.666666666666667,6.800000000000001,1.1999999999999993,-1,0.08333333333333393,2026-04-27T00:45:00Z,L4,90.41155372786339,ATR,1199,HYD-ISK-AMD-NMI-AMD,,2026-04-26T11:03:16Z,2026-04-26
2026-04-26,-59757:6,Reported,2026-04-26T10:45:00Z,,59757,2026-04-26T11:45:00Z,2026-04-26T21:15:00Z,4,12,10.583333333333334,10.5,12.266666666666667,-0.2666666666666675,8,7.083333333333333,7.433333333333333,0.5666666666666673,,,2026-04-26T23:01:00Z,L4,77.97352106108491,Airbus,3909,DEL-HYD-🛧DEL-UDR-DEL,,2026-04-26T11:03:16Z,2026-04-26
2026-04-26,40204:6-85106:8,Reported,2026-04-26T07:30:00Z,40204,85106,2026-04-26T08:30:00Z,2026-04-26T19:05:00Z,3,12.5,11.75,11.583333333333334,12.566666666666666,-0.06666666666666643,8,6.333333333333333,6.083333333333333,1.916666666666667,,,2026-04-26T20:04:00Z,L4,77.69109123053491,Airbus,4681,BLR-BOM-🛧BLR-AMD-BLR,,2026-04-26T11:18:28Z,2026-04-26
2026-04-26,20970:8-41630:9,Yet to Report,2026-04-26T13:35:00Z,20970,41630,2026-04-26T14:35:00Z,2026-04-26T22:50:00Z,4,12,9.416666666666666,9.25,10.483333333333333,1.5166666666666675,8,5.416666666666667,5.433333333333334,2.5666666666666664,-1,-0.4833333333333325,2026-04-27T00:04:00Z,L4,90.4115545208274,Airbus,3951,BLR-IXE-🛧BLR-VTZ-BLR,,2026-04-26T11:18:28Z,2026-04-26
2026-04-26,20418:6-78812:5,Yet to Report,2026-04-26T14:50:00Z,20418,78812,2026-04-26T15:35:00Z,2026-04-26T22:45:00Z,4,12,7.75,7.916666666666667,9.916666666666666,2.083333333333334,8,5.666666666666667,6.800000000000001,1.1999999999999993,-1,0.08333333333333393,2026-04-27T00:45:00Z,L4,90.41155372786339,ATR,1199,HYD-ISK-AMD-NMI-AMD,,2026-04-26T11:18:28Z,2026-04-26
2026-04-26,-59757:6,Reported,2026-04-26T10:45:00Z,,59757,2026-04-26T11:45:00Z,2026-04-26T21:15:00Z,4,12,10.583333333333334,10.5,12.266666666666667,-0.2666666666666675,8,7.083333333333333,7.433333333333333,0.5666666666666673,,,2026-04-26T23:01:00Z,L4,77.97352106108491,Airbus,3909,DEL-HYD-🛧DEL-UDR-DEL,,2026-04-26T11:18:28Z,2026-04-26
2026-04-26,7845:5-,Yet to Report,2026-04-26T05:20:00Z,7845,,2026-04-25T07:05:00Z,2026-04-25T11:57:00Z,2,13,-18.166666666666668,-17.383333333333333,13,0,9,3.6666666666666665,4.1,4.9,,,2026-04-26T18:20:00Z,L4,77.59625004225991,Airbus,NS926,CCU-RGN-CCU,,2026-04-25T12:04:50Z,2026-04-25
2026-04-26,6428:8-64978:7,Yet to Report,2026-04-26T10:45:00Z,6428,64978,2026-04-26T11:45:00Z,2026-04-26T21:20:00Z,4,12,10.583333333333334,10.583333333333334,12.733333333333334,-0.7333333333333343,8,7.083333333333333,7.3999999999999995,0.6000000000000005,,,2026-04-26T23:29:00Z,L4,78.59549276738491,Airbus,3909,DEL-HYD-🛧DEL-UDR-DEL,,2026-04-25T12:04:50Z,2026-04-25
2026-04-26,42538:6-64971:8,Yet to Report,2026-04-26T07:15:00Z,42538,64971,2026-04-26T08:15:00Z,2026-04-26T17:30:00Z,4,12,10.25,10.25,10.95,1.0500000000000007,8,7.5,8.033333333333333,-0.033333333333333215,,,2026-04-26T18:12:00Z,L4,71.89368322573492,Airbus,3157,HYD-IXB-HYD-CJB-HYD,,2026-04-25T12:04:50Z,2026-04-25
2026-04-26,40784:9-85106:8,Yet to Report,2026-04-26T07:30:00Z,40784,85106,2026-04-26T08:30:00Z,2026-04-26T19:15:00Z,3,12.5,11.75,11.75,13.083333333333334,-0.5833333333333339,8,6.333333333333333,6.1499999999999995,1.8500000000000005,,,2026-04-26T20:35:00Z,L4,78.40364277365991,Airbus,4681,BLR-BOM-🛧BLR-AMD-BLR,,2026-04-25T12:04:50Z,2026-04-25
2026-04-26,20418:7-78812:5,Yet to Report,2026-04-26T14:50:00Z,20418,78812,2026-04-26T15:35:00Z,2026-04-26T22:35:00Z,4,12,7.75,7.75,9.766666666666666,2.2333333333333343,8,5.666666666666667,6.65,1.3499999999999996,-1,0.23333333333333428,2026-04-27T00:36:00Z,L4,90.41155351568032,ATR,1199,HYD-ISK-AMD-NMI-AMD,,2026-04-25T12:04:50Z,2026-04-25
2026-04-26,42538:6-64971:8,Yet to Report,2026-04-26T07:15:00Z,42538,64971,2026-04-26T08:15:00Z,2026-04-26T17:30:00Z,4,12,10.25,10.25,10.95,1.0500000000000007,8,7.5,8.033333333333333,-0.033333333333333215,,,2026-04-26T18:12:00Z,L4,71.89368322573492,Airbus,3157,HYD-IXB-HYD-CJB-HYD,,2026-04-25T12:18:19Z,2026-04-25
2026-04-26,6428:8-64978:7,Yet to Report,2026-04-26T10:45:00Z,6428,64978,2026-04-26T11:45:00Z,2026-04-26T21:20:00Z,4,12,10.583333333333334,10.583333333333334,12.733333333333334,-0.7333333333333343,8,7.083333333333333,7.3999999999999995,0.6000000000000005,,,2026-04-26T23:29:00Z,L4,78.59549276738491,Airbus,3909,DEL-HYD-🛧DEL-UDR-DEL,,2026-04-25T12:18:19Z,2026-04-25
2026-04-26,20418:7-78812:5,Yet to Report,2026-04-26T14:50:00Z,20418,78812,2026-04-26T15:35:00Z,2026-04-26T22:35:00Z,4,12,7.75,7.75,9.766666666666666,2.2333333333333343,8,5.666666666666667,6.65,1.3499999999999996,-1,0.23333333333333428,2026-04-27T00:36:00Z,L4,90.41155351568032,ATR,1199,HYD-ISK-AMD-NMI-AMD,,2026-04-25T12:18:19Z,2026-04-25
2026-04-26,40784:9-85106:8,Yet to Report,2026-04-26T07:30:00Z,40784,85106,2026-04-26T08:30:00Z,2026-04-26T19:15:00Z,3,12.5,11.75,11.75,13.083333333333334,-0.5833333333333339,8,6.333333333333333,6.1499999999999995,1.8500000000000005,,,2026-04-26T20:35:00Z,L4,78.40364277365991,Airbus,4681,BLR-BOM-🛧BLR-AMD-BLR,,2026-04-25T12:18:19Z,2026-04-25
2026-04-26,20970:8-41630:9,Yet to Report,2026-04-26T13:35:00Z,20970,41630,2026-04-26T14:35:00Z,2026-04-26T22:50:00Z,4,12,9.416666666666666,9.25,10.483333333333333,1.5166666666666675,8,5.416666666666667,5.433333333333334,2.5666666666666664,-1,-0.4833333333333325,2026-04-27T00:04:00Z,L4,90.4115545208274,Airbus,3951,BLR-IXE-🛧BLR-VTZ-BLR,,2026-04-26T11:35:35Z,2026-04-26
2026-04-26,20418:6-78812:5,Yet to Report,2026-04-26T14:50:00Z,20418,78812,2026-04-26T15:35:00Z,2026-04-26T22:45:00Z,4,12,7.75,7.916666666666667,9.916666666666666,2.083333333333334,8,5.666666666666667,6.800000000000001,1.1999999999999993,-1,0.08333333333333393,2026-04-27T00:45:00Z,L4,90.41155372786339,ATR,1199,HYD-ISK-AMD-NMI-AMD,,2026-04-26T11:35:35Z,2026-04-26
2026-04-26,40204:6-85106:8,Reported,2026-04-26T07:30:00Z,40204,85106,2026-04-26T08:30:00Z,2026-04-26T19:05:00Z,3,12.5,11.75,11.583333333333334,12.566666666666666,-0.06666666666666643,8,6.333333333333333,6.1,1.9000000000000004,,,2026-04-26T20:04:00Z,L4,77.69109124088492,Airbus,4681,BLR-BOM-🛧BLR-AMD-BLR,,2026-04-26T11:35:35Z,2026-04-26
2026-04-26,-59757:6,Reported,2026-04-26T10:45:00Z,,59757,2026-04-26T11:45:00Z,2026-04-26T21:15:00Z,4,12,10.583333333333334,10.5,12.266666666666667,-0.2666666666666675,8,7.083333333333333,7.433333333333333,0.5666666666666673,,,2026-04-26T23:01:00Z,L4,77.97352106108491,Airbus,3909,DEL-HYD-🛧DEL-UDR-DEL,,2026-04-26T11:35:35Z,2026-04-26
2026-04-26,40784:9-85106:8,Yet to Report,2026-04-26T07:30:00Z,40784,85106,2026-04-26T08:30:00Z,2026-04-26T19:15:00Z,3,12.5,11.75,11.75,13.083333333333334,-0.5833333333333339,8,6.333333333333333,6.1499999999999995,1.8500000000000005,,,2026-04-26T20:35:00Z,L4,78.40364277365991,Airbus,4681,BLR-BOM-🛧BLR-AMD-BLR,,2026-04-25T12:33:27Z,2026-04-25
2026-04-26,6428:8-64978:7,Yet to Report,2026-04-26T10:45:00Z,6428,64978,2026-04-26T11:45:00Z,2026-04-26T21:20:00Z,4,12,10.583333333333334,10.583333333333334,12.733333333333334,-0.7333333333333343,8,7.083333333333333,7.3999999999999995,0.6000000000000005,,,2026-04-26T23:29:00Z,L4,78.59549276738491,Airbus,3909,DEL-HYD-🛧DEL-UDR-DEL,,2026-04-25T12:33:27Z,2026-04-25
2026-04-26,42538:6-64971:8,Yet to Report,2026-04-26T07:15:00Z,42538,64971,2026-04-26T08:15:00Z,2026-04-26T17:30:00Z,4,12,10.25,10.25,10.95,1.0500000000000007,8,7.5,8.033333333333333,-0.033333333333333215,,,2026-04-26T18:12:00Z,L4,71.89368322573492,Airbus,3157,HYD-IXB-HYD-CJB-HYD,,2026-04-25T12:33:27Z,2026-04-25
2026-04-26,20418:7-78812:5,Yet to Report,2026-04-26T14:50:00Z,20418,78812,2026-04-26T15:35:00Z,2026-04-26T22:35:00Z,4,12,7.75,7.75,9.766666666666666,2.2333333333333343,8,5.666666666666667,6.65,1.3499999999999996,-1,0.23333333333333428,2026-04-27T00:36:00Z,L4,90.41155351568032,ATR,1199,HYD-ISK-AMD-NMI-AMD,,2026-04-25T12:33:27Z,2026-04-25
2026-04-26,20970:8-41630:9,Yet to Report,2026-04-26T13:35:00Z,20970,41630,2026-04-26T14:35:00Z,2026-04-26T22:50:00Z,4,12,9.416666666666666,9.25,10.483333333333333,1.5166666666666675,8,5.416666666666667,5.433333333333334,2.5666666666666664,-1,-0.4833333333333325,2026-04-27T00:04:00Z,L4,90.4115545208274,Airbus,3951,BLR-IXE-🛧BLR-VTZ-BLR,,2026-04-26T11:48:33Z,2026-04-26
2026-04-26,20418:6-78812:5,Yet to Report,2026-04-26T14:50:00Z,20418,78812,2026-04-26T15:35:00Z,2026-04-26T22:45:00Z,4,12,7.75,7.916666666666667,9.916666666666666,2.083333333333334,8,5.666666666666667,6.800000000000001,1.1999999999999993,-1,0.08333333333333393,2026-04-27T00:45:00Z,L4,90.41155372786339,ATR,1199,HYD-ISK-AMD-NMI-AMD,,2026-04-26T11:48:33Z,2026-04-26
2026-04-26,40204:6-85106:8,Reported,2026-04-26T07:30:00Z,40204,85106,2026-04-26T08:30:00Z,2026-04-26T19:05:00Z,3,12.5,11.75,11.583333333333334,12.75,-0.25,8,6.333333333333333,6.283333333333333,1.7166666666666668,,,2026-04-26T20:15:00Z,L4,77.95019211738492,Airbus,4681,BLR-BOM-🛧BLR-AMD-BLR,,2026-04-26T11:48:33Z,2026-04-26
2026-04-26,-59757:6,Reported,2026-04-26T10:45:00Z,,59757,2026-04-26T11:45:00Z,2026-04-26T21:15:00Z,4,12,10.583333333333334,10.5,12.266666666666667,-0.2666666666666675,8,7.083333333333333,7.433333333333333,0.5666666666666673,,,2026-04-26T23:01:00Z,L4,77.97352106108491,Airbus,3909,DEL-HYD-🛧DEL-UDR-DEL,,2026-04-26T11:48:33Z,2026-04-26
2026-04-26,6428:8-64978:7,Yet to Report,2026-04-26T10:45:00Z,6428,64978,2026-04-26T11:45:00Z,2026-04-26T21:20:00Z,4,12,10.583333333333334,10.583333333333334,12.716666666666667,-0.7166666666666668,8,7.083333333333333,7.3999999999999995,0.6000000000000005,,,2026-04-26T23:28:00Z,L4,78.57463751738491,Airbus,3909,DEL-HYD-🛧DEL-UDR-DEL,,2026-04-25T12:48:55Z,2026-04-25
2026-04-26,42538:6-64971:8,Yet to Report,2026-04-26T07:15:00Z,42538,64971,2026-04-26T08:15:00Z,2026-04-26T17:30:00Z,4,12,10.25,10.25,10.95,1.0500000000000007,8,7.5,8.033333333333333,-0.033333333333333215,,,2026-04-26T18:12:00Z,L4,71.89368322573492,Airbus,3157,HYD-IXB-HYD-CJB-HYD,,2026-04-25T12:48:55Z,2026-04-25
2026-04-26,20418:7-78812:5,Yet to Report,2026-04-26T14:50:00Z,20418,78812,2026-04-26T15:35:00Z,2026-04-26T22:35:00Z,4,12,7.75,7.75,9.766666666666666,2.2333333333333343,8,5.666666666666667,6.65,1.3499999999999996,-1,0.23333333333333428,2026-04-27T00:36:00Z,L4,90.41155351568032,ATR,1199,HYD-ISK-AMD-NMI-AMD,,2026-04-25T12:48:55Z,2026-04-25
2026-04-26,40784:9-85106:8,Yet to Report,2026-04-26T07:30:00Z,40784,85106,2026-04-26T08:30:00Z,2026-04-26T19:15:00Z,3,12.5,11.75,11.75,13.083333333333334,-0.5833333333333339,8,6.333333333333333,6.1499999999999995,1.8500000000000005,,,2026-04-26T20:35:00Z,L4,78.40364277365991,Airbus,4681,BLR-BOM-🛧BLR-AMD-BLR,,2026-04-25T12:48:55Z,2026-04-25
2026-04-26,40784:9-85106:8,Yet to Report,2026-04-26T07:30:00Z,40784,85106,2026-04-26T08:30:00Z,2026-04-26T19:15:00Z,3,12.5,11.75,11.75,13.083333333333334,-0.5833333333333339,8,6.333333333333333,6.1499999999999995,1.8500000000000005,,,2026-04-26T20:35:00Z,L4,78.40364277365991,Airbus,4681,BLR-BOM-🛧BLR-AMD-BLR,,2026-04-25T13:05:10Z,2026-04-25
2026-04-26,6428:8-64978:7,Yet to Report,2026-04-26T10:45:00Z,6428,64978,2026-04-26T11:45:00Z,2026-04-26T21:20:00Z,4,12,10.583333333333334,10.583333333333334,12.716666666666667,-0.7166666666666668,8,7.083333333333333,7.3999999999999995,0.6000000000000005,,,2026-04-26T23:28:00Z,L4,78.57463751738491,Airbus,3909,DEL-HYD-🛧DEL-UDR-DEL,,2026-04-25T13:05:10Z,2026-04-25
2026-04-26,42538:6-64971:8,Yet to Report,2026-04-26T07:15:00Z,42538,64971,2026-04-26T08:15:00Z,2026-04-26T17:30:00Z,4,12,10.25,10.25,10.95,1.0500000000000007,8,7.5,8.033333333333333,-0.033333333333333215,,,2026-04-26T18:12:00Z,L4,71.89368322573492,Airbus,3157,HYD-IXB-HYD-CJB-HYD,,2026-04-25T13:05:10Z,2026-04-25
2026-04-26,20418:7-78812:5,Yet to Report,2026-04-26T14:50:00Z,20418,78812,2026-04-26T15:35:00Z,2026-04-26T22:35:00Z,4,12,7.75,7.75,9.766666666666666,2.2333333333333343,8,5.666666666666667,6.65,1.3499999999999996,-1,0.23333333333333428,2026-04-27T00:36:00Z,L4,90.41155351568032,ATR,1199,HYD-ISK-AMD-NMI-AMD,,2026-04-25T13:05:10Z,2026-04-25
2026-04-26,20970:8-41630:9,Yet to Report,2026-04-26T13:35:00Z,20970,41630,2026-04-26T14:35:00Z,2026-04-26T22:50:00Z,4,12,9.416666666666666,9.25,10.483333333333333,1.5166666666666675,8,5.416666666666667,5.433333333333334,2.5666666666666664,-1,-0.4833333333333325,2026-04-27T00:04:00Z,L4,90.4115545208274,Airbus,3951,BLR-IXE-🛧BLR-VTZ-BLR,,2026-04-26T12:04:50Z,2026-04-26
2026-04-26,20418:6-78812:5,Yet to Report,2026-04-26T14:50:00Z,20418,78812,2026-04-26T15:35:00Z,2026-04-26T22:45:00Z,4,12,7.75,7.916666666666667,9.916666666666666,2.083333333333334,8,5.666666666666667,6.800000000000001,1.1999999999999993,-1,0.08333333333333393,2026-04-27T00:45:00Z,L4,90.41155372786339,ATR,1199,HYD-ISK-AMD-NMI-AMD,,2026-04-26T12:04:50Z,2026-04-26
2026-04-26,40204:6-85106:8,Reported,2026-04-26T07:30:00Z,40204,85106,2026-04-26T08:30:00Z,2026-04-26T19:05:00Z,3,12.5,11.75,11.583333333333334,12.75,-0.25,8,6.333333333333333,6.283333333333333,1.7166666666666668,,,2026-04-26T20:15:00Z,L4,77.95019211738492,Airbus,4681,BLR-BOM-🛧BLR-AMD-BLR,,2026-04-26T12:04:50Z,2026-04-26
2026-04-26,-59757:6,Reported,2026-04-26T10:45:00Z,,59757,2026-04-26T11:45:00Z,2026-04-26T21:15:00Z,4,12,10.583333333333334,10.5,12.266666666666667,-0.2666666666666675,8,7.083333333333333,7.433333333333333,0.5666666666666673,,,2026-04-26T23:01:00Z,L4,77.97352106108491,Airbus,3909,DEL-HYD-🛧DEL-UDR-DEL,,2026-04-26T12:04:50Z,2026-04-26
2026-04-26,20970:8-41630:9,Yet to Report,2026-04-26T13:35:00Z,20970,41630,2026-04-26T14:35:00Z,2026-04-26T22:50:00Z,4,12,9.416666666666666,9.25,10.483333333333333,1.5166666666666675,8,5.416666666666667,5.433333333333334,2.5666666666666664,-1,-0.4833333333333325,2026-04-27T00:04:00Z,L4,90.4115545208274,Airbus,3951,BLR-IXE-🛧BLR-VTZ-BLR,,2026-04-26T12:17:50Z,2026-04-26
2026-04-26,20418:6-78812:5,Yet to Report,2026-04-26T14:50:00Z,20418,78812,2026-04-26T15:35:00Z,2026-04-26T22:45:00Z,4,12,7.75,7.916666666666667,9.916666666666666,2.083333333333334,8,5.666666666666667,6.800000000000001,1.1999999999999993,-1,0.08333333333333393,2026-04-27T00:45:00Z,L4,90.41155372786339,ATR,1199,HYD-ISK-AMD-NMI-AMD,,2026-04-26T12:17:50Z,2026-04-26
2026-04-26,40204:6-85106:8,Reported,2026-04-26T07:30:00Z,40204,85106,2026-04-26T08:30:00Z,2026-04-26T19:05:00Z,3,12.5,11.75,11.583333333333334,12.75,-0.25,8,6.333333333333333,6.283333333333333,1.7166666666666668,,,2026-04-26T20:15:00Z,L4,77.95019211738492,Airbus,4681,BLR-BOM-🛧BLR-AMD-BLR,,2026-04-26T12:17:50Z,2026-04-26
2026-04-26,-59757:6,Reported,2026-04-26T10:45:00Z,,59757,2026-04-26T11:45:00Z,2026-04-26T21:15:00Z,4,12,10.583333333333334,10.5,12.15,-0.15000000000000036,8,7.083333333333333,7.433333333333333,0.5666666666666673,,,2026-04-26T22:54:00Z,L4,77.80932406108492,Airbus,3909,DEL-HYD-🛧DEL-UDR-DEL,,2026-04-26T12:17:50Z,2026-04-26
2026-04-26,20970:8-41630:9,Yet to Report,2026-04-26T13:35:00Z,20970,41630,2026-04-26T14:35:00Z,2026-04-26T22:50:00Z,4,12,9.416666666666666,9.25,10.483333333333333,1.5166666666666675,8,5.416666666666667,5.433333333333334,2.5666666666666664,-1,-0.4833333333333325,2026-04-27T00:04:00Z,L4,90.4115545208274,Airbus,3951,BLR-IXE-🛧BLR-VTZ-BLR,,2026-04-26T12:33:32Z,2026-04-26
2026-04-26,20418:6-78812:5,Yet to Report,2026-04-26T14:50:00Z,20418,78812,2026-04-26T15:35:00Z,2026-04-26T22:45:00Z,4,12,7.75,7.916666666666667,9.916666666666666,2.083333333333334,8,5.666666666666667,6.800000000000001,1.1999999999999993,-1,0.08333333333333393,2026-04-27T00:45:00Z,L4,90.41155372786339,ATR,1199,HYD-ISK-AMD-NMI-AMD,,2026-04-26T12:33:32Z,2026-04-26
2026-04-26,40204:6-85106:8,Reported,2026-04-26T07:30:00Z,40204,85106,2026-04-26T08:30:00Z,2026-04-26T19:05:00Z,3,12.5,11.75,11.583333333333334,12.75,-0.25,8,6.333333333333333,6.283333333333333,1.7166666666666668,,,2026-04-26T20:15:00Z,L4,77.95019211738492,Airbus,4681,BLR-BOM-🛧BLR-AMD-BLR,,2026-04-26T12:33:32Z,2026-04-26
2026-04-26,6428:8-64978:7,Yet to Report,2026-04-26T10:45:00Z,6428,64978,2026-04-26T11:45:00Z,2026-04-26T21:20:00Z,4,12,10.583333333333334,10.583333333333334,12.716666666666667,-0.7166666666666668,8,7.083333333333333,7.3999999999999995,0.6000000000000005,,,2026-04-26T23:28:00Z,L4,78.57463751738491,Airbus,3909,DEL-HYD-🛧DEL-UDR-DEL,,2026-04-25T13:18:28Z,2026-04-25
2026-04-26,42538:6-64971:8,Yet to Report,2026-04-26T07:15:00Z,42538,64971,2026-04-26T08:15:00Z,2026-04-26T17:30:00Z,4,12,10.25,10.25,10.95,1.0500000000000007,8,7.5,8.033333333333333,-0.033333333333333215,,,2026-04-26T18:12:00Z,L4,71.89368322573492,Airbus,3157,HYD-IXB-HYD-CJB-HYD,,2026-04-25T13:18:28Z,2026-04-25
2026-04-26,20418:7-78812:5,Yet to Report,2026-04-26T14:50:00Z,20418,78812,2026-04-26T15:35:00Z,2026-04-26T22:35:00Z,4,12,7.75,7.75,9.766666666666666,2.2333333333333343,8,5.666666666666667,6.65,1.3499999999999996,-1,0.23333333333333428,2026-04-27T00:36:00Z,L4,90.41155351568032,ATR,1199,HYD-ISK-AMD-NMI-AMD,,2026-04-25T13:18:28Z,2026-04-25
2026-04-26,40784:9-85106:8,Yet to Report,2026-04-26T07:30:00Z,40784,85106,2026-04-26T08:30:00Z,2026-04-26T19:15:00Z,3,12.5,11.75,11.75,13.083333333333334,-0.5833333333333339,8,6.333333333333333,6.1499999999999995,1.8500000000000005,,,2026-04-26T20:35:00Z,L4,78.40364277365991,Airbus,4681,BLR-BOM-🛧BLR-AMD-BLR,,2026-04-25T13:18:28Z,2026-04-25
2026-04-26,6428:8-64978:7,Yet to Report,2026-04-26T10:45:00Z,6428,64978,2026-04-26T11:45:00Z,2026-04-26T21:20:00Z,4,12,10.583333333333334,10.583333333333334,12.716666666666667,-0.7166666666666668,8,7.083333333333333,7.3999999999999995,0.6000000000000005,,,2026-04-26T23:28:00Z,L4,78.57463751738491,Airbus,3909,DEL-HYD-🛧DEL-UDR-DEL,,2026-04-25T13:34:51Z,2026-04-25
2026-04-26,42538:6-64971:8,Yet to Report,2026-04-26T07:15:00Z,42538,64971,2026-04-26T08:15:00Z,2026-04-26T17:30:00Z,4,12,10.25,10.25,10.95,1.0500000000000007,8,7.5,8.033333333333333,-0.033333333333333215,,,2026-04-26T18:12:00Z,L4,71.89368322573492,Airbus,3157,HYD-IXB-HYD-CJB-HYD,,2026-04-25T13:34:51Z,2026-04-25
2026-04-26,20418:7-78812:5,Yet to Report,2026-04-26T14:50:00Z,20418,78812,2026-04-26T15:35:00Z,2026-04-26T22:35:00Z,4,12,7.75,7.75,9.766666666666666,2.2333333333333343,8,5.666666666666667,6.65,1.3499999999999996,-1,0.23333333333333428,2026-04-27T00:36:00Z,L4,90.41155351568032,ATR,1199,HYD-ISK-AMD-NMI-AMD,,2026-04-25T13:34:51Z,2026-04-25
2026-04-26,40784:9-85106:8,Yet to Report,2026-04-26T07:30:00Z,40784,85106,2026-04-26T08:30:00Z,2026-04-26T19:15:00Z,3,12.5,11.75,11.75,13.083333333333334,-0.5833333333333339,8,6.333333333333333,6.1499999999999995,1.8500000000000005,,,2026-04-26T20:35:00Z,L4,78.40364277365991,Airbus,4681,BLR-BOM-🛧BLR-AMD-BLR,,2026-04-25T13:34:51Z,2026-04-25
2026-04-26,20970:8-41630:9,Yet to Report,2026-04-26T13:35:00Z,20970,41630,2026-04-26T14:35:00Z,2026-04-26T22:50:00Z,4,12,9.416666666666666,9.25,10.483333333333333,1.5166666666666675,8,5.416666666666667,5.433333333333334,2.5666666666666664,-1,-0.4833333333333325,2026-04-27T00:04:00Z,L4,90.4115545208274,Airbus,3951,BLR-IXE-🛧BLR-VTZ-BLR,,2026-04-26T12:48:38Z,2026-04-26
2026-04-26,20418:6-78812:5,Yet to Report,2026-04-26T14:50:00Z,20418,78812,2026-04-26T15:35:00Z,2026-04-26T22:45:00Z,4,12,7.75,7.916666666666667,9.916666666666666,2.083333333333334,8,5.666666666666667,6.800000000000001,1.1999999999999993,-1,0.08333333333333393,2026-04-27T00:45:00Z,L4,90.41155372786339,ATR,1199,HYD-ISK-AMD-NMI-AMD,,2026-04-26T12:48:38Z,2026-04-26
2026-04-26,40204:6-85106:8,Reported,2026-04-26T07:30:00Z,40204,85106,2026-04-26T08:30:00Z,2026-04-26T19:05:00Z,3,12.5,11.75,11.583333333333334,12.75,-0.25,8,6.333333333333333,6.283333333333333,1.7166666666666668,,,2026-04-26T20:15:00Z,L4,77.95019211738492,Airbus,4681,BLR-BOM-🛧BLR-AMD-BLR,,2026-04-26T12:48:38Z,2026-04-26
2026-04-26,40204:6-85106:8,Reported,2026-04-26T07:30:00Z,40204,85106,2026-04-26T08:30:00Z,2026-04-26T19:05:00Z,3,12.5,11.75,11.583333333333334,12.8,-0.3000000000000007,8,6.333333333333333,6.283333333333333,1.7166666666666668,,,2026-04-26T20:18:00Z,L4,78.02001436738492,Airbus,4681,BLR-BOM-🛧BLR-AMD-BLR,,2026-04-26T13:04:09Z,2026-04-26
2026-04-26,20970:8-41630:9,Yet to Report,2026-04-26T13:35:00Z,20970,41630,2026-04-26T14:35:00Z,2026-04-26T22:50:00Z,4,12,9.416666666666666,9.25,10.483333333333333,1.5166666666666675,8,5.416666666666667,5.433333333333334,2.5666666666666664,-1,-0.4833333333333325,2026-04-27T00:04:00Z,L4,90.4115545208274,Airbus,3951,BLR-IXE-🛧BLR-VTZ-BLR,,2026-04-26T13:04:09Z,2026-04-26
2026-04-26,20418:6-78812:5,Yet to Report,2026-04-26T14:50:00Z,20418,78812,2026-04-26T15:35:00Z,2026-04-26T22:45:00Z,4,12,7.75,7.916666666666667,9.916666666666666,2.083333333333334,8,5.666666666666667,6.800000000000001,1.1999999999999993,-1,0.08333333333333393,2026-04-27T00:45:00Z,L4,90.41155372786339,ATR,1199,HYD-ISK-AMD-NMI-AMD,,2026-04-26T13:04:09Z,2026-04-26
2026-04-26,6428:8-64978:7,Yet to Report,2026-04-26T10:45:00Z,6428,64978,2026-04-26T11:45:00Z,2026-04-26T21:20:00Z,4,12,10.583333333333334,10.583333333333334,12.716666666666667,-0.7166666666666668,8,7.083333333333333,7.3999999999999995,0.6000000000000005,,,2026-04-26T23:28:00Z,L4,78.57463751738491,Airbus,3909,DEL-HYD-🛧DEL-UDR-DEL,,2026-04-25T13:50:03Z,2026-04-25
2026-04-26,42538:6-64971:8,Yet to Report,2026-04-26T07:15:00Z,42538,64971,2026-04-26T08:15:00Z,2026-04-26T17:30:00Z,4,12,10.25,10.25,10.95,1.0500000000000007,8,7.5,8.033333333333333,-0.033333333333333215,,,2026-04-26T18:12:00Z,L4,71.89368322573492,Airbus,3157,HYD-IXB-HYD-CJB-HYD,,2026-04-25T13:50:03Z,2026-04-25
2026-04-26,40784:9-85106:8,Yet to Report,2026-04-26T07:30:00Z,40784,85106,2026-04-26T08:30:00Z,2026-04-26T19:15:00Z,3,12.5,11.75,11.75,13.083333333333334,-0.5833333333333339,8,6.333333333333333,6.1499999999999995,1.8500000000000005,,,2026-04-26T20:35:00Z,L4,78.40364277365991,Airbus,4681,BLR-BOM-🛧BLR-AMD-BLR,,2026-04-25T13:50:03Z,2026-04-25
2026-04-26,20418:7-78812:5,Yet to Report,2026-04-26T14:50:00Z,20418,78812,2026-04-26T15:35:00Z,2026-04-26T22:35:00Z,4,12,7.75,7.75,9.766666666666666,2.2333333333333343,8,5.666666666666667,6.65,1.3499999999999996,-1,0.23333333333333428,2026-04-27T00:36:00Z,L4,90.41155351568032,ATR,1199,HYD-ISK-AMD-NMI-AMD,,2026-04-25T13:50:03Z,2026-04-25
2026-04-26,40204:6-85106:8,Reported,2026-04-26T07:30:00Z,40204,85106,2026-04-26T08:30:00Z,2026-04-26T19:05:00Z,3,12.5,11.75,11.583333333333334,12.916666666666666,-0.4166666666666661,8,6.333333333333333,6.333333333333333,1.666666666666667,,,2026-04-26T20:25:00Z,L4,78.18078440475992,Airbus,4681,BLR-BOM-🛧BLR-AMD-BLR,,2026-04-26T13:17:53Z,2026-04-26
2026-04-26,20970:8-41630:9,Yet to Report,2026-04-26T13:35:00Z,20970,41630,2026-04-26T14:35:00Z,2026-04-26T22:50:00Z,4,12,9.416666666666666,9.25,10.483333333333333,1.5166666666666675,8,5.416666666666667,5.433333333333334,2.5666666666666664,-1,-0.4833333333333325,2026-04-27T00:04:00Z,L4,90.4115545208274,Airbus,3951,BLR-IXE-🛧BLR-VTZ-BLR,,2026-04-26T13:17:53Z,2026-04-26
2026-04-26,20418:6-78812:5,Yet to Report,2026-04-26T14:50:00Z,20418,78812,2026-04-26T15:35:00Z,2026-04-26T22:45:00Z,4,12,7.75,7.916666666666667,9.916666666666666,2.083333333333334,8,5.666666666666667,6.800000000000001,1.1999999999999993,-1,0.08333333333333393,2026-04-27T00:45:00Z,L4,90.41155372786339,ATR,1199,HYD-ISK-AMD-NMI-AMD,,2026-04-26T13:17:53Z,2026-04-26
2026-04-26,-62915:5,Reported,2026-04-26T10:55:00Z,,62915,2026-04-26T11:55:00Z,2026-04-26T22:00:00Z,4,12,10.916666666666666,11.083333333333334,12.766666666666666,-0.7666666666666657,8,7.416666666666667,5.050000000000001,2.9499999999999993,,,2026-04-26T23:41:00Z,L4,78.63683353318491,Airbus,3314,MAA-🛧GOX-🛧MAA-IXR-MAA,,2026-04-26T13:17:53Z,2026-04-26
2026-04-26,40204:6-85106:8,Reported,2026-04-26T07:30:00Z,40204,85106,2026-04-26T08:30:00Z,2026-04-26T19:05:00Z,3,12.5,11.75,11.583333333333334,12.916666666666666,-0.4166666666666661,8,6.333333333333333,6.449999999999999,1.5500000000000007,,,2026-04-26T20:25:00Z,L4,78.18078449675991,Airbus,4681,BLR-BOM-🛧BLR-AMD-BLR,,2026-04-26T13:35:28Z,2026-04-26
2026-04-26,20970:8-41630:9,Yet to Report,2026-04-26T13:35:00Z,20970,41630,2026-04-26T14:35:00Z,2026-04-26T22:50:00Z,4,12,9.416666666666666,9.25,10.483333333333333,1.5166666666666675,8,5.416666666666667,5.433333333333334,2.5666666666666664,-1,-0.4833333333333325,2026-04-27T00:04:00Z,L4,90.4115545208274,Airbus,3951,BLR-IXE-🛧BLR-VTZ-BLR,,2026-04-26T13:35:28Z,2026-04-26
2026-04-26,20418:6-78812:5,Yet to Report,2026-04-26T14:50:00Z,20418,78812,2026-04-26T15:35:00Z,2026-04-26T22:45:00Z,4,12,7.75,7.916666666666667,9.916666666666666,2.083333333333334,8,5.666666666666667,6.800000000000001,1.1999999999999993,-1,0.08333333333333393,2026-04-27T00:45:00Z,L4,90.41155372786339,ATR,1199,HYD-ISK-AMD-NMI-AMD,,2026-04-26T13:35:28Z,2026-04-26
2026-04-26,20418:7-78812:5,Yet to Report,2026-04-26T14:50:00Z,20418,78812,2026-04-26T15:35:00Z,2026-04-26T22:35:00Z,4,12,7.75,7.75,9.766666666666666,2.2333333333333343,8,5.666666666666667,6.65,1.3499999999999996,-1,0.23333333333333428,2026-04-27T00:36:00Z,L4,90.41155351568032,ATR,1199,HYD-ISK-AMD-NMI-AMD,,2026-04-25T14:06:46Z,2026-04-25
2026-04-26,40784:9-85106:8,Yet to Report,2026-04-26T07:30:00Z,40784,85106,2026-04-26T08:30:00Z,2026-04-26T19:15:00Z,3,12.5,11.75,11.75,13.083333333333334,-0.5833333333333339,8,6.333333333333333,6.1499999999999995,1.8500000000000005,,,2026-04-26T20:35:00Z,L4,78.40364277365991,Airbus,4681,BLR-BOM-🛧BLR-AMD-BLR,,2026-04-25T14:06:46Z,2026-04-25
2026-04-26,6428:8-64978:7,Yet to Report,2026-04-26T10:45:00Z,6428,64978,2026-04-26T11:45:00Z,2026-04-26T21:20:00Z,4,12,10.583333333333334,10.583333333333334,12.716666666666667,-0.7166666666666668,8,7.083333333333333,7.3999999999999995,0.6000000000000005,,,2026-04-26T23:28:00Z,L4,78.57463751738491,Airbus,3909,DEL-HYD-🛧DEL-UDR-DEL,,2026-04-25T14:06:46Z,2026-04-25
2026-04-26,42538:6-64971:8,Yet to Report,2026-04-26T07:15:00Z,42538,64971,2026-04-26T08:15:00Z,2026-04-26T17:30:00Z,4,12,10.25,10.25,10.95,1.0500000000000007,8,7.5,8.033333333333333,-0.033333333333333215,,,2026-04-26T18:12:00Z,L4,71.89368322573492,Airbus,3157,HYD-IXB-HYD-CJB-HYD,,2026-04-25T14:06:46Z,2026-04-25
2026-04-26,40784:9-85106:8,Yet to Report,2026-04-26T07:30:00Z,40784,85106,2026-04-26T08:30:00Z,2026-04-26T19:15:00Z,3,12.5,11.75,11.75,13.083333333333334,-0.5833333333333339,8,6.333333333333333,6.1499999999999995,1.8500000000000005,,,2026-04-26T20:35:00Z,L4,78.40364277365991,Airbus,4681,BLR-BOM-🛧BLR-AMD-BLR,,2026-04-25T14:19:14Z,2026-04-25
2026-04-26,42538:6-64971:8,Yet to Report,2026-04-26T07:15:00Z,42538,64971,2026-04-26T08:15:00Z,2026-04-26T17:30:00Z,4,12,10.25,10.25,10.95,1.0500000000000007,8,7.5,8.033333333333333,-0.033333333333333215,,,2026-04-26T18:12:00Z,L4,71.89368322573492,Airbus,3157,HYD-IXB-HYD-CJB-HYD,,2026-04-25T14:19:14Z,2026-04-25
2026-04-26,6428:8-64978:7,Yet to Report,2026-04-26T10:45:00Z,6428,64978,2026-04-26T11:45:00Z,2026-04-26T21:20:00Z,4,12,10.583333333333334,10.583333333333334,12.716666666666667,-0.7166666666666668,8,7.083333333333333,7.3999999999999995,0.6000000000000005,,,2026-04-26T23:28:00Z,L4,78.57463751738491,Airbus,3909,DEL-HYD-🛧DEL-UDR-DEL,,2026-04-25T14:19:14Z,2026-04-25
2026-04-26,20418:7-78812:5,Yet to Report,2026-04-26T14:50:00Z,20418,78812,2026-04-26T15:35:00Z,2026-04-26T22:35:00Z,4,12,7.75,7.75,9.766666666666666,2.2333333333333343,8,5.666666666666667,6.65,1.3499999999999996,-1,0.23333333333333428,2026-04-27T00:36:00Z,L4,90.41155351568032,ATR,1199,HYD-ISK-AMD-NMI-AMD,,2026-04-25T14:19:14Z,2026-04-25
2026-04-26,40204:6-85106:8,Reported,2026-04-26T07:30:00Z,40204,85106,2026-04-26T08:30:00Z,2026-04-26T19:05:00Z,3,12.5,11.75,11.583333333333334,12.916666666666666,-0.4166666666666661,8,6.333333333333333,6.449999999999999,1.5500000000000007,,,2026-04-26T20:25:00Z,L4,78.18078449675991,Airbus,4681,BLR-BOM-🛧BLR-AMD-BLR,,2026-04-26T13:48:19Z,2026-04-26
2026-04-26,20970:8-41630:9,Reported,2026-04-26T13:35:00Z,20970,41630,2026-04-26T14:35:00Z,2026-04-26T22:50:00Z,4,12,9.416666666666666,9.25,10.483333333333333,1.5166666666666675,8,5.416666666666667,5.433333333333334,2.5666666666666664,-1,-0.4833333333333325,2026-04-27T00:04:00Z,L4,90.4115545208274,Airbus,3951,BLR-IXE-🛧BLR-VTZ-BLR,,2026-04-26T13:48:19Z,2026-04-26
2026-04-26,20418:6-78812:5,Yet to Report,2026-04-26T14:50:00Z,20418,78812,2026-04-26T15:35:00Z,2026-04-26T22:45:00Z,4,12,7.75,7.916666666666667,9.916666666666666,2.083333333333334,8,5.666666666666667,6.800000000000001,1.1999999999999993,-1,0.08333333333333393,2026-04-27T00:45:00Z,L4,90.41155372786339,ATR,1199,HYD-ISK-AMD-NMI-AMD,,2026-04-26T13:48:19Z,2026-04-26
2026-04-26,40204:6-85106:8,Reported,2026-04-26T07:30:00Z,40204,85106,2026-04-26T08:30:00Z,2026-04-26T19:05:00Z,3,12.5,11.75,11.583333333333334,12.916666666666666,-0.4166666666666661,8,6.333333333333333,6.449999999999999,1.5500000000000007,,,2026-04-26T20:25:00Z,L4,78.18078449675991,Airbus,4681,BLR-BOM-🛧BLR-AMD-BLR,,2026-04-26T14:05:32Z,2026-04-26
2026-04-26,20970:8-41630:9,Reported,2026-04-26T13:35:00Z,20970,41630,2026-04-26T14:35:00Z,2026-04-26T22:50:00Z,4,12,9.416666666666666,9.25,10.483333333333333,1.5166666666666675,8,5.416666666666667,5.433333333333334,2.5666666666666664,-1,-0.4833333333333325,2026-04-27T00:04:00Z,L4,90.4115545208274,Airbus,3951,BLR-IXE-🛧BLR-VTZ-BLR,,2026-04-26T14:05:32Z,2026-04-26
2026-04-26,20418:6-78812:5,Yet to Report,2026-04-26T14:50:00Z,20418,78812,2026-04-26T15:35:00Z,2026-04-26T22:45:00Z,4,12,7.75,7.916666666666667,9.916666666666666,2.083333333333334,8,5.666666666666667,6.800000000000001,1.1999999999999993,-1,0.08333333333333393,2026-04-27T00:45:00Z,L4,90.41155372786339,ATR,1199,HYD-ISK-AMD-NMI-AMD,,2026-04-26T14:05:32Z,2026-04-26
2026-04-26,40784:9-85106:8,Yet to Report,2026-04-26T07:30:00Z,40784,85106,2026-04-26T08:30:00Z,2026-04-26T19:15:00Z,3,12.5,11.75,11.75,13.083333333333334,-0.5833333333333339,8,6.333333333333333,6.1499999999999995,1.8500000000000005,,,2026-04-26T20:35:00Z,L4,78.40364277365991,Airbus,4681,BLR-BOM-🛧BLR-AMD-BLR,,2026-04-25T14:34:26Z,2026-04-25
2026-04-26,6428:8-64978:7,Yet to Report,2026-04-26T10:45:00Z,6428,64978,2026-04-26T11:45:00Z,2026-04-26T21:20:00Z,4,12,10.583333333333334,10.583333333333334,12.716666666666667,-0.7166666666666668,8,7.083333333333333,7.3999999999999995,0.6000000000000005,,,2026-04-26T23:28:00Z,L4,78.57463751738491,Airbus,3909,DEL-HYD-🛧DEL-UDR-DEL,,2026-04-25T14:34:26Z,2026-04-25
2026-04-26,42538:6-64971:8,Yet to Report,2026-04-26T07:15:00Z,42538,64971,2026-04-26T08:15:00Z,2026-04-26T17:30:00Z,4,12,10.25,10.25,10.95,1.0500000000000007,8,7.5,8.033333333333333,-0.033333333333333215,,,2026-04-26T18:12:00Z,L4,71.89368322573492,Airbus,3157,HYD-IXB-HYD-CJB-HYD,,2026-04-25T14:34:26Z,2026-04-25
2026-04-26,20418:7-78812:5,Yet to Report,2026-04-26T14:50:00Z,20418,78812,2026-04-26T15:35:00Z,2026-04-26T22:35:00Z,4,12,7.75,7.75,9.766666666666666,2.2333333333333343,8,5.666666666666667,6.65,1.3499999999999996,-1,0.23333333333333428,2026-04-27T00:36:00Z,L4,90.41155351568032,ATR,1199,HYD-ISK-AMD-NMI-AMD,,2026-04-25T14:34:26Z,2026-04-25
2026-04-26,20970:8-41630:9,Reported,2026-04-26T13:35:00Z,20970,41630,2026-04-26T14:35:00Z,2026-04-26T22:50:00Z,4,12,9.416666666666666,9.25,10.483333333333333,1.5166666666666675,8,5.416666666666667,5.433333333333334,2.5666666666666664,-1,-0.4833333333333325,2026-04-27T00:04:00Z,L4,90.4115545208274,Airbus,3951,BLR-IXE-🛧BLR-VTZ-BLR,,2026-04-26T14:18:30Z,2026-04-26
2026-04-26,20418:6-78812:5,Yet to Report,2026-04-26T14:50:00Z,20418,78812,2026-04-26T15:35:00Z,2026-04-26T22:45:00Z,4,12,7.75,7.916666666666667,9.916666666666666,2.083333333333334,8,5.666666666666667,6.800000000000001,1.1999999999999993,-1,0.08333333333333393,2026-04-27T00:45:00Z,L4,90.41155372786339,ATR,1199,HYD-ISK-AMD-NMI-AMD,,2026-04-26T14:18:30Z,2026-04-26
2026-04-26,40784:9-85106:8,Yet to Report,2026-04-26T07:30:00Z,40784,85106,2026-04-26T08:30:00Z,2026-04-26T19:15:00Z,3,12.5,11.75,11.75,13.083333333333334,-0.5833333333333339,8,6.333333333333333,6.1499999999999995,1.8500000000000005,,,2026-04-26T20:35:00Z,L4,78.40364277365991,Airbus,4681,BLR-BOM-🛧BLR-AMD-BLR,,2026-04-25T14:48:07Z,2026-04-25
2026-04-26,6428:8-64978:7,Yet to Report,2026-04-26T10:45:00Z,6428,64978,2026-04-26T11:45:00Z,2026-04-26T21:20:00Z,4,12,10.583333333333334,10.583333333333334,12.733333333333334,-0.7333333333333343,8,7.083333333333333,7.3999999999999995,0.6000000000000005,,,2026-04-26T23:29:00Z,L4,78.59549276738491,Airbus,3909,DEL-HYD-🛧DEL-UDR-DEL,,2026-04-25T14:48:07Z,2026-04-25
2026-04-26,42538:6-64971:8,Yet to Report,2026-04-26T07:15:00Z,42538,64971,2026-04-26T08:15:00Z,2026-04-26T17:30:00Z,4,12,10.25,10.25,10.95,1.0500000000000007,8,7.5,8.033333333333333,-0.033333333333333215,,,2026-04-26T18:12:00Z,L4,71.89368322573492,Airbus,3157,HYD-IXB-HYD-CJB-HYD,,2026-04-25T14:48:07Z,2026-04-25
2026-04-26,20418:7-78812:5,Yet to Report,2026-04-26T14:50:00Z,20418,78812,2026-04-26T15:35:00Z,2026-04-26T22:35:00Z,4,12,7.75,7.75,9.766666666666666,2.2333333333333343,8,5.666666666666667,6.65,1.3499999999999996,-1,0.23333333333333428,2026-04-27T00:36:00Z,L4,90.41155351568032,ATR,1199,HYD-ISK-AMD-NMI-AMD,,2026-04-25T14:48:07Z,2026-04-25
2026-04-26,20970:8-41630:9,Reported,2026-04-26T13:35:00Z,20970,41630,2026-04-26T14:35:00Z,2026-04-26T22:50:00Z,4,12,9.416666666666666,9.25,10.483333333333333,1.5166666666666675,8,5.416666666666667,5.433333333333334,2.5666666666666664,-1,-0.4833333333333325,2026-04-27T00:04:00Z,L4,90.4115545208274,Airbus,3951,BLR-IXE-🛧BLR-VTZ-BLR,,2026-04-26T14:35:54Z,2026-04-26
2026-04-26,20418:6-78812:5,Yet to Report,2026-04-26T14:50:00Z,20418,78812,2026-04-26T15:35:00Z,2026-04-26T22:45:00Z,4,12,7.75,7.916666666666667,9.916666666666666,2.083333333333334,8,5.666666666666667,6.800000000000001,1.1999999999999993,-1,0.08333333333333393,2026-04-27T00:45:00Z,L4,90.41155372786339,ATR,1199,HYD-ISK-AMD-NMI-AMD,,2026-04-26T14:35:54Z,2026-04-26
2026-04-26,40784:9-85106:8,Yet to Report,2026-04-26T07:30:00Z,40784,85106,2026-04-26T08:30:00Z,2026-04-26T19:15:00Z,3,12.5,11.75,11.75,13.083333333333334,-0.5833333333333339,8,6.333333333333333,6.1499999999999995,1.8500000000000005,,,2026-04-26T20:35:00Z,L4,78.40364277365991,Airbus,4681,BLR-BOM-🛧BLR-AMD-BLR,,2026-04-25T15:04:24Z,2026-04-25
2026-04-26,6428:8-64978:7,Yet to Report,2026-04-26T10:45:00Z,6428,64978,2026-04-26T11:45:00Z,2026-04-26T21:20:00Z,4,12,10.583333333333334,10.583333333333334,12.733333333333334,-0.7333333333333343,8,7.083333333333333,7.433333333333333,0.5666666666666673,,,2026-04-26T23:29:00Z,L4,78.59549281108491,Airbus,3909,DEL-HYD-🛧DEL-UDR-DEL,,2026-04-25T15:04:24Z,2026-04-25
2026-04-26,42538:6-64971:8,Yet to Report,2026-04-26T07:15:00Z,42538,64971,2026-04-26T08:15:00Z,2026-04-26T17:30:00Z,4,12,10.25,10.25,10.95,1.0500000000000007,8,7.5,8.033333333333333,-0.033333333333333215,,,2026-04-26T18:12:00Z,L4,71.89368322573492,Airbus,3157,HYD-IXB-HYD-CJB-HYD,,2026-04-25T15:04:24Z,2026-04-25
2026-04-26,20418:7-78812:5,Yet to Report,2026-04-26T14:50:00Z,20418,78812,2026-04-26T15:35:00Z,2026-04-26T22:35:00Z,4,12,7.75,7.75,9.766666666666666,2.2333333333333343,8,5.666666666666667,6.65,1.3499999999999996,-1,0.23333333333333428,2026-04-27T00:36:00Z,L4,90.41155351568032,ATR,1199,HYD-ISK-AMD-NMI-AMD,,2026-04-25T15:04:24Z,2026-04-25
2026-04-26,20418:6-78812:5,Yet to Report,2026-04-26T14:50:00Z,20418,78812,2026-04-26T15:35:00Z,2026-04-26T22:45:00Z,4,12,7.75,7.916666666666667,9.916666666666666,2.083333333333334,8,5.666666666666667,6.800000000000001,1.1999999999999993,-1,0.08333333333333393,2026-04-27T00:45:00Z,L4,90.41155372786339,ATR,1199,HYD-ISK-AMD-NMI-AMD,,2026-04-26T14:47:55Z,2026-04-26
2026-04-26,20418:6-78812:5,Reported,2026-04-26T14:50:00Z,20418,78812,2026-04-26T15:35:00Z,2026-04-26T22:45:00Z,4,12,7.75,7.916666666666667,9.916666666666666,2.083333333333334,8,5.666666666666667,6.800000000000001,1.1999999999999993,-1,0.08333333333333393,2026-04-27T00:45:00Z,L4,90.41155372786339,ATR,1199,HYD-ISK-AMD-NMI-AMD,,2026-04-26T15:03:49Z,2026-04-26
2026-04-26,40784:9-85106:8,Yet to Report,2026-04-26T07:30:00Z,40784,85106,2026-04-26T08:30:00Z,2026-04-26T19:15:00Z,3,12.5,11.75,11.75,13.083333333333334,-0.5833333333333339,8,6.333333333333333,6.1499999999999995,1.8500000000000005,,,2026-04-26T20:35:00Z,L4,78.40364277365991,Airbus,4681,BLR-BOM-🛧BLR-AMD-BLR,,2026-04-25T15:17:49Z,2026-04-25
2026-04-26,6428:8-64978:7,Yet to Report,2026-04-26T10:45:00Z,6428,64978,2026-04-26T11:45:00Z,2026-04-26T21:20:00Z,4,12,10.583333333333334,10.583333333333334,12.733333333333334,-0.7333333333333343,8,7.083333333333333,7.433333333333333,0.5666666666666673,,,2026-04-26T23:29:00Z,L4,78.59549281108491,Airbus,3909,DEL-HYD-🛧DEL-UDR-DEL,,2026-04-25T15:17:49Z,2026-04-25
2026-04-26,42538:6-64971:8,Yet to Report,2026-04-26T07:15:00Z,42538,64971,2026-04-26T08:15:00Z,2026-04-26T17:30:00Z,4,12,10.25,10.25,10.95,1.0500000000000007,8,7.5,8.033333333333333,-0.033333333333333215,,,2026-04-26T18:12:00Z,L4,71.89368322573492,Airbus,3157,HYD-IXB-HYD-CJB-HYD,,2026-04-25T15:17:49Z,2026-04-25
2026-04-26,20418:7-78812:5,Yet to Report,2026-04-26T14:50:00Z,20418,78812,2026-04-26T15:35:00Z,2026-04-26T22:35:00Z,4,12,7.75,7.75,9.766666666666666,2.2333333333333343,8,5.666666666666667,6.65,1.3499999999999996,-1,0.23333333333333428,2026-04-27T00:36:00Z,L4,90.41155351568032,ATR,1199,HYD-ISK-AMD-NMI-AMD,,2026-04-25T15:17:49Z,2026-04-25
2026-04-26,40784:9-85106:8,Yet to Report,2026-04-26T07:30:00Z,40784,85106,2026-04-26T08:30:00Z,2026-04-26T19:15:00Z,3,12.5,11.75,11.75,13.083333333333334,-0.5833333333333339,8,6.333333333333333,6.1499999999999995,1.8500000000000005,,,2026-04-26T20:35:00Z,L4,78.40364277365991,Airbus,4681,BLR-BOM-🛧BLR-AMD-BLR,,2026-04-25T15:34:46Z,2026-04-25
2026-04-26,6428:8-64978:7,Yet to Report,2026-04-26T10:45:00Z,6428,64978,2026-04-26T11:45:00Z,2026-04-26T21:20:00Z,4,12,10.583333333333334,10.583333333333334,12.733333333333334,-0.7333333333333343,8,7.083333333333333,7.433333333333333,0.5666666666666673,,,2026-04-26T23:29:00Z,L4,78.59549281108491,Airbus,3909,DEL-HYD-🛧DEL-UDR-DEL,,2026-04-25T15:34:46Z,2026-04-25
2026-04-26,42538:6-64971:8,Yet to Report,2026-04-26T07:15:00Z,42538,64971,2026-04-26T08:15:00Z,2026-04-26T17:30:00Z,4,12,10.25,10.25,10.95,1.0500000000000007,8,7.5,8.033333333333333,-0.033333333333333215,,,2026-04-26T18:12:00Z,L4,71.89368322573492,Airbus,3157,HYD-IXB-HYD-CJB-HYD,,2026-04-25T15:34:46Z,2026-04-25
2026-04-26,20418:7-78812:5,Yet to Report,2026-04-26T14:50:00Z,20418,78812,2026-04-26T15:35:00Z,2026-04-26T22:35:00Z,4,12,7.75,7.75,9.766666666666666,2.2333333333333343,8,5.666666666666667,6.65,1.3499999999999996,-1,0.23333333333333428,2026-04-27T00:36:00Z,L4,90.41155351568032,ATR,1199,HYD-ISK-AMD-NMI-AMD,,2026-04-25T15:34:46Z,2026-04-25
2026-04-26,42538:6-64971:8,Yet to Report,2026-04-26T07:15:00Z,42538,64971,2026-04-26T08:15:00Z,2026-04-26T17:30:00Z,4,12,10.25,10.25,10.95,1.0500000000000007,8,7.5,8.033333333333333,-0.033333333333333215,,,2026-04-26T18:12:00Z,L4,71.89368322573492,Airbus,3157,HYD-IXB-HYD-CJB-HYD,,2026-04-25T15:49:23Z,2026-04-25
2026-04-26,6428:8-64978:7,Yet to Report,2026-04-26T10:45:00Z,6428,64978,2026-04-26T11:45:00Z,2026-04-26T21:20:00Z,4,12,10.583333333333334,10.583333333333334,12.733333333333334,-0.7333333333333343,8,7.083333333333333,7.433333333333333,0.5666666666666673,,,2026-04-26T23:29:00Z,L4,78.59549281108491,Airbus,3909,DEL-HYD-🛧DEL-UDR-DEL,,2026-04-25T15:49:23Z,2026-04-25
2026-04-26,40784:9-85106:8,Yet to Report,2026-04-26T07:30:00Z,40784,85106,2026-04-26T08:30:00Z,2026-04-26T19:15:00Z,3,12.5,11.75,11.75,13.083333333333334,-0.5833333333333339,8,6.333333333333333,6.1499999999999995,1.8500000000000005,,,2026-04-26T20:35:00Z,L4,78.40364277365991,Airbus,4681,BLR-BOM-🛧BLR-AMD-BLR,,2026-04-25T15:49:23Z,2026-04-25
2026-04-26,20418:7-78812:5,Yet to Report,2026-04-26T14:50:00Z,20418,78812,2026-04-26T15:35:00Z,2026-04-26T22:35:00Z,4,12,7.75,7.75,9.766666666666666,2.2333333333333343,8,5.666666666666667,6.65,1.3499999999999996,-1,0.23333333333333428,2026-04-27T00:36:00Z,L4,90.41155351568032,ATR,1199,HYD-ISK-AMD-NMI-AMD,,2026-04-25T15:49:23Z,2026-04-25
2026-04-26,20418:6-78812:5,Reported,2026-04-26T14:50:00Z,20418,78812,2026-04-26T15:35:00Z,2026-04-26T22:45:00Z,4,12,7.75,7.916666666666667,9.916666666666666,2.083333333333334,8,5.666666666666667,6.800000000000001,1.1999999999999993,-1,0.08333333333333393,2026-04-27T00:45:00Z,L4,90.41155372786339,ATR,1199,HYD-ISK-AMD-NMI-AMD,,2026-04-26T15:18:27Z,2026-04-26
2026-04-26,20418:6-78812:5,Reported,2026-04-26T14:50:00Z,20418,78812,2026-04-26T15:35:00Z,2026-04-26T22:45:00Z,4,12,7.75,7.916666666666667,9.916666666666666,2.083333333333334,8,5.666666666666667,6.800000000000001,1.1999999999999993,-1,0.08333333333333393,2026-04-27T00:45:00Z,L4,90.41155372786339,ATR,1199,HYD-ISK-AMD-NMI-AMD,,2026-04-26T15:33:56Z,2026-04-26
2026-04-26,40784:9-85106:8,Yet to Report,2026-04-26T07:30:00Z,40784,85106,2026-04-26T08:30:00Z,2026-04-26T19:15:00Z,3,12.5,11.75,11.75,13.083333333333334,-0.5833333333333339,8,6.333333333333333,6.1499999999999995,1.8500000000000005,,,2026-04-26T20:35:00Z,L4,78.40364277365991,Airbus,4681,BLR-BOM-🛧BLR-AMD-BLR,,2026-04-25T16:04:22Z,2026-04-25
2026-04-26,6428:8-64978:7,Yet to Report,2026-04-26T10:45:00Z,6428,64978,2026-04-26T11:45:00Z,2026-04-26T21:20:00Z,4,12,10.583333333333334,10.583333333333334,12.733333333333334,-0.7333333333333343,8,7.083333333333333,7.433333333333333,0.5666666666666673,,,2026-04-26T23:29:00Z,L4,78.59549281108491,Airbus,3909,DEL-HYD-🛧DEL-UDR-DEL,,2026-04-25T16:04:22Z,2026-04-25
2026-04-26,42538:6-64971:8,Yet to Report,2026-04-26T07:15:00Z,42538,64971,2026-04-26T08:15:00Z,2026-04-26T17:30:00Z,4,12,10.25,10.25,10.95,1.0500000000000007,8,7.5,8.033333333333333,-0.033333333333333215,,,2026-04-26T18:12:00Z,L4,71.89368322573492,Airbus,3157,HYD-IXB-HYD-CJB-HYD,,2026-04-25T16:04:22Z,2026-04-25
2026-04-26,20418:7-78812:5,Yet to Report,2026-04-26T14:50:00Z,20418,78812,2026-04-26T15:35:00Z,2026-04-26T22:35:00Z,4,12,7.75,7.75,9.766666666666666,2.2333333333333343,8,5.666666666666667,6.65,1.3499999999999996,-1,0.23333333333333428,2026-04-27T00:36:00Z,L4,90.41155351568032,ATR,1199,HYD-ISK-AMD-NMI-AMD,,2026-04-25T16:04:22Z,2026-04-25
2026-04-26,40784:9-85106:8,Yet to Report,2026-04-26T07:30:00Z,40784,85106,2026-04-26T08:30:00Z,2026-04-26T19:15:00Z,3,12.5,11.75,11.75,12.833333333333334,-0.3333333333333339,8,6.333333333333333,6.1499999999999995,1.8500000000000005,,,2026-04-26T20:20:00Z,L4,78.06628452365992,Airbus,4681,BLR-BOM-🛧BLR-AMD-BLR,,2026-04-25T16:18:08Z,2026-04-25
2026-04-26,6428:8-64978:7,Yet to Report,2026-04-26T10:45:00Z,6428,64978,2026-04-26T11:45:00Z,2026-04-26T21:20:00Z,4,12,10.583333333333334,10.583333333333334,12.733333333333334,-0.7333333333333343,8,7.083333333333333,7.433333333333333,0.5666666666666673,,,2026-04-26T23:29:00Z,L4,78.59549281108491,Airbus,3909,DEL-HYD-🛧DEL-UDR-DEL,,2026-04-25T16:18:08Z,2026-04-25
2026-04-26,42538:6-64971:8,Yet to Report,2026-04-26T07:15:00Z,42538,64971,2026-04-26T08:15:00Z,2026-04-26T17:30:00Z,4,12,10.25,10.25,10.966666666666667,1.0333333333333332,8,7.5,8.033333333333333,-0.033333333333333215,,,2026-04-26T18:13:00Z,L4,71.89368324413492,Airbus,3157,HYD-IXB-HYD-CJB-HYD,,2026-04-25T16:18:08Z,2026-04-25
2026-04-26,20418:7-78812:5,Yet to Report,2026-04-26T14:50:00Z,20418,78812,2026-04-26T15:35:00Z,2026-04-26T22:35:00Z,4,12,7.75,7.75,9.766666666666666,2.2333333333333343,8,5.666666666666667,6.65,1.3499999999999996,-1,0.23333333333333428,2026-04-27T00:36:00Z,L4,90.41155351568032,ATR,1199,HYD-ISK-AMD-NMI-AMD,,2026-04-25T16:18:08Z,2026-04-25
2026-04-26,40784:9-85106:8,Yet to Report,2026-04-26T07:30:00Z,40784,85106,2026-04-26T08:30:00Z,2026-04-26T19:15:00Z,3,12.5,11.75,11.75,12.833333333333334,-0.3333333333333339,8,6.333333333333333,6.1499999999999995,1.8500000000000005,,,2026-04-26T20:20:00Z,L4,78.06628452365992,Airbus,4681,BLR-BOM-🛧BLR-AMD-BLR,,2026-04-25T16:33:37Z,2026-04-25
2026-04-26,6428:8-64978:7,Yet to Report,2026-04-26T10:45:00Z,6428,64978,2026-04-26T11:45:00Z,2026-04-26T21:20:00Z,4,12,10.583333333333334,10.583333333333334,12.733333333333334,-0.7333333333333343,8,7.083333333333333,7.433333333333333,0.5666666666666673,,,2026-04-26T23:29:00Z,L4,78.59549281108491,Airbus,3909,DEL-HYD-🛧DEL-UDR-DEL,,2026-04-25T16:33:37Z,2026-04-25
2026-04-26,42538:6-64971:8,Yet to Report,2026-04-26T07:15:00Z,42538,64971,2026-04-26T08:15:00Z,2026-04-26T17:30:00Z,4,12,10.25,10.25,10.966666666666667,1.0333333333333332,8,7.5,8.05,-0.05000000000000071,,,2026-04-26T18:13:00Z,L4,71.91739049413492,Airbus,3157,HYD-IXB-HYD-CJB-HYD,,2026-04-25T16:33:37Z,2026-04-25
2026-04-26,20418:7-78812:5,Yet to Report,2026-04-26T14:50:00Z,20418,78812,2026-04-26T15:35:00Z,2026-04-26T22:35:00Z,4,12,7.75,7.75,9.766666666666666,2.2333333333333343,8,5.666666666666667,6.65,1.3499999999999996,-1,0.23333333333333428,2026-04-27T00:36:00Z,L4,90.41155351568032,ATR,1199,HYD-ISK-AMD-NMI-AMD,,2026-04-25T16:33:37Z,2026-04-25
2026-04-26,20418:6-78812:5,Reported,2026-04-26T14:50:00Z,20418,78812,2026-04-26T15:35:00Z,2026-04-26T22:45:00Z,4,12,7.75,7.916666666666667,9.916666666666666,2.083333333333334,8,5.666666666666667,6.800000000000001,1.1999999999999993,-1,0.08333333333333393,2026-04-27T00:45:00Z,L4,90.41155372786339,ATR,1199,HYD-ISK-AMD-NMI-AMD,,2026-04-26T15:47:50Z,2026-04-26
2026-04-26,40784:9-85106:8,Yet to Report,2026-04-26T07:30:00Z,40784,85106,2026-04-26T08:30:00Z,2026-04-26T19:15:00Z,3,12.5,11.75,11.75,12.833333333333334,-0.3333333333333339,8,6.333333333333333,6.1499999999999995,1.8500000000000005,,,2026-04-26T20:20:00Z,L4,78.06628452365992,Airbus,4681,BLR-BOM-🛧BLR-AMD-BLR,,2026-04-25T16:48:36Z,2026-04-25
2026-04-26,42538:6-64971:8,Yet to Report,2026-04-26T07:15:00Z,42538,64971,2026-04-26T08:15:00Z,2026-04-26T17:35:00Z,4,12,10.25,10.333333333333334,10.966666666666667,1.0333333333333332,8,7.5,8.05,-0.05000000000000071,,,2026-04-26T18:13:00Z,L4,71.91739049413492,Airbus,3157,HYD-IXB-HYD-CJB-HYD,,2026-04-25T16:48:36Z,2026-04-25
2026-04-26,6428:8-64978:7,Yet to Report,2026-04-26T10:45:00Z,6428,64978,2026-04-26T11:45:00Z,2026-04-26T21:20:00Z,4,12,10.583333333333334,10.583333333333334,12.733333333333334,-0.7333333333333343,8,7.083333333333333,7.433333333333333,0.5666666666666673,,,2026-04-26T23:29:00Z,L4,78.59549281108491,Airbus,3909,DEL-HYD-🛧DEL-UDR-DEL,,2026-04-25T16:48:36Z,2026-04-25
2026-04-26,20418:7-78812:5,Yet to Report,2026-04-26T14:50:00Z,20418,78812,2026-04-26T15:35:00Z,2026-04-26T22:35:00Z,4,12,7.75,7.75,9.766666666666666,2.2333333333333343,8,5.666666666666667,6.65,1.3499999999999996,-1,0.23333333333333428,2026-04-27T00:36:00Z,L4,90.41155351568032,ATR,1199,HYD-ISK-AMD-NMI-AMD,,2026-04-25T16:48:36Z,2026-04-25
2026-04-26,40784:9-85106:8,Yet to Report,2026-04-26T07:30:00Z,40784,85106,2026-04-26T08:30:00Z,2026-04-26T19:15:00Z,3,12.5,11.75,11.75,12.833333333333334,-0.3333333333333339,8,6.333333333333333,6.1499999999999995,1.8500000000000005,,,2026-04-26T20:20:00Z,L4,78.06628452365992,Airbus,4681,BLR-BOM-🛧BLR-AMD-BLR,,2026-04-25T17:04:55Z,2026-04-25
2026-04-26,6428:8-64978:7,Yet to Report,2026-04-26T10:45:00Z,6428,64978,2026-04-26T11:45:00Z,2026-04-26T21:20:00Z,4,12,10.583333333333334,10.583333333333334,12.733333333333334,-0.7333333333333343,8,7.083333333333333,7.433333333333333,0.5666666666666673,,,2026-04-26T23:29:00Z,L4,78.59549281108491,Airbus,3909,DEL-HYD-🛧DEL-UDR-DEL,,2026-04-25T17:04:55Z,2026-04-25
2026-04-26,42538:6-64971:8,Yet to Report,2026-04-26T07:15:00Z,42538,64971,2026-04-26T08:15:00Z,2026-04-26T17:35:00Z,4,12,10.25,10.333333333333334,10.966666666666667,1.0333333333333332,8,7.5,8.05,-0.05000000000000071,,,2026-04-26T18:13:00Z,L4,71.91739049413492,Airbus,3157,HYD-IXB-HYD-CJB-HYD,,2026-04-25T17:04:55Z,2026-04-25
2026-04-26,20418:7-78812:5,Yet to Report,2026-04-26T14:50:00Z,20418,78812,2026-04-26T15:35:00Z,2026-04-26T22:35:00Z,4,12,7.75,7.75,9.766666666666666,2.2333333333333343,8,5.666666666666667,6.65,1.3499999999999996,-1,0.23333333333333428,2026-04-27T00:36:00Z,L4,90.41155351568032,ATR,1199,HYD-ISK-AMD-NMI-AMD,,2026-04-25T17:04:55Z,2026-04-25
2026-04-26,40784:9-85106:8,Yet to Report,2026-04-26T07:30:00Z,40784,85106,2026-04-26T08:30:00Z,2026-04-26T19:15:00Z,3,12.5,11.75,11.75,12.833333333333334,-0.3333333333333339,8,6.333333333333333,6.1499999999999995,1.8500000000000005,,,2026-04-26T20:20:00Z,L4,78.06628452365992,Airbus,4681,BLR-BOM-🛧BLR-AMD-BLR,,2026-04-25T17:17:45Z,2026-04-25
2026-04-26,6428:8-64978:7,Yet to Report,2026-04-26T10:45:00Z,6428,64978,2026-04-26T11:45:00Z,2026-04-26T21:20:00Z,4,12,10.583333333333334,10.583333333333334,12.733333333333334,-0.7333333333333343,8,7.083333333333333,7.433333333333333,0.5666666666666673,,,2026-04-26T23:29:00Z,L4,78.59549281108491,Airbus,3909,DEL-HYD-🛧DEL-UDR-DEL,,2026-04-25T17:17:45Z,2026-04-25
2026-04-26,42538:6-64971:8,Yet to Report,2026-04-26T07:15:00Z,42538,64971,2026-04-26T08:15:00Z,2026-04-26T17:35:00Z,4,12,10.25,10.333333333333334,10.966666666666667,1.0333333333333332,8,7.5,8.05,-0.05000000000000071,,,2026-04-26T18:13:00Z,L4,71.91739049413492,Airbus,3157,HYD-IXB-HYD-CJB-HYD,,2026-04-25T17:17:45Z,2026-04-25
2026-04-26,20418:7-78812:5,Yet to Report,2026-04-26T14:50:00Z,20418,78812,2026-04-26T15:35:00Z,2026-04-26T22:35:00Z,4,12,7.75,7.75,9.766666666666666,2.2333333333333343,8,5.666666666666667,6.65,1.3499999999999996,-1,0.23333333333333428,2026-04-27T00:36:00Z,L4,90.41155351568032,ATR,1199,HYD-ISK-AMD-NMI-AMD,,2026-04-25T17:17:45Z,2026-04-25
2026-04-26,40784:9-85106:8,Yet to Report,2026-04-26T07:30:00Z,40784,85106,2026-04-26T08:30:00Z,2026-04-26T19:05:00Z,3,12.5,11.75,11.583333333333334,12.833333333333334,-0.3333333333333339,8,6.333333333333333,6.1499999999999995,1.8500000000000005,,,2026-04-26T20:20:00Z,L4,78.06628452365992,Airbus,4681,BLR-BOM-🛧BLR-AMD-BLR,,2026-04-25T17:34:14Z,2026-04-25
2026-04-26,6428:8-64978:7,Yet to Report,2026-04-26T10:45:00Z,6428,64978,2026-04-26T11:45:00Z,2026-04-26T21:20:00Z,4,12,10.583333333333334,10.583333333333334,12.733333333333334,-0.7333333333333343,8,7.083333333333333,7.433333333333333,0.5666666666666673,,,2026-04-26T23:29:00Z,L4,78.59549281108491,Airbus,3909,DEL-HYD-🛧DEL-UDR-DEL,,2026-04-25T17:34:14Z,2026-04-25
2026-04-26,42538:6-64971:8,Yet to Report,2026-04-26T07:15:00Z,42538,64971,2026-04-26T08:15:00Z,2026-04-26T17:35:00Z,4,12,10.25,10.333333333333334,10.966666666666667,1.0333333333333332,8,7.5,8.05,-0.05000000000000071,,,2026-04-26T18:13:00Z,L4,71.91739049413492,Airbus,3157,HYD-IXB-HYD-CJB-HYD,,2026-04-25T17:34:14Z,2026-04-25
2026-04-26,20418:7-78812:5,Yet to Report,2026-04-26T14:50:00Z,20418,78812,2026-04-26T15:35:00Z,2026-04-26T22:35:00Z,4,12,7.75,7.75,9.766666666666666,2.2333333333333343,8,5.666666666666667,6.65,1.3499999999999996,-1,0.23333333333333428,2026-04-27T00:36:00Z,L4,90.41155351568032,ATR,1199,HYD-ISK-AMD-NMI-AMD,,2026-04-25T17:34:14Z,2026-04-25
2026-04-26,40784:9-85106:8,Yet to Report,2026-04-26T07:30:00Z,40784,85106,2026-04-26T08:30:00Z,2026-04-26T19:05:00Z,3,12.5,11.75,11.583333333333334,12.833333333333334,-0.3333333333333339,8,6.333333333333333,6.1499999999999995,1.8500000000000005,,,2026-04-26T20:20:00Z,L4,78.06628452365992,Airbus,4681,BLR-BOM-🛧BLR-AMD-BLR,,2026-04-25T17:48:27Z,2026-04-25
2026-04-26,6428:8-64978:7,Yet to Report,2026-04-26T10:45:00Z,6428,64978,2026-04-26T11:45:00Z,2026-04-26T21:20:00Z,4,12,10.583333333333334,10.583333333333334,12.733333333333334,-0.7333333333333343,8,7.083333333333333,7.433333333333333,0.5666666666666673,,,2026-04-26T23:29:00Z,L4,78.59549281108491,Airbus,3909,DEL-HYD-🛧DEL-UDR-DEL,,2026-04-25T17:48:27Z,2026-04-25
2026-04-26,42538:6-64971:8,Yet to Report,2026-04-26T07:15:00Z,42538,64971,2026-04-26T08:15:00Z,2026-04-26T17:35:00Z,4,12,10.25,10.333333333333334,10.966666666666667,1.0333333333333332,8,7.5,8.05,-0.05000000000000071,,,2026-04-26T18:13:00Z,L4,71.91739049413492,Airbus,3157,HYD-IXB-HYD-CJB-HYD,,2026-04-25T17:48:27Z,2026-04-25
2026-04-26,20418:7-78812:5,Yet to Report,2026-04-26T14:50:00Z,20418,78812,2026-04-26T15:35:00Z,2026-04-26T22:35:00Z,4,12,7.75,7.75,9.733333333333334,2.2666666666666657,8,5.666666666666667,6.65,1.3499999999999996,-1,0.2666666666666657,2026-04-27T00:34:00Z,L4,90.4115534691036,ATR,1199,HYD-ISK-AMD-NMI-AMD,,2026-04-25T17:48:27Z,2026-04-25
2026-04-26,40784:9-85106:8,Yet to Report,2026-04-26T07:30:00Z,40784,85106,2026-04-26T08:30:00Z,2026-04-26T19:05:00Z,3,12.5,11.75,11.583333333333334,12.833333333333334,-0.3333333333333339,8,6.333333333333333,6.1499999999999995,1.8500000000000005,,,2026-04-26T20:20:00Z,L4,78.06628452365992,Airbus,4681,BLR-BOM-🛧BLR-AMD-BLR,,2026-04-25T18:06:49Z,2026-04-25
2026-04-26,6428:8-64978:7,Yet to Report,2026-04-26T10:45:00Z,6428,64978,2026-04-26T11:45:00Z,2026-04-26T21:20:00Z,4,12,10.583333333333334,10.583333333333334,12.733333333333334,-0.7333333333333343,8,7.083333333333333,7.433333333333333,0.5666666666666673,,,2026-04-26T23:29:00Z,L4,78.59549281108491,Airbus,3909,DEL-HYD-🛧DEL-UDR-DEL,,2026-04-25T18:06:49Z,2026-04-25
2026-04-26,42538:6-64971:8,Yet to Report,2026-04-26T07:15:00Z,42538,64971,2026-04-26T08:15:00Z,2026-04-26T17:35:00Z,4,12,10.25,10.333333333333334,10.966666666666667,1.0333333333333332,8,7.5,8.05,-0.05000000000000071,,,2026-04-26T18:13:00Z,L4,71.91739049413492,Airbus,3157,HYD-IXB-HYD-CJB-HYD,,2026-04-25T18:06:49Z,2026-04-25
2026-04-26,20418:7-78812:5,Yet to Report,2026-04-26T14:50:00Z,20418,78812,2026-04-26T15:35:00Z,2026-04-26T22:35:00Z,4,12,7.75,7.75,9.75,2.25,8,5.666666666666667,6.616666666666667,1.3833333333333329,-1,0.25,2026-04-27T00:35:00Z,L4,90.41155349210418,ATR,1199,HYD-ISK-AMD-NMI-AMD,,2026-04-25T18:06:49Z,2026-04-25
2026-04-26,40784:9-85106:8,Yet to Report,2026-04-26T07:30:00Z,40784,85106,2026-04-26T08:30:00Z,2026-04-26T19:05:00Z,3,12.5,11.75,11.583333333333334,12.833333333333334,-0.3333333333333339,8,6.333333333333333,6.1499999999999995,1.8500000000000005,,,2026-04-26T20:20:00Z,L4,78.06628452365992,Airbus,4681,BLR-BOM-🛧BLR-AMD-BLR,,2026-04-25T18:18:11Z,2026-04-25
2026-04-26,6428:8-64978:7,Yet to Report,2026-04-26T10:45:00Z,6428,64978,2026-04-26T11:45:00Z,2026-04-26T21:20:00Z,4,12,10.583333333333334,10.583333333333334,12.733333333333334,-0.7333333333333343,8,7.083333333333333,7.433333333333333,0.5666666666666673,,,2026-04-26T23:29:00Z,L4,78.59549281108491,Airbus,3909,DEL-HYD-🛧DEL-UDR-DEL,,2026-04-25T18:18:11Z,2026-04-25
2026-04-26,42538:6-64971:8,Yet to Report,2026-04-26T07:15:00Z,42538,64971,2026-04-26T08:15:00Z,2026-04-26T17:35:00Z,4,12,10.25,10.333333333333334,10.966666666666667,1.0333333333333332,8,7.5,8.05,-0.05000000000000071,,,2026-04-26T18:13:00Z,L4,71.91739049413492,Airbus,3157,HYD-IXB-HYD-CJB-HYD,,2026-04-25T18:18:11Z,2026-04-25
2026-04-26,20418:7-78812:5,Yet to Report,2026-04-26T14:50:00Z,20418,78812,2026-04-26T15:35:00Z,2026-04-26T22:35:00Z,4,12,7.75,7.75,9.75,2.25,8,5.666666666666667,6.616666666666667,1.3833333333333329,-1,0.25,2026-04-27T00:35:00Z,L4,90.41155349210418,ATR,1199,HYD-ISK-AMD-NMI-AMD,,2026-04-25T18:18:11Z,2026-04-25
2026-04-26,40784:9-85106:8,Yet to Report,2026-04-26T07:30:00Z,40784,85106,2026-04-26T08:30:00Z,2026-04-26T19:05:00Z,3,12.5,11.75,11.583333333333334,12.833333333333334,-0.3333333333333339,8,6.333333333333333,6.1499999999999995,1.8500000000000005,,,2026-04-26T20:20:00Z,L4,78.06628452365992,Airbus,4681,BLR-BOM-🛧BLR-AMD-BLR,,2026-04-25T18:33:00Z,2026-04-25
2026-04-26,6428:8-64978:7,Yet to Report,2026-04-26T10:45:00Z,6428,64978,2026-04-26T11:45:00Z,2026-04-26T21:20:00Z,4,12,10.583333333333334,10.583333333333334,12.733333333333334,-0.7333333333333343,8,7.083333333333333,7.433333333333333,0.5666666666666673,,,2026-04-26T23:29:00Z,L4,78.59549281108491,Airbus,3909,DEL-HYD-🛧DEL-UDR-DEL,,2026-04-25T18:33:00Z,2026-04-25
2026-04-26,42538:6-64971:8,Yet to Report,2026-04-26T07:15:00Z,42538,64971,2026-04-26T08:15:00Z,2026-04-26T17:35:00Z,4,12,10.25,10.333333333333334,10.966666666666667,1.0333333333333332,8,7.5,8.016666666666667,-0.016666666666667496,,,2026-04-26T18:13:00Z,L4,71.86997024413492,Airbus,3157,HYD-IXB-HYD-CJB-HYD,,2026-04-25T18:33:00Z,2026-04-25
2026-04-26,20418:7-78812:5,Yet to Report,2026-04-26T14:50:00Z,20418,78812,2026-04-26T15:35:00Z,2026-04-26T22:35:00Z,4,12,7.75,7.75,9.75,2.25,8,5.666666666666667,6.616666666666667,1.3833333333333329,-1,0.25,2026-04-27T00:35:00Z,L4,90.41155349210418,ATR,1199,HYD-ISK-AMD-NMI-AMD,,2026-04-25T18:33:00Z,2026-04-25
2026-04-26,40784:9-85106:8,Yet to Report,2026-04-26T07:30:00Z,40784,85106,2026-04-26T08:30:00Z,2026-04-26T19:05:00Z,3,12.5,11.75,11.583333333333334,12.833333333333334,-0.3333333333333339,8,6.333333333333333,6.1499999999999995,1.8500000000000005,,,2026-04-26T20:20:00Z,L4,78.06628452365992,Airbus,4681,BLR-BOM-🛧BLR-AMD-BLR,,2026-04-25T18:48:01Z,2026-04-25
2026-04-26,6428:8-64978:7,Yet to Report,2026-04-26T10:45:00Z,6428,64978,2026-04-26T11:45:00Z,2026-04-26T21:20:00Z,4,12,10.583333333333334,10.583333333333334,12.733333333333334,-0.7333333333333343,8,7.083333333333333,7.433333333333333,0.5666666666666673,,,2026-04-26T23:29:00Z,L4,78.59549281108491,Airbus,3909,DEL-HYD-🛧DEL-UDR-DEL,,2026-04-25T18:48:01Z,2026-04-25
2026-04-26,42538:6-64971:8,Yet to Report,2026-04-26T07:15:00Z,42538,64971,2026-04-26T08:15:00Z,2026-04-26T17:35:00Z,4,12,10.25,10.333333333333334,10.966666666666667,1.0333333333333332,8,7.5,8.016666666666667,-0.016666666666667496,,,2026-04-26T18:13:00Z,L4,71.86997024413492,Airbus,3157,HYD-IXB-HYD-CJB-HYD,,2026-04-25T18:48:01Z,2026-04-25
2026-04-26,20418:7-78812:5,Yet to Report,2026-04-26T14:50:00Z,20418,78812,2026-04-26T15:35:00Z,2026-04-26T22:35:00Z,4,12,7.75,7.75,9.75,2.25,8,5.666666666666667,6.616666666666667,1.3833333333333329,-1,0.25,2026-04-27T00:35:00Z,L4,90.41155349210418,ATR,1199,HYD-ISK-AMD-NMI-AMD,,2026-04-25T18:48:01Z,2026-04-25
2026-04-26,40784:9-85106:8,Yet to Report,2026-04-26T07:30:00Z,40784,85106,2026-04-26T08:30:00Z,2026-04-26T19:05:00Z,3,12.5,11.75,11.583333333333334,12.833333333333334,-0.3333333333333339,8,6.333333333333333,6.1499999999999995,1.8500000000000005,,,2026-04-26T20:20:00Z,L4,78.06628452365992,Airbus,4681,BLR-BOM-🛧BLR-AMD-BLR,,2026-04-25T19:05:40Z,2026-04-25
2026-04-26,20418:7-78812:5,Yet to Report,2026-04-26T14:50:00Z,20418,78812,2026-04-26T15:35:00Z,2026-04-26T22:35:00Z,4,12,7.75,7.75,9.75,2.25,8,5.666666666666667,6.616666666666667,1.3833333333333329,-1,0.25,2026-04-27T00:35:00Z,L4,90.41155349210418,ATR,1199,HYD-ISK-AMD-NMI-AMD,,2026-04-25T19:05:40Z,2026-04-25
2026-04-26,6428:8-64978:7,Yet to Report,2026-04-26T10:45:00Z,6428,64978,2026-04-26T11:45:00Z,2026-04-26T21:20:00Z,4,12,10.583333333333334,10.583333333333334,12.733333333333334,-0.7333333333333343,8,7.083333333333333,7.433333333333333,0.5666666666666673,,,2026-04-26T23:29:00Z,L4,78.59549281108491,Airbus,3909,DEL-HYD-🛧DEL-UDR-DEL,,2026-04-25T19:05:40Z,2026-04-25
2026-04-26,42538:6-64971:8,Yet to Report,2026-04-26T07:15:00Z,42538,64971,2026-04-26T08:15:00Z,2026-04-26T17:35:00Z,4,12,10.25,10.333333333333334,10.966666666666667,1.0333333333333332,8,7.5,8.016666666666667,-0.016666666666667496,,,2026-04-26T18:13:00Z,L4,71.86997024413492,Airbus,3157,HYD-IXB-HYD-CJB-HYD,,2026-04-25T19:05:40Z,2026-04-25
2026-04-26,39850:6-82987:8,Reported,2026-04-26T08:45:00Z,39850,82987,2026-04-26T09:45:00Z,2026-04-26T22:05:00Z,5,11.5,10.916666666666666,13.333333333333334,16.666666666666664,-5.166666666666664,8,7.583333333333333,7.5,0.5,-2,-6.666666666666664,2026-04-27T01:25:00Z,L4,91.26394243559102,Airbus,4149,CCU-DED-🛧CCU-IXA-CCU-CCU,,2026-04-26T18:48:23Z,2026-04-26
2026-04-26,40784:9-85106:8,Yet to Report,2026-04-26T07:30:00Z,40784,85106,2026-04-26T08:30:00Z,2026-04-26T19:05:00Z,3,12.5,11.75,11.583333333333334,12.833333333333334,-0.3333333333333339,8,6.333333333333333,6.1499999999999995,1.8500000000000005,,,2026-04-26T20:20:00Z,L4,78.06628452365992,Airbus,4681,BLR-BOM-🛧BLR-AMD-BLR,,2026-04-25T19:17:58Z,2026-04-25
2026-04-26,20418:7-78812:5,Yet to Report,2026-04-26T14:50:00Z,20418,78812,2026-04-26T15:35:00Z,2026-04-26T22:35:00Z,4,12,7.75,7.75,9.75,2.25,8,5.666666666666667,6.616666666666667,1.3833333333333329,-1,0.25,2026-04-27T00:35:00Z,L4,90.41155349210418,ATR,1199,HYD-ISK-AMD-NMI-AMD,,2026-04-25T19:17:58Z,2026-04-25
2026-04-26,6428:8-64978:7,Yet to Report,2026-04-26T10:45:00Z,6428,64978,2026-04-26T11:45:00Z,2026-04-26T21:20:00Z,4,12,10.583333333333334,10.583333333333334,12.733333333333334,-0.7333333333333343,8,7.083333333333333,7.433333333333333,0.5666666666666673,,,2026-04-26T23:29:00Z,L4,78.59549281108491,Airbus,3909,DEL-HYD-🛧DEL-UDR-DEL,,2026-04-25T19:17:58Z,2026-04-25
2026-04-26,42538:6-64971:8,Yet to Report,2026-04-26T07:15:00Z,42538,64971,2026-04-26T08:15:00Z,2026-04-26T17:35:00Z,4,12,10.25,10.333333333333334,10.966666666666667,1.0333333333333332,8,7.5,8.016666666666667,-0.016666666666667496,,,2026-04-26T18:13:00Z,L4,71.86997024413492,Airbus,3157,HYD-IXB-HYD-CJB-HYD,,2026-04-25T19:17:58Z,2026-04-25
2026-04-26,40784:9-85106:8,Yet to Report,2026-04-26T07:30:00Z,40784,85106,2026-04-26T08:30:00Z,2026-04-26T19:05:00Z,3,12.5,11.75,11.583333333333334,12.833333333333334,-0.3333333333333339,8,6.333333333333333,6.1499999999999995,1.8500000000000005,,,2026-04-26T20:20:00Z,L4,78.06628452365992,Airbus,4681,BLR-BOM-🛧BLR-AMD-BLR,,2026-04-25T19:34:27Z,2026-04-25
2026-04-26,20418:7-78812:5,Yet to Report,2026-04-26T14:50:00Z,20418,78812,2026-04-26T15:35:00Z,2026-04-26T22:35:00Z,4,12,7.75,7.75,9.75,2.25,8,5.666666666666667,6.616666666666667,1.3833333333333329,-1,0.25,2026-04-27T00:35:00Z,L4,90.41155349210418,ATR,1199,HYD-ISK-AMD-NMI-AMD,,2026-04-25T19:34:27Z,2026-04-25
2026-04-26,42538:6-64971:8,Yet to Report,2026-04-26T07:15:00Z,42538,64971,2026-04-26T08:15:00Z,2026-04-26T17:35:00Z,4,12,10.25,10.333333333333334,10.966666666666667,1.0333333333333332,8,7.5,8.016666666666667,-0.016666666666667496,,,2026-04-26T18:13:00Z,L4,71.86997024413492,Airbus,3157,HYD-IXB-HYD-CJB-HYD,,2026-04-25T19:34:27Z,2026-04-25
2026-04-26,-64978:7,Yet to Report,2026-04-26T10:45:00Z,,64978,2026-04-26T11:45:00Z,2026-04-26T21:20:00Z,4,12,10.583333333333334,10.583333333333334,12.733333333333334,-0.7333333333333343,8,7.083333333333333,7.433333333333333,0.5666666666666673,,,2026-04-26T23:29:00Z,L4,78.59549281108491,Airbus,3909,DEL-HYD-🛧DEL-UDR-DEL,,2026-04-25T19:34:27Z,2026-04-25
2026-04-26,20418:7-78812:5,Yet to Report,2026-04-26T14:50:00Z,20418,78812,2026-04-26T15:35:00Z,2026-04-26T22:35:00Z,4,12,7.75,7.75,9.75,2.25,8,5.666666666666667,6.616666666666667,1.3833333333333329,-1,0.25,2026-04-27T00:35:00Z,L4,90.41155349210418,ATR,1199,HYD-ISK-AMD-NMI-AMD,,2026-04-25T19:48:41Z,2026-04-25
2026-04-26,40784:9-85106:8,Yet to Report,2026-04-26T07:30:00Z,40784,85106,2026-04-26T08:30:00Z,2026-04-26T19:05:00Z,3,12.5,11.75,11.583333333333334,12.833333333333334,-0.3333333333333339,8,6.333333333333333,6.1499999999999995,1.8500000000000005,,,2026-04-26T20:20:00Z,L4,78.06628452365992,Airbus,4681,BLR-BOM-🛧BLR-AMD-BLR,,2026-04-25T19:48:41Z,2026-04-25
2026-04-26,42538:6-64971:8,Yet to Report,2026-04-26T07:15:00Z,42538,64971,2026-04-26T08:15:00Z,2026-04-26T17:35:00Z,4,12,10.25,10.333333333333334,10.966666666666667,1.0333333333333332,8,7.5,8.016666666666667,-0.016666666666667496,,,2026-04-26T18:13:00Z,L4,71.86997024413492,Airbus,3157,HYD-IXB-HYD-CJB-HYD,,2026-04-25T19:48:41Z,2026-04-25
2026-04-26,-64978:7,Yet to Report,2026-04-26T10:45:00Z,,64978,2026-04-26T11:45:00Z,2026-04-26T21:20:00Z,4,12,10.583333333333334,10.583333333333334,12.716666666666667,-0.7166666666666668,8,7.083333333333333,7.416666666666666,0.5833333333333339,,,2026-04-26T23:28:00Z,L4,78.57463753923491,Airbus,3909,DEL-HYD-🛧DEL-UDR-DEL,,2026-04-25T19:48:41Z,2026-04-25
2026-04-26,39850:6-82987:8,Reported,2026-04-26T08:45:00Z,39850,82987,2026-04-26T09:45:00Z,2026-04-26T19:05:00Z,3,12.5,9.416666666666666,10.333333333333334,13.5,-1,8,5.583333333333333,5.5,2.5,,,2026-04-26T22:15:00Z,L4,78.91155143210992,Airbus,4149,CCU-DED-🛧CCU-IXA-CCU,,2026-04-26T19:05:08Z,2026-04-26
2026-04-26,40784:9-85106:8,Yet to Report,2026-04-26T07:30:00Z,40784,85106,2026-04-26T08:30:00Z,2026-04-26T19:05:00Z,3,12.5,11.75,11.583333333333334,12.833333333333334,-0.3333333333333339,8,6.333333333333333,6.1499999999999995,1.8500000000000005,,,2026-04-26T20:20:00Z,L4,78.06628452365992,Airbus,4681,BLR-BOM-🛧BLR-AMD-BLR,,2026-04-25T20:06:47Z,2026-04-25
2026-04-26,20418:7-78812:5,Yet to Report,2026-04-26T14:50:00Z,20418,78812,2026-04-26T15:35:00Z,2026-04-26T22:35:00Z,4,12,7.75,7.75,9.75,2.25,8,5.666666666666667,6.616666666666667,1.3833333333333329,-1,0.25,2026-04-27T00:35:00Z,L4,90.41155349210418,ATR,1199,HYD-ISK-AMD-NMI-AMD,,2026-04-25T20:06:47Z,2026-04-25
2026-04-26,42538:6-64971:8,Yet to Report,2026-04-26T07:15:00Z,42538,64971,2026-04-26T08:15:00Z,2026-04-26T17:35:00Z,4,12,10.25,10.333333333333334,10.966666666666667,1.0333333333333332,8,7.5,8.016666666666667,-0.016666666666667496,,,2026-04-26T18:13:00Z,L4,71.86997024413492,Airbus,3157,HYD-IXB-HYD-CJB-HYD,,2026-04-25T20:06:47Z,2026-04-25
2026-04-26,-64978:7,Yet to Report,2026-04-26T10:45:00Z,,64978,2026-04-26T11:45:00Z,2026-04-26T21:20:00Z,4,12,10.583333333333334,10.583333333333334,12.716666666666667,-0.7166666666666668,8,7.083333333333333,7.416666666666666,0.5833333333333339,,,2026-04-26T23:28:00Z,L4,78.57463753923491,Airbus,3909,DEL-HYD-🛧DEL-UDR-DEL,,2026-04-25T20:06:47Z,2026-04-25
2026-04-26,40784:9-85106:8,Yet to Report,2026-04-26T07:30:00Z,40784,85106,2026-04-26T08:30:00Z,2026-04-26T19:05:00Z,3,12.5,11.75,11.583333333333334,12.833333333333334,-0.3333333333333339,8,6.333333333333333,6.1499999999999995,1.8500000000000005,,,2026-04-26T20:20:00Z,L4,78.06628452365992,Airbus,4681,BLR-BOM-🛧BLR-AMD-BLR,,2026-04-25T20:18:46Z,2026-04-25
2026-04-26,42538:6-64971:8,Yet to Report,2026-04-26T07:15:00Z,42538,64971,2026-04-26T08:15:00Z,2026-04-26T17:35:00Z,4,12,10.25,10.333333333333334,10.966666666666667,1.0333333333333332,8,7.5,8.016666666666667,-0.016666666666667496,,,2026-04-26T18:13:00Z,L4,71.86997024413492,Airbus,3157,HYD-IXB-HYD-CJB-HYD,,2026-04-25T20:18:46Z,2026-04-25
2026-04-26,20418:7-78812:5,Yet to Report,2026-04-26T14:50:00Z,20418,78812,2026-04-26T15:35:00Z,2026-04-26T22:35:00Z,4,12,7.75,7.75,9.75,2.25,8,5.666666666666667,6.616666666666667,1.3833333333333329,-1,0.25,2026-04-27T00:35:00Z,L4,90.41155349210418,ATR,1199,HYD-ISK-AMD-NMI-AMD,,2026-04-25T20:18:46Z,2026-04-25
2026-04-26,-64978:7,Yet to Report,2026-04-26T10:45:00Z,,64978,2026-04-26T11:45:00Z,2026-04-26T21:20:00Z,4,12,10.583333333333334,10.583333333333334,12.716666666666667,-0.7166666666666668,8,7.083333333333333,7.416666666666666,0.5833333333333339,,,2026-04-26T23:28:00Z,L4,78.57463753923491,Airbus,3909,DEL-HYD-🛧DEL-UDR-DEL,,2026-04-25T20:18:46Z,2026-04-25
2026-04-26,26121:7-95151:5,Reported,2026-04-26T18:40:00Z,26121,95151,2026-04-26T20:45:00Z,2026-04-26T23:10:00Z,3,12.5,1,4.5,8.833333333333332,3.666666666666668,8,3,3,5,-1,1.1666666666666679,2026-04-27T03:30:00Z,L4,90.41155235183939,Airbus,D49,CCU-IXA-CCU-CCU,,2026-04-26T19:48:14Z,2026-04-26
2026-04-26,40784:9-85106:8,Yet to Report,2026-04-26T07:30:00Z,40784,85106,2026-04-26T08:30:00Z,2026-04-26T19:05:00Z,3,12.5,11.75,11.583333333333334,12.833333333333334,-0.3333333333333339,8,6.333333333333333,6.1499999999999995,1.8500000000000005,,,2026-04-26T20:20:00Z,L4,78.06628452365992,Airbus,4681,BLR-BOM-🛧BLR-AMD-BLR,,2026-04-25T20:34:38Z,2026-04-25
2026-04-26,42538:6-64971:8,Yet to Report,2026-04-26T07:15:00Z,42538,64971,2026-04-26T08:15:00Z,2026-04-26T17:35:00Z,4,12,10.25,10.333333333333334,10.966666666666667,1.0333333333333332,8,7.5,8.016666666666667,-0.016666666666667496,,,2026-04-26T18:13:00Z,L4,71.86997024413492,Airbus,3157,HYD-IXB-HYD-CJB-HYD,,2026-04-25T20:34:38Z,2026-04-25
2026-04-26,20418:7-78812:5,Yet to Report,2026-04-26T14:50:00Z,20418,78812,2026-04-26T15:35:00Z,2026-04-26T22:35:00Z,4,12,7.75,7.75,9.75,2.25,8,5.666666666666667,6.616666666666667,1.3833333333333329,-1,0.25,2026-04-27T00:35:00Z,L4,90.41155349210418,ATR,1199,HYD-ISK-AMD-NMI-AMD,,2026-04-25T20:34:38Z,2026-04-25
2026-04-26,-64978:7,Yet to Report,2026-04-26T10:45:00Z,,64978,2026-04-26T11:45:00Z,2026-04-26T21:15:00Z,4,12,10.583333333333334,10.5,12.716666666666667,-0.7166666666666668,8,7.083333333333333,7.416666666666666,0.5833333333333339,,,2026-04-26T23:28:00Z,L4,78.57463753923491,Airbus,3909,DEL-HYD-🛧DEL-UDR-DEL,,2026-04-25T20:34:38Z,2026-04-25
2026-04-26,40784:9-85106:8,Yet to Report,2026-04-26T07:30:00Z,40784,85106,2026-04-26T08:30:00Z,2026-04-26T19:05:00Z,3,12.5,11.75,11.583333333333334,12.833333333333334,-0.3333333333333339,8,6.333333333333333,6.1499999999999995,1.8500000000000005,,,2026-04-26T20:20:00Z,L4,78.06628452365992,Airbus,4681,BLR-BOM-🛧BLR-AMD-BLR,,2026-04-25T20:47:55Z,2026-04-25
2026-04-26,42538:6-64971:8,Yet to Report,2026-04-26T07:15:00Z,42538,64971,2026-04-26T08:15:00Z,2026-04-26T17:35:00Z,4,12,10.25,10.333333333333334,10.966666666666667,1.0333333333333332,8,7.5,8.016666666666667,-0.016666666666667496,,,2026-04-26T18:13:00Z,L4,71.86997024413492,Airbus,3157,HYD-IXB-HYD-CJB-HYD,,2026-04-25T20:47:55Z,2026-04-25
2026-04-26,20418:7-78812:5,Yet to Report,2026-04-26T14:50:00Z,20418,78812,2026-04-26T15:35:00Z,2026-04-26T22:35:00Z,4,12,7.75,7.75,9.75,2.25,8,5.666666666666667,6.616666666666667,1.3833333333333329,-1,0.25,2026-04-27T00:35:00Z,L4,90.41155349210418,ATR,1199,HYD-ISK-AMD-NMI-AMD,,2026-04-25T20:47:55Z,2026-04-25
2026-04-26,-64978:7,Yet to Report,2026-04-26T10:45:00Z,,64978,2026-04-26T11:45:00Z,2026-04-26T21:15:00Z,4,12,10.583333333333334,10.5,12.716666666666667,-0.7166666666666668,8,7.083333333333333,7.416666666666666,0.5833333333333339,,,2026-04-26T23:28:00Z,L4,78.57463753923491,Airbus,3909,DEL-HYD-🛧DEL-UDR-DEL,,2026-04-25T20:47:55Z,2026-04-25
2026-04-26,18993:6-,Yet to Report,2026-04-26T09:45:00Z,18993,,2026-04-26T10:45:00Z,2026-04-26T20:40:00Z,4,12,11,10.916666666666666,12.016666666666666,-0.01666666666666572,8,7.5,7.566666666666666,0.43333333333333357,,,2026-04-26T21:46:00Z,L4,77.61997098933492,Airbus,3256,DEL-BLR-🛧DEL-DED-DEL,,2026-04-25T21:05:24Z,2026-04-25
2026-04-26,40784:9-85106:8,Yet to Report,2026-04-26T07:30:00Z,40784,85106,2026-04-26T08:30:00Z,2026-04-26T19:05:00Z,3,12.5,11.75,11.583333333333334,12.833333333333334,-0.3333333333333339,8,6.333333333333333,6.1499999999999995,1.8500000000000005,,,2026-04-26T20:20:00Z,L4,78.06628452365992,Airbus,4681,BLR-BOM-🛧BLR-AMD-BLR,,2026-04-25T21:05:24Z,2026-04-25
2026-04-26,42538:6-64971:8,Yet to Report,2026-04-26T07:15:00Z,42538,64971,2026-04-26T08:15:00Z,2026-04-26T17:35:00Z,4,12,10.25,10.333333333333334,10.966666666666667,1.0333333333333332,8,7.5,8.016666666666667,-0.016666666666667496,,,2026-04-26T18:13:00Z,L4,71.86997024413492,Airbus,3157,HYD-IXB-HYD-CJB-HYD,,2026-04-25T21:05:24Z,2026-04-25
2026-04-26,20418:7-78812:5,Yet to Report,2026-04-26T14:50:00Z,20418,78812,2026-04-26T15:35:00Z,2026-04-26T22:35:00Z,4,12,7.75,7.75,9.75,2.25,8,5.666666666666667,6.616666666666667,1.3833333333333329,-1,0.25,2026-04-27T00:35:00Z,L4,90.41155349210418,ATR,1199,HYD-ISK-AMD-NMI-AMD,,2026-04-25T21:05:24Z,2026-04-25
2026-04-26,-64978:7,Yet to Report,2026-04-26T10:45:00Z,,64978,2026-04-26T11:45:00Z,2026-04-26T21:15:00Z,4,12,10.583333333333334,10.5,12.716666666666667,-0.7166666666666668,8,7.083333333333333,7.416666666666666,0.5833333333333339,,,2026-04-26T23:28:00Z,L4,78.57463753923491,Airbus,3909,DEL-HYD-🛧DEL-UDR-DEL,,2026-04-25T21:05:24Z,2026-04-25
2026-04-26,18993:6-,Yet to Report,2026-04-26T09:45:00Z,18993,,2026-04-26T10:45:00Z,2026-04-26T20:40:00Z,4,12,11,10.916666666666666,12.016666666666666,-0.01666666666666572,8,7.5,7.683333333333334,0.31666666666666643,,,2026-04-26T21:46:00Z,L4,77.61997114975992,Airbus,3256,DEL-BLR-🛧DEL-DED-DEL,,2026-04-25T21:17:53Z,2026-04-25
2026-04-26,40204:8-85106:8,Yet to Report,2026-04-26T07:30:00Z,40204,85106,2026-04-26T08:30:00Z,2026-04-26T19:05:00Z,3,12.5,11.75,11.583333333333334,12.833333333333334,-0.3333333333333339,8,6.333333333333333,6.333333333333333,1.666666666666667,,,2026-04-26T20:20:00Z,L4,78.06628465475991,Airbus,4681,BLR-BOM-🛧BLR-AMD-BLR,,2026-04-25T21:17:53Z,2026-04-25
2026-04-26,42538:6-64971:8,Yet to Report,2026-04-26T07:15:00Z,42538,64971,2026-04-26T08:15:00Z,2026-04-26T17:35:00Z,4,12,10.25,10.333333333333334,10.966666666666667,1.0333333333333332,8,7.5,8.016666666666667,-0.016666666666667496,,,2026-04-26T18:13:00Z,L4,71.86997024413492,Airbus,3157,HYD-IXB-HYD-CJB-HYD,,2026-04-25T21:17:53Z,2026-04-25
2026-04-26,20418:7-78812:5,Yet to Report,2026-04-26T14:50:00Z,20418,78812,2026-04-26T15:35:00Z,2026-04-26T22:35:00Z,4,12,7.75,7.75,9.75,2.25,8,5.666666666666667,6.616666666666667,1.3833333333333329,-1,0.25,2026-04-27T00:35:00Z,L4,90.41155349210418,ATR,1199,HYD-ISK-AMD-NMI-AMD,,2026-04-25T21:17:53Z,2026-04-25
2026-04-26,-64978:7,Yet to Report,2026-04-26T10:45:00Z,,64978,2026-04-26T11:45:00Z,2026-04-26T21:15:00Z,4,12,10.583333333333334,10.5,12.716666666666667,-0.7166666666666668,8,7.083333333333333,7.416666666666666,0.5833333333333339,,,2026-04-26T23:28:00Z,L4,78.57463753923491,Airbus,3909,DEL-HYD-🛧DEL-UDR-DEL,,2026-04-25T21:17:53Z,2026-04-25
2026-04-26,18993:6-,Yet to Report,2026-04-26T09:45:00Z,18993,,2026-04-26T10:45:00Z,2026-04-26T20:40:00Z,4,12,11,10.916666666666666,12.016666666666666,-0.01666666666666572,8,7.5,7.683333333333334,0.31666666666666643,,,2026-04-26T21:46:00Z,L4,77.61997114975992,Airbus,3256,DEL-BLR-🛧DEL-DED-DEL,,2026-04-25T21:34:29Z,2026-04-25
2026-04-26,40204:8-85106:8,Yet to Report,2026-04-26T07:30:00Z,40204,85106,2026-04-26T08:30:00Z,2026-04-26T19:05:00Z,3,12.5,11.75,11.583333333333334,12.833333333333334,-0.3333333333333339,8,6.333333333333333,6.1499999999999995,1.8500000000000005,,,2026-04-26T20:20:00Z,L4,78.06628452365992,Airbus,4681,BLR-BOM-🛧BLR-AMD-BLR,,2026-04-25T21:34:29Z,2026-04-25
2026-04-26,20418:7-78812:5,Yet to Report,2026-04-26T14:50:00Z,20418,78812,2026-04-26T15:35:00Z,2026-04-26T22:35:00Z,4,12,7.75,7.75,9.75,2.25,8,5.666666666666667,6.616666666666667,1.3833333333333329,-1,0.25,2026-04-27T00:35:00Z,L4,90.41155349210418,ATR,1199,HYD-ISK-AMD-NMI-AMD,,2026-04-25T21:34:29Z,2026-04-25
2026-04-26,42538:6-64971:8,Yet to Report,2026-04-26T07:15:00Z,42538,64971,2026-04-26T08:15:00Z,2026-04-26T17:35:00Z,4,12,10.25,10.333333333333334,10.966666666666667,1.0333333333333332,8,7.5,8.016666666666667,-0.016666666666667496,,,2026-04-26T18:13:00Z,L4,71.86997024413492,Airbus,3157,HYD-IXB-HYD-CJB-HYD,,2026-04-25T21:34:29Z,2026-04-25
2026-04-26,-64978:7,Yet to Report,2026-04-26T10:45:00Z,,64978,2026-04-26T11:45:00Z,2026-04-26T21:15:00Z,4,12,10.583333333333334,10.5,12.716666666666667,-0.7166666666666668,8,7.083333333333333,7.416666666666666,0.5833333333333339,,,2026-04-26T23:28:00Z,L4,78.57463753923491,Airbus,3909,DEL-HYD-🛧DEL-UDR-DEL,,2026-04-25T21:34:29Z,2026-04-25
2026-04-26,-64978:7,Yet to Report,2026-04-26T10:45:00Z,,64978,2026-04-26T11:45:00Z,2026-04-26T21:15:00Z,4,12,10.583333333333334,10.5,12.716666666666667,-0.7166666666666668,8,7.083333333333333,7.416666666666666,0.5833333333333339,,,2026-04-26T23:28:00Z,L4,78.57463753923491,Airbus,3909,DEL-HYD-🛧DEL-UDR-DEL,,2026-04-25T21:48:52Z,2026-04-25
2026-04-26,40204:8-85106:8,Yet to Report,2026-04-26T07:30:00Z,40204,85106,2026-04-26T08:30:00Z,2026-04-26T19:05:00Z,3,12.5,11.75,11.583333333333334,12.833333333333334,-0.3333333333333339,8,6.333333333333333,6.1499999999999995,1.8500000000000005,,,2026-04-26T20:20:00Z,L4,78.06628452365992,Airbus,4681,BLR-BOM-🛧BLR-AMD-BLR,,2026-04-25T21:48:52Z,2026-04-25
2026-04-26,20418:7-78812:5,Yet to Report,2026-04-26T14:50:00Z,20418,78812,2026-04-26T15:35:00Z,2026-04-26T22:45:00Z,4,12,7.75,7.916666666666667,9.75,2.25,8,5.666666666666667,6.616666666666667,1.3833333333333329,-1,0.25,2026-04-27T00:35:00Z,L4,90.41155349210418,ATR,1199,HYD-ISK-AMD-NMI-AMD,,2026-04-25T21:48:52Z,2026-04-25
2026-04-26,42538:6-64971:8,Yet to Report,2026-04-26T07:15:00Z,42538,64971,2026-04-26T08:15:00Z,2026-04-26T17:35:00Z,4,12,10.25,10.333333333333334,10.966666666666667,1.0333333333333332,8,7.5,8.016666666666667,-0.016666666666667496,,,2026-04-26T18:13:00Z,L4,71.86997024413492,Airbus,3157,HYD-IXB-HYD-CJB-HYD,,2026-04-25T21:48:52Z,2026-04-25
2026-04-26,18993:6-,Yet to Report,2026-04-26T09:45:00Z,18993,,2026-04-26T10:45:00Z,2026-04-26T20:40:00Z,4,12,11,10.916666666666666,12.016666666666666,-0.01666666666666572,8,7.5,7.683333333333334,0.31666666666666643,,,2026-04-26T21:46:00Z,L4,77.61997114975992,Airbus,3256,DEL-BLR-🛧DEL-DED-DEL,,2026-04-25T21:48:52Z,2026-04-25
2026-04-26,-64978:7,Yet to Report,2026-04-26T10:45:00Z,,64978,2026-04-26T11:45:00Z,2026-04-26T21:15:00Z,4,12,10.583333333333334,10.5,12.716666666666667,-0.7166666666666668,8,7.083333333333333,7.416666666666666,0.5833333333333339,,,2026-04-26T23:28:00Z,L4,78.57463753923491,Airbus,3909,DEL-HYD-🛧DEL-UDR-DEL,,2026-04-25T22:09:16Z,2026-04-25
2026-04-26,40204:8-85106:8,Yet to Report,2026-04-26T07:30:00Z,40204,85106,2026-04-26T08:30:00Z,2026-04-26T19:05:00Z,3,12.5,11.75,11.583333333333334,12.833333333333334,-0.3333333333333339,8,6.333333333333333,6.1499999999999995,1.8500000000000005,,,2026-04-26T20:20:00Z,L4,78.06628452365992,Airbus,4681,BLR-BOM-🛧BLR-AMD-BLR,,2026-04-25T22:09:16Z,2026-04-25
2026-04-26,20418:7-78812:5,Yet to Report,2026-04-26T14:50:00Z,20418,78812,2026-04-26T15:35:00Z,2026-04-26T22:45:00Z,4,12,7.75,7.916666666666667,9.75,2.25,8,5.666666666666667,6.616666666666667,1.3833333333333329,-1,0.25,2026-04-27T00:35:00Z,L4,90.41155349210418,ATR,1199,HYD-ISK-AMD-NMI-AMD,,2026-04-25T22:09:16Z,2026-04-25
2026-04-26,42538:6-64971:8,Yet to Report,2026-04-26T07:15:00Z,42538,64971,2026-04-26T08:15:00Z,2026-04-26T17:35:00Z,4,12,10.25,10.333333333333334,10.966666666666667,1.0333333333333332,8,7.5,8.016666666666667,-0.016666666666667496,,,2026-04-26T18:13:00Z,L4,71.86997024413492,Airbus,3157,HYD-IXB-HYD-CJB-HYD,,2026-04-25T22:09:16Z,2026-04-25
2026-04-26,18993:6-,Yet to Report,2026-04-26T09:45:00Z,18993,,2026-04-26T10:45:00Z,2026-04-26T20:40:00Z,4,12,11,10.916666666666666,12.016666666666666,-0.01666666666666572,8,7.5,7.683333333333334,0.31666666666666643,,,2026-04-26T21:46:00Z,L4,77.61997114975992,Airbus,3256,DEL-BLR-🛧DEL-DED-DEL,,2026-04-25T22:09:16Z,2026-04-25
2026-04-26,-64978:7,Yet to Report,2026-04-26T10:45:00Z,,64978,2026-04-26T11:45:00Z,2026-04-26T21:15:00Z,4,12,10.583333333333334,10.5,12.716666666666667,-0.7166666666666668,8,7.083333333333333,7.416666666666666,0.5833333333333339,,,2026-04-26T23:28:00Z,L4,78.57463753923491,Airbus,3909,DEL-HYD-🛧DEL-UDR-DEL,,2026-04-25T22:19:42Z,2026-04-25
2026-04-26,40204:8-85106:8,Yet to Report,2026-04-26T07:30:00Z,40204,85106,2026-04-26T08:30:00Z,2026-04-26T19:05:00Z,3,12.5,11.75,11.583333333333334,12.833333333333334,-0.3333333333333339,8,6.333333333333333,6.1499999999999995,1.8500000000000005,,,2026-04-26T20:20:00Z,L4,78.06628452365992,Airbus,4681,BLR-BOM-🛧BLR-AMD-BLR,,2026-04-25T22:19:42Z,2026-04-25
2026-04-26,20418:7-78812:5,Yet to Report,2026-04-26T14:50:00Z,20418,78812,2026-04-26T15:35:00Z,2026-04-26T22:45:00Z,4,12,7.75,7.916666666666667,9.75,2.25,8,5.666666666666667,6.616666666666667,1.3833333333333329,-1,0.25,2026-04-27T00:35:00Z,L4,90.41155349210418,ATR,1199,HYD-ISK-AMD-NMI-AMD,,2026-04-25T22:19:42Z,2026-04-25
2026-04-26,42538:6-64971:8,Yet to Report,2026-04-26T07:15:00Z,42538,64971,2026-04-26T08:15:00Z,2026-04-26T17:35:00Z,4,12,10.25,10.333333333333334,10.966666666666667,1.0333333333333332,8,7.5,8.016666666666667,-0.016666666666667496,,,2026-04-26T18:13:00Z,L4,71.86997024413492,Airbus,3157,HYD-IXB-HYD-CJB-HYD,,2026-04-25T22:19:42Z,2026-04-25
2026-04-26,18993:6-,Yet to Report,2026-04-26T09:45:00Z,18993,,2026-04-26T10:45:00Z,2026-04-26T20:40:00Z,4,12,11,10.916666666666666,12.016666666666666,-0.01666666666666572,8,7.5,7.683333333333334,0.31666666666666643,,,2026-04-26T21:46:00Z,L4,77.61997114975992,Airbus,3256,DEL-BLR-🛧DEL-DED-DEL,,2026-04-25T22:19:42Z,2026-04-25
2026-04-26,25807:6-88526:4,Reported,2026-04-26T18:40:00Z,25807,88526,2026-04-26T19:40:00Z,2026-04-27T00:05:00Z,3,10,5.416666666666667,5.416666666666667,8.25,1.75,8,6.416666666666667,7,1,-1,1.75,2026-04-27T02:55:00Z,L4,90.41155184303469,Airbus,4021,MAA-TRV-BOM-CMB,,2026-04-26T22:17:57Z,2026-04-26
2026-04-26,18993:6-,Yet to Report,2026-04-26T09:45:00Z,18993,,2026-04-26T10:45:00Z,2026-04-26T20:40:00Z,4,12,11,10.916666666666666,12.016666666666666,-0.01666666666666572,8,7.5,7.683333333333334,0.31666666666666643,,,2026-04-26T21:46:00Z,L4,77.61997114975992,Airbus,3256,DEL-BLR-🛧DEL-DED-DEL,,2026-04-25T22:33:21Z,2026-04-25
2026-04-26,40204:8-85106:8,Yet to Report,2026-04-26T07:30:00Z,40204,85106,2026-04-26T08:30:00Z,2026-04-26T19:05:00Z,3,12.5,11.75,11.583333333333334,12.833333333333334,-0.3333333333333339,8,6.333333333333333,6.1499999999999995,1.8500000000000005,,,2026-04-26T20:20:00Z,L4,78.06628452365992,Airbus,4681,BLR-BOM-🛧BLR-AMD-BLR,,2026-04-25T22:33:21Z,2026-04-25
2026-04-26,42538:6-64971:8,Yet to Report,2026-04-26T07:15:00Z,42538,64971,2026-04-26T08:15:00Z,2026-04-26T17:35:00Z,4,12,10.25,10.333333333333334,10.966666666666667,1.0333333333333332,8,7.5,8.016666666666667,-0.016666666666667496,,,2026-04-26T18:13:00Z,L4,71.86997024413492,Airbus,3157,HYD-IXB-HYD-CJB-HYD,,2026-04-25T22:33:21Z,2026-04-25
2026-04-26,20418:7-78812:5,Yet to Report,2026-04-26T14:50:00Z,20418,78812,2026-04-26T15:35:00Z,2026-04-26T22:45:00Z,4,12,7.75,7.916666666666667,9.75,2.25,8,5.666666666666667,6.616666666666667,1.3833333333333329,-1,0.25,2026-04-27T00:35:00Z,L4,90.41155349210418,ATR,1199,HYD-ISK-AMD-NMI-AMD,,2026-04-25T22:33:21Z,2026-04-25
2026-04-26,-64978:7,Yet to Report,2026-04-26T10:45:00Z,,64978,2026-04-26T11:45:00Z,2026-04-26T21:15:00Z,4,12,10.583333333333334,10.5,12.716666666666667,-0.7166666666666668,8,7.083333333333333,7.416666666666666,0.5833333333333339,,,2026-04-26T23:28:00Z,L4,78.57463753923491,Airbus,3909,DEL-HYD-🛧DEL-UDR-DEL,,2026-04-25T22:33:21Z,2026-04-25
2026-04-26,25807:6-88526:4,Reported,2026-04-26T18:40:00Z,25807,88526,2026-04-26T19:40:00Z,2026-04-27T00:05:00Z,3,10,5.416666666666667,5.416666666666667,8.25,1.75,8,6.416666666666667,5.75,2.25,-1,1.75,2026-04-27T02:55:00Z,L4,90.41155184303459,Airbus,4021,MAA-TRV-BOM-CMB,,2026-04-26T22:33:22Z,2026-04-26
2026-04-26,18993:6-,Yet to Report,2026-04-26T09:45:00Z,18993,,2026-04-26T10:45:00Z,2026-04-26T20:40:00Z,4,12,11,10.916666666666666,12.016666666666666,-0.01666666666666572,8,7.5,7.683333333333334,0.31666666666666643,,,2026-04-26T21:46:00Z,L4,77.61997114975992,Airbus,3256,DEL-BLR-🛧DEL-DED-DEL,,2026-04-25T22:48:15Z,2026-04-25
2026-04-26,42538:6-64971:8,Yet to Report,2026-04-26T07:15:00Z,42538,64971,2026-04-26T08:15:00Z,2026-04-26T17:35:00Z,4,12,10.25,10.333333333333334,10.966666666666667,1.0333333333333332,8,7.5,8.016666666666667,-0.016666666666667496,,,2026-04-26T18:13:00Z,L4,71.86997024413492,Airbus,3157,HYD-IXB-HYD-CJB-HYD,,2026-04-25T22:48:15Z,2026-04-25
2026-04-26,20418:7-78812:5,Yet to Report,2026-04-26T14:50:00Z,20418,78812,2026-04-26T15:35:00Z,2026-04-26T22:45:00Z,4,12,7.75,7.916666666666667,9.75,2.25,8,5.666666666666667,6.616666666666667,1.3833333333333329,-1,0.25,2026-04-27T00:35:00Z,L4,90.41155349210418,ATR,1199,HYD-ISK-AMD-NMI-AMD,,2026-04-25T22:48:15Z,2026-04-25
2026-04-26,40204:8-85106:8,Yet to Report,2026-04-26T07:30:00Z,40204,85106,2026-04-26T08:30:00Z,2026-04-26T19:05:00Z,3,12.5,11.75,11.583333333333334,12.833333333333334,-0.3333333333333339,8,6.333333333333333,6.1499999999999995,1.8500000000000005,,,2026-04-26T20:20:00Z,L4,78.06628452365992,Airbus,4681,BLR-BOM-🛧BLR-AMD-BLR,,2026-04-25T22:48:15Z,2026-04-25
2026-04-26,-64978:7,Yet to Report,2026-04-26T10:45:00Z,,64978,2026-04-26T11:45:00Z,2026-04-26T21:15:00Z,4,12,10.583333333333334,10.5,12.716666666666667,-0.7166666666666668,8,7.083333333333333,7.416666666666666,0.5833333333333339,,,2026-04-26T23:28:00Z,L4,78.57463753923491,Airbus,3909,DEL-HYD-🛧DEL-UDR-DEL,,2026-04-25T22:48:15Z,2026-04-25
2026-04-26,25807:6-88526:4,Reported,2026-04-26T18:40:00Z,25807,88526,2026-04-26T19:40:00Z,2026-04-27T00:05:00Z,3,10,5.416666666666667,5.416666666666667,8.25,1.75,8,6.416666666666667,6.183333333333334,1.8166666666666664,-1,1.75,2026-04-27T02:55:00Z,L4,90.41155184303462,Airbus,4021,MAA-TRV-BOM-CMB,,2026-04-26T22:48:20Z,2026-04-26
2026-04-26,18993:6-,Yet to Report,2026-04-26T09:45:00Z,18993,,2026-04-26T10:45:00Z,2026-04-26T20:40:00Z,4,12,11,10.916666666666666,12.016666666666666,-0.01666666666666572,8,7.5,7.683333333333334,0.31666666666666643,,,2026-04-26T21:46:00Z,L4,77.61997114975992,Airbus,3256,DEL-BLR-🛧DEL-DED-DEL,,2026-04-25T23:03:47Z,2026-04-25
2026-04-26,40204:8-85106:8,Yet to Report,2026-04-26T07:30:00Z,40204,85106,2026-04-26T08:30:00Z,2026-04-26T19:05:00Z,3,12.5,11.75,11.583333333333334,12.833333333333334,-0.3333333333333339,8,6.333333333333333,6.1499999999999995,1.8500000000000005,,,2026-04-26T20:20:00Z,L4,78.06628452365992,Airbus,4681,BLR-BOM-🛧BLR-AMD-BLR,,2026-04-25T23:03:47Z,2026-04-25
2026-04-26,42538:6-64971:8,Yet to Report,2026-04-26T07:15:00Z,42538,64971,2026-04-26T08:15:00Z,2026-04-26T17:35:00Z,4,12,10.25,10.333333333333334,10.966666666666667,1.0333333333333332,8,7.5,8.016666666666667,-0.016666666666667496,,,2026-04-26T18:13:00Z,L4,71.86997024413492,Airbus,3157,HYD-IXB-HYD-CJB-HYD,,2026-04-25T23:03:47Z,2026-04-25
2026-04-26,20418:7-78812:5,Yet to Report,2026-04-26T14:50:00Z,20418,78812,2026-04-26T15:35:00Z,2026-04-26T22:45:00Z,4,12,7.75,7.916666666666667,9.75,2.25,8,5.666666666666667,6.616666666666667,1.3833333333333329,-1,0.25,2026-04-27T00:35:00Z,L4,90.41155349210418,ATR,1199,HYD-ISK-AMD-NMI-AMD,,2026-04-25T23:03:47Z,2026-04-25
2026-04-26,-64978:7,Yet to Report,2026-04-26T10:45:00Z,,64978,2026-04-26T11:45:00Z,2026-04-26T21:15:00Z,4,12,10.583333333333334,10.5,12.716666666666667,-0.7166666666666668,8,7.083333333333333,7.416666666666666,0.5833333333333339,,,2026-04-26T23:28:00Z,L4,78.57463753923491,Airbus,3909,DEL-HYD-🛧DEL-UDR-DEL,,2026-04-25T23:03:47Z,2026-04-25
2026-04-26,25807:6-88526:4,Reported,2026-04-26T18:40:00Z,25807,88526,2026-04-26T19:40:00Z,2026-04-27T00:05:00Z,3,10,5.416666666666667,5.416666666666667,8.25,1.75,8,6.416666666666667,6.183333333333334,1.8166666666666664,-1,1.75,2026-04-27T02:55:00Z,L4,90.41155184303462,Airbus,4021,MAA-TRV-BOM-CMB,,2026-04-26T23:05:01Z,2026-04-26
2026-04-26,18993:6-,Yet to Report,2026-04-26T09:45:00Z,18993,,2026-04-26T10:45:00Z,2026-04-26T20:40:00Z,4,12,11,10.916666666666666,12.016666666666666,-0.01666666666666572,8,7.5,7.683333333333334,0.31666666666666643,,,2026-04-26T21:46:00Z,L4,77.61997114975992,Airbus,3256,DEL-BLR-🛧DEL-DED-DEL,,2026-04-25T23:18:27Z,2026-04-25
2026-04-26,40204:8-85106:8,Yet to Report,2026-04-26T07:30:00Z,40204,85106,2026-04-26T08:30:00Z,2026-04-26T19:05:00Z,3,12.5,11.75,11.583333333333334,12.833333333333334,-0.3333333333333339,8,6.333333333333333,6.1499999999999995,1.8500000000000005,,,2026-04-26T20:20:00Z,L4,78.06628452365992,Airbus,4681,BLR-BOM-🛧BLR-AMD-BLR,,2026-04-25T23:18:27Z,2026-04-25
2026-04-26,20418:7-78812:5,Yet to Report,2026-04-26T14:50:00Z,20418,78812,2026-04-26T15:35:00Z,2026-04-26T22:45:00Z,4,12,7.75,7.916666666666667,9.75,2.25,8,5.666666666666667,6.616666666666667,1.3833333333333329,-1,0.25,2026-04-27T00:35:00Z,L4,90.41155349210418,ATR,1199,HYD-ISK-AMD-NMI-AMD,,2026-04-25T23:18:27Z,2026-04-25
2026-04-26,42538:6-64971:8,Yet to Report,2026-04-26T07:15:00Z,42538,64971,2026-04-26T08:15:00Z,2026-04-26T17:35:00Z,4,12,10.25,10.333333333333334,10.966666666666667,1.0333333333333332,8,7.5,8.016666666666667,-0.016666666666667496,,,2026-04-26T18:13:00Z,L4,71.86997024413492,Airbus,3157,HYD-IXB-HYD-CJB-HYD,,2026-04-25T23:18:27Z,2026-04-25
2026-04-26,-64978:7,Yet to Report,2026-04-26T10:45:00Z,,64978,2026-04-26T11:45:00Z,2026-04-26T21:15:00Z,4,12,10.583333333333334,10.5,12.716666666666667,-0.7166666666666668,8,7.083333333333333,7.416666666666666,0.5833333333333339,,,2026-04-26T23:28:00Z,L4,78.57463753923491,Airbus,3909,DEL-HYD-🛧DEL-UDR-DEL,,2026-04-25T23:18:27Z,2026-04-25
2026-04-26,25807:6-88526:4,Reported,2026-04-26T18:40:00Z,25807,88526,2026-04-26T19:40:00Z,2026-04-27T00:05:00Z,3,10,5.416666666666667,5.416666666666667,8.25,1.75,8,6.416666666666667,6.383333333333334,1.6166666666666663,-1,1.75,2026-04-27T02:55:00Z,L4,90.41155184303462,Airbus,4021,MAA-TRV-BOM-CMB,,2026-04-26T23:18:14Z,2026-04-26
2026-04-26,18993:6-,Yet to Report,2026-04-26T09:45:00Z,18993,,2026-04-26T10:45:00Z,2026-04-26T20:40:00Z,4,12,11,10.916666666666666,12.016666666666666,-0.01666666666666572,8,7.5,7.683333333333334,0.31666666666666643,,,2026-04-26T21:46:00Z,L4,77.61997114975992,Airbus,3256,DEL-BLR-🛧DEL-DED-DEL,,2026-04-25T23:33:58Z,2026-04-25
2026-04-26,20418:7-78812:5,Yet to Report,2026-04-26T14:50:00Z,20418,78812,2026-04-26T15:35:00Z,2026-04-26T22:45:00Z,4,12,7.75,7.916666666666667,9.75,2.25,8,5.666666666666667,6.616666666666667,1.3833333333333329,-1,0.25,2026-04-27T00:35:00Z,L4,90.41155349210418,ATR,1199,HYD-ISK-AMD-NMI-AMD,,2026-04-25T23:33:58Z,2026-04-25
2026-04-26,40204:8-85106:8,Yet to Report,2026-04-26T07:30:00Z,40204,85106,2026-04-26T08:30:00Z,2026-04-26T19:05:00Z,3,12.5,11.75,11.583333333333334,12.833333333333334,-0.3333333333333339,8,6.333333333333333,6.1499999999999995,1.8500000000000005,,,2026-04-26T20:20:00Z,L4,78.06628452365992,Airbus,4681,BLR-BOM-🛧BLR-AMD-BLR,,2026-04-25T23:33:58Z,2026-04-25
2026-04-26,42538:6-64971:8,Yet to Report,2026-04-26T07:15:00Z,42538,64971,2026-04-26T08:15:00Z,2026-04-26T17:35:00Z,4,12,10.25,10.333333333333334,10.966666666666667,1.0333333333333332,8,7.5,8.016666666666667,-0.016666666666667496,,,2026-04-26T18:13:00Z,L4,71.86997024413492,Airbus,3157,HYD-IXB-HYD-CJB-HYD,,2026-04-25T23:33:58Z,2026-04-25
2026-04-26,-64978:7,Yet to Report,2026-04-26T10:45:00Z,,64978,2026-04-26T11:45:00Z,2026-04-26T21:15:00Z,4,12,10.583333333333334,10.5,12.716666666666667,-0.7166666666666668,8,7.083333333333333,7.416666666666666,0.5833333333333339,,,2026-04-26T23:28:00Z,L4,78.57463753923491,Airbus,3909,DEL-HYD-🛧DEL-UDR-DEL,,2026-04-25T23:33:58Z,2026-04-25
2026-04-26,25807:6-88526:4,Reported,2026-04-26T18:40:00Z,25807,88526,2026-04-26T19:40:00Z,2026-04-27T00:08:00Z,3,10,5.416666666666667,5.466666666666667,10,0,8,6.416666666666667,6.383333333333334,1.6166666666666663,-1,0,2026-04-27T04:40:00Z,L4,90.41155384653472,Airbus,4021,MAA-TRV-BOM-CMB,,2026-04-26T23:34:03Z,2026-04-26
2026-04-26,18993:6-,Yet to Report,2026-04-26T09:45:00Z,18993,,2026-04-26T10:45:00Z,2026-04-26T20:40:00Z,4,12,11,10.916666666666666,12.016666666666666,-0.01666666666666572,8,7.5,7.683333333333334,0.31666666666666643,,,2026-04-26T21:46:00Z,L4,77.61997114975992,Airbus,3256,DEL-BLR-🛧DEL-DED-DEL,,2026-04-26T00:04:37Z,2026-04-26
2026-04-26,20418:7-78812:5,Yet to Report,2026-04-26T14:50:00Z,20418,78812,2026-04-26T15:35:00Z,2026-04-26T22:45:00Z,4,12,7.75,7.916666666666667,9.9,2.0999999999999996,8,5.666666666666667,6.616666666666667,1.3833333333333329,-1,0.09999999999999964,2026-04-27T00:44:00Z,L4,90.41155370428721,ATR,1199,HYD-ISK-AMD-NMI-AMD,,2026-04-26T00:04:37Z,2026-04-26
2026-04-26,40204:8-85106:8,Yet to Report,2026-04-26T07:30:00Z,40204,85106,2026-04-26T08:30:00Z,2026-04-26T19:05:00Z,3,12.5,11.75,11.583333333333334,12.833333333333334,-0.3333333333333339,8,6.333333333333333,6.1499999999999995,1.8500000000000005,,,2026-04-26T20:20:00Z,L4,78.06628452365992,Airbus,4681,BLR-BOM-🛧BLR-AMD-BLR,,2026-04-26T00:04:37Z,2026-04-26
2026-04-26,42538:6-64971:8,Yet to Report,2026-04-26T07:15:00Z,42538,64971,2026-04-26T08:15:00Z,2026-04-26T17:35:00Z,4,12,10.25,10.333333333333334,10.966666666666667,1.0333333333333332,8,7.5,8.016666666666667,-0.016666666666667496,,,2026-04-26T18:13:00Z,L4,71.86997024413492,Airbus,3157,HYD-IXB-HYD-CJB-HYD,,2026-04-26T00:04:37Z,2026-04-26
2026-04-26,-64978:7,Yet to Report,2026-04-26T10:45:00Z,,64978,2026-04-26T11:45:00Z,2026-04-26T21:15:00Z,4,12,10.583333333333334,10.5,12.716666666666667,-0.7166666666666668,8,7.083333333333333,7.416666666666666,0.5833333333333339,,,2026-04-26T23:28:00Z,L4,78.57463753923491,Airbus,3909,DEL-HYD-🛧DEL-UDR-DEL,,2026-04-26T00:04:37Z,2026-04-26
2026-04-26,25807:6-88526:4,Reported,2026-04-26T18:40:00Z,25807,88526,2026-04-26T19:40:00Z,2026-04-27T00:14:00Z,3,10,5.416666666666667,5.566666666666666,10.100000000000001,-0.10000000000000142,8,6.416666666666667,6.383333333333334,1.6166666666666663,-1,-0.10000000000000142,2026-04-27T04:46:00Z,L4,90.4115539885741,Airbus,4021,MAA-TRV-BOM-CMB,,2026-04-26T23:47:55Z,2026-04-26
2026-04-26,25807:6-88526:4,Reported,2026-04-26T18:40:00Z,25807,88526,2026-04-26T19:40:00Z,2026-04-27T00:14:00Z,3,10,5.416666666666667,5.566666666666666,10.100000000000001,-0.10000000000000142,8,6.416666666666667,6.483333333333333,1.5166666666666666,-1,-0.10000000000000142,2026-04-27T04:46:00Z,L4,90.41155398857411,Airbus,4021,MAA-TRV-BOM-CMB,,2026-04-27T00:04:42Z,2026-04-27
